event_id,layer,x,y,z,t
0.0,0.0,-3.3886,-19.7165,94.1264,15.5386
0.0,0.0,-3.72746,-21.68815,94.1264,17.092460000000003
0.0,1.0,-8.936,-39.0059,188.3348,16.2386
0.0,1.0,-9.829600000000001,-42.90649,188.3348,17.862460000000002
0.0,2.0,-16.6781,-57.6438,282.4891,16.9095
0.0,2.0,-18.345910000000003,-63.40818,282.4891,18.600450000000002
0.0,3.0,-26.5138,-75.4924,376.6692,17.5845
0.0,3.0,-29.165180000000003,-83.04164000000002,376.6692,19.34295
0.0,4.0,-38.3707,-92.3382,470.8224,18.4459
0.0,4.0,-42.207770000000004,-101.57202000000001,470.8224,20.290490000000002
1.0,0.0,-19.9502,1.4049,-14.6367,8.9036
1.0,0.0,-21.94522,1.5453900000000003,-14.6367,9.793960000000002
1.0,1.0,-39.4716,6.5048,-29.2747,9.2954
1.0,1.0,-43.418760000000006,7.155280000000001,-29.2747,10.224940000000002
1.0,2.0,-58.0357,15.2315,-43.9182,10.0452
1.0,2.0,-63.839270000000006,16.75465,-43.9182,11.04972
1.0,3.0,-75.1669,27.4062,-58.5617,10.719
1.0,3.0,-82.68359000000001,30.14682,-58.5617,11.7909
1.0,4.0,-90.3763,42.7762,-73.2029,11.4631
1.0,4.0,-99.41393000000001,47.05382000000001,-73.2029,12.609410000000002
2.0,0.0,13.2476,-15.0617,-46.0949,4.4824
2.0,0.0,14.572360000000002,-16.567870000000003,-46.0949,4.93064
2.0,1.0,25.7497,-30.6072,-92.2029,5.0168
2.0,1.0,28.324670000000005,-33.66792,-92.2029,5.51848
2.0,2.0,37.473,-46.8592,-138.3419,5.9569
2.0,2.0,41.2203,-51.545120000000004,-138.3419,6.55259
2.0,3.0,48.4679,-63.5849,-184.3813,6.4696
2.0,3.0,53.314690000000006,-69.94339000000001,-184.3813,7.116560000000001
2.0,4.0,58.7415,-80.9348,-230.5076,7.3023
2.0,4.0,64.61565,-89.02828000000001,-230.5076,8.032530000000001
3.0,0.0,10.62,-16.9673,103.1063,12.608
3.0,0.0,11.682,-18.664030000000004,103.1063,13.868800000000002
3.0,1.0,29.0483,-27.469,206.1943,13.2119
3.0,1.0,31.953130000000005,-30.215900000000005,206.1943,14.533090000000001
3.0,2.0,52.5718,-28.9911,309.2941,13.8215
3.0,2.0,57.82898000000001,-31.890210000000003,309.2941,15.203650000000001
3.0,3.0,77.5246,-19.7749,412.4209,14.7294
3.0,3.0,85.27706000000002,-21.752390000000002,412.4209,16.202340000000003
3.0,4.0,99.9749,0.4241,515.5203,15.2467
3.0,4.0,109.97239000000002,0.46651000000000004,515.5203,16.77137
4.0,0.0,19.8019,-2.6442,-38.5437,3.2824
4.0,0.0,21.78209,-2.9086200000000004,-38.5437,3.61064
4.0,1.0,39.2756,-7.5482,-77.115,3.8748
4.0,1.0,43.20316,-8.30302,-77.115,4.2622800000000005
4.0,2.0,58.1673,-14.7364,-115.6234,4.6264
4.0,2.0,63.984030000000004,-16.21004,-115.6234,5.089040000000001
4.0,3.0,76.2733,-24.0726,-154.2182,5.1761
4.0,3.0,83.90063,-26.479860000000002,-154.2182,5.69371
4.0,4.0,93.4914,-35.485,-192.7032,5.887
4.0,4.0,102.84054,-39.033500000000004,-192.7032,6.4757
5.0,0.0,-1.4751,-19.9722,-18.5708,15.7429
5.0,0.0,-1.62261,-21.969420000000003,-18.5708,17.317190000000004
5.0,1.0,-1.5091,-39.9677,-37.1418,16.3459
5.0,1.0,-1.6600100000000002,-43.964470000000006,-37.1418,17.980490000000003
5.0,2.0,-0.1233,-59.9931,-55.6842,17.2038
5.0,2.0,-0.13563000000000003,-65.99241,-55.6842,18.924180000000003
5.0,3.0,2.7075,-79.9578,-74.2554,17.8001
5.0,3.0,2.97825,-87.95358000000002,-74.2554,19.58011
5.0,4.0,6.9324,-99.7784,-92.8285,18.5088
5.0,4.0,7.625640000000001,-109.75624000000002,-92.8285,20.35968
6.0,0.0,5.5314,19.1999,7.2413,22.1061
6.0,0.0,6.0845400000000005,21.11989,7.2413,24.316710000000004
6.0,1.0,6.3684,39.5355,14.499,22.6336
6.0,1.0,7.005240000000001,43.48905,14.499,24.896960000000004
6.0,2.0,2.1113,59.9774,21.7215,23.5194
6.0,2.0,2.32243,65.97514000000001,21.7215,25.871340000000004
6.0,3.0,-7.0217,79.7322,28.978,24.076
6.0,3.0,-7.723870000000001,87.70542000000002,28.978,26.483600000000003
6.0,4.0,-21.0449,97.7879,36.1822,24.6366
6.0,4.0,-23.14939,107.56669000000001,36.1822,27.100260000000002
7.0,0.0,17.5228,9.6491,4.1746,21.4591
7.0,0.0,19.275080000000003,10.614010000000002,4.1746,23.60501
7.0,1.0,35.7116,17.9528,8.3655,21.9829
7.0,1.0,39.28276,19.74808,8.3655,24.181190000000004
7.0,2.0,54.5751,24.8973,12.5018,22.8515
7.0,2.0,60.032610000000005,27.387030000000003,12.5018,25.136650000000003
7.0,3.0,73.9747,30.4481,16.669,23.5468
7.0,3.0,81.37217000000001,33.49291,16.669,25.901480000000003
7.0,4.0,93.8568,34.5304,20.8476,24.1624
7.0,4.0,103.24248000000001,37.98344,20.8476,26.578640000000004
8.0,0.0,-6.8155,18.8454,-50.8258,21.4461
8.0,0.0,-7.497050000000001,20.729940000000003,-50.8258,23.590710000000005
8.0,1.0,-12.3437,38.0304,-101.6323,22.0235
8.0,1.0,-13.578070000000002,41.83344,-101.6323,24.22585
8.0,2.0,-16.6866,57.6489,-152.4292,22.9338
8.0,2.0,-18.35526,63.413790000000006,-152.4292,25.227180000000004
8.0,3.0,-19.7821,77.5413,-203.2484,23.6456
8.0,3.0,-21.76031,85.29543000000001,-203.2484,26.010160000000003
8.0,4.0,-21.5585,97.639,-254.021,24.2173
8.0,4.0,-23.71435,107.4029,-254.021,26.639030000000005
9.0,0.0,18.8557,6.6757,-93.0012,4.1486
9.0,0.0,20.74127,7.34327,-93.0012,4.56346
9.0,1.0,37.3293,14.4924,-186.0722,4.9425
9.0,1.0,41.06223000000001,15.941640000000001,-186.0722,5.43675
9.0,2.0,55.2394,23.3708,-279.0949,5.4493
9.0,2.0,60.76334000000001,25.70788,-279.0949,5.994230000000001
9.0,3.0,72.7032,33.4323,-372.1331,6.2677
9.0,3.0,79.97352000000001,36.77553,-372.1331,6.89447
9.0,4.0,89.5332,44.5524,-465.1732,6.8427
9.0,4.0,98.48652,49.00764,-465.1732,7.52697
10.0,0.0,19.7561,-3.1843,46.994,5.8554
10.0,0.0,21.731710000000003,-3.50273,46.994,6.440940000000001
10.0,1.0,39.281,-7.4734,93.9031,6.5047
10.0,1.0,43.2091,-8.220740000000001,93.9031,7.15517
10.0,2.0,58.5826,-12.8829,140.8591,7.1505
10.0,2.0,64.44086,-14.171190000000001,140.8591,7.865550000000001
10.0,3.0,77.6111,-19.351,187.7928,7.7141
10.0,3.0,85.37221,-21.2861,187.7928,8.485510000000001
10.0,4.0,96.3267,-26.8931,234.7379,8.3137
10.0,4.0,105.95937,-29.582410000000003,234.7379,9.145070000000002
11.0,0.0,-12.7349,15.4458,10.0042,13.7286
11.0,0.0,-14.00839,16.990380000000002,10.0042,15.101460000000001
11.0,1.0,-24.1121,31.8972,20.0371,14.2949
11.0,1.0,-26.523310000000006,35.086920000000006,20.0371,15.724390000000001
11.0,2.0,-34.1428,49.3174,30.0195,15.1854
11.0,2.0,-37.557080000000006,54.249140000000004,30.0195,16.70394
11.0,3.0,-42.8619,67.5375,40.1105,15.7046
11.0,3.0,-47.14809,74.29125,40.1105,17.27506
11.0,4.0,-50.0457,86.5827,50.0804,16.2795
11.0,4.0,-55.05027,95.24097,50.0804,17.90745
12.0,0.0,6.8751,-18.8102,-48.4258,7.1519
12.0,0.0,7.56261,-20.69122,-48.4258,7.867090000000001
12.0,1.0,12.1468,-38.1103,-96.8894,7.7215
12.0,1.0,13.361480000000002,-41.921330000000005,-96.8894,8.49365
12.0,2.0,15.7471,-57.9124,-145.3189,8.5645
12.0,2.0,17.32181,-63.70364,-145.3189,9.420950000000001
12.0,3.0,17.6079,-78.0331,-193.775,9.2159
12.0,3.0,19.36869,-85.83641000000001,-193.775,10.13749
12.0,4.0,17.7976,-98.3947,-242.2094,9.9136
12.0,4.0,19.577360000000002,-108.23417,-242.2094,10.90496
13.0,0.0,4.8259,19.3688,-108.7977,15.8646
13.0,0.0,5.30849,21.305680000000002,-108.7977,17.451060000000002
13.0,1.0,12.7692,37.9415,-217.6368,16.648
13.0,1.0,14.04612,41.73565,-217.6368,18.312800000000003
13.0,2.0,23.4574,55.2372,-326.4517,17.5512
13.0,2.0,25.803140000000003,60.760920000000006,-326.4517,19.306320000000003
13.0,3.0,36.8785,70.9641,-435.3108,17.8762
13.0,3.0,40.56635000000001,78.06051000000001,-435.3108,19.66382
13.0,4.0,52.8424,84.8958,-544.1009,18.6569
13.0,4.0,58.12664,93.38538,-544.1009,20.52259
14.0,0.0,5.6781,-19.1452,-94.7628,4.77
14.0,0.0,6.24591,-21.059720000000002,-94.7628,5.247
14.0,1.0,16.2162,-36.5472,-189.6299,5.5695
14.0,1.0,17.83782,-40.20192,-189.6299,6.12645
14.0,2.0,31.1787,-51.2976,-284.4496,6.1159
14.0,2.0,34.29657,-56.42736000000001,-284.4496,6.72749
14.0,3.0,50.0396,-62.4557,-379.2421,6.8375
14.0,3.0,55.04356000000001,-68.70127000000001,-379.2421,7.521250000000001
14.0,4.0,72.0014,-69.3553,-474.0702,7.5397
14.0,4.0,79.20154000000001,-76.29083,-474.0702,8.29367
15.0,0.0,0.3182,20.0174,9.0424,17.7858
15.0,0.0,0.35002,22.01914,9.0424,19.56438
15.0,1.0,1.6446,39.9673,18.123,18.3734
15.0,1.0,1.8090600000000001,43.96403000000001,18.123,20.21074
15.0,2.0,4.1632,59.907,27.1367,18.9624
15.0,2.0,4.5795200000000005,65.8977,27.1367,20.85864
15.0,3.0,7.7189,79.6181,36.2111,19.7395
15.0,3.0,8.49079,87.57991,36.2111,21.71345
15.0,4.0,12.3934,99.2356,45.2688,20.3062
15.0,4.0,13.63274,109.15916000000001,45.2688,22.336820000000003
16.0,0.0,19.9837,0.7483,-10.5698,20.3192
16.0,0.0,21.98207,0.82313,-10.5698,22.35112
16.0,1.0,39.9646,-1.7002,-21.2301,20.9507
16.0,1.0,43.96106,-1.87022,-21.2301,23.045770000000005
16.0,2.0,59.5485,-7.421,-31.7641,21.7769
16.0,2.0,65.50335,-8.163100000000002,-31.7641,23.954590000000003
16.0,3.0,78.3008,-16.3323,-42.3673,22.4425
16.0,3.0,86.13088,-17.96553,-42.3673,24.68675
16.0,4.0,95.9064,-28.3386,-52.9595,23.1052
16.0,4.0,105.49704000000001,-31.17246,-52.9595,25.41572
17.0,0.0,19.8031,3.0194,-23.2989,2.7138
17.0,0.0,21.783410000000003,3.32134,-23.2989,2.98518
17.0,1.0,39.2763,7.4439,-46.6353,3.5901
17.0,1.0,43.20393,8.18829,-46.6353,3.9491100000000006
17.0,2.0,58.5528,13.2332,-69.9296,3.8012
17.0,2.0,64.40808,14.55652,-69.9296,4.18132
17.0,3.0,77.3767,20.3697,-93.2867,4.8113
17.0,3.0,85.11437000000001,22.406670000000005,-93.2867,5.29243
17.0,4.0,95.7355,28.8428,-116.5957,5.3978
17.0,4.0,105.30905000000001,31.727080000000004,-116.5957,5.9375800000000005
18.0,0.0,14.2813,14.0143,33.4892,6.9569
18.0,0.0,15.709430000000001,15.415730000000002,33.4892,7.652590000000001
18.0,1.0,27.594,29.0002,66.9538,7.5954
18.0,1.0,30.353400000000004,31.90022,66.9538,8.354940000000001
18.0,2.0,39.8445,44.9049,100.4173,8.3126
18.0,2.0,43.82895,49.39539,100.4173,9.14386
18.0,3.0,51.0338,61.6198,133.8782,9.1625
18.0,3.0,56.13718,67.78178,133.8782,10.078750000000001
18.0,4.0,61.1276,79.1532,167.4515,9.8213
18.0,4.0,67.24036000000001,87.06852,167.4515,10.803430000000002
19.0,0.0,19.0034,6.2389,-8.5361,17.7061
19.0,0.0,20.90374,6.86279,-8.5361,19.47671
19.0,1.0,39.3438,7.0853,-17.1597,18.3046
19.0,1.0,43.278180000000006,7.793830000000001,-17.1597,20.135060000000003
19.0,2.0,59.9906,2.342,-25.7126,18.8111
19.0,2.0,65.98966,2.5762000000000005,-25.7126,20.692210000000003
19.0,3.0,79.6334,-7.979,-34.3045,19.3428
19.0,3.0,87.59674,-8.776900000000001,-34.3045,21.27708
19.0,4.0,97.168,-23.7267,-42.8431,20.2491
19.0,4.0,106.88480000000001,-26.099370000000004,-42.8431,22.27401
20.0,0.0,-18.6336,7.2367,61.9482,3.4827
20.0,0.0,-20.49696,7.96037,61.9482,3.83097
20.0,1.0,-36.5083,16.3216,123.9244,4.276
20.0,1.0,-40.159130000000005,17.953760000000003,123.9244,4.7036
20.0,2.0,-53.4658,27.2126,185.8819,4.9746
20.0,2.0,-58.812380000000005,29.93386,185.8819,5.47206
20.0,3.0,-69.378,39.7632,247.8574,5.5208
20.0,3.0,-76.31580000000001,43.73952,247.8574,6.0728800000000005
20.0,4.0,-84.2111,53.9804,309.8222,6.2006
20.0,4.0,-92.63221000000001,59.378440000000005,309.8222,6.82066
21.0,0.0,-16.2447,-11.6729,-4.9145,24.1645
21.0,0.0,-17.869170000000004,-12.840190000000002,-4.9145,26.58095
21.0,1.0,-33.0975,-22.4554,-9.8588,24.8515
21.0,1.0,-36.40725,-24.700940000000003,-9.8588,27.336650000000002
21.0,2.0,-50.5461,-32.303,-14.779,25.5909
21.0,2.0,-55.60071000000001,-35.5333,-14.779,28.149990000000003
21.0,3.0,-68.5753,-41.1869,-19.6797,26.0095
21.0,3.0,-75.43283000000001,-45.30559,-19.6797,28.61045
21.0,4.0,-87.0922,-49.1584,-24.6482,26.5422
21.0,4.0,-95.80142000000001,-54.07424,-24.6482,29.196420000000003
22.0,0.0,18.6515,-7.1969,86.9819,11.4049
22.0,0.0,20.51665,-7.916590000000001,86.9819,12.545390000000001
22.0,1.0,36.016,-17.4034,173.9006,12.2401
22.0,1.0,39.6176,-19.143740000000005,173.9006,13.464110000000002
22.0,2.0,51.657,-30.4879,260.8742,12.5817
22.0,2.0,56.8227,-33.53669,260.8742,13.839870000000001
22.0,3.0,65.2849,-46.275,347.8448,13.3246
22.0,3.0,71.81339,-50.9025,347.8448,14.657060000000001
22.0,4.0,76.5209,-64.3992,434.7766,14.1309
22.0,4.0,84.17299,-70.83912,434.7766,15.543990000000003
23.0,0.0,-6.2027,19.0321,-28.1399,7.4681
23.0,0.0,-6.822970000000001,20.93531,-28.1399,8.21491
23.0,1.0,-14.3992,37.2998,-56.3281,8.1415
23.0,1.0,-15.839120000000001,41.02978,-56.3281,8.955650000000002
23.0,2.0,-24.5577,54.7044,-84.4864,8.7564
23.0,2.0,-27.01347,60.17484,-84.4864,9.63204
23.0,3.0,-36.6473,71.1087,-112.6487,9.6273
23.0,3.0,-40.31203000000001,78.21957,-112.6487,10.59003
23.0,4.0,-50.4519,86.331,-140.8323,10.1418
23.0,4.0,-55.49709000000001,94.96410000000002,-140.8323,11.155980000000001
24.0,0.0,-19.333,-5.2044,-98.6443,12.8241
24.0,0.0,-21.2663,-5.72484,-98.6443,14.10651
24.0,1.0,-38.9894,-9.1203,-197.3131,13.593
24.0,1.0,-42.88834000000001,-10.032330000000002,-197.3131,14.952300000000001
24.0,2.0,-58.8343,-11.791,-296.0102,14.4279
24.0,2.0,-64.71773,-12.970100000000002,-296.0102,15.87069
24.0,3.0,-78.9002,-13.2526,-394.6309,14.9763
24.0,3.0,-86.79022,-14.577860000000001,-394.6309,16.473930000000003
24.0,4.0,-99.0886,-13.4405,-493.3938,15.7248
24.0,4.0,-108.99746,-14.784550000000001,-493.3938,17.29728
25.0,0.0,18.5604,7.4417,-41.8387,25.5399
25.0,0.0,20.41644,8.185870000000001,-41.8387,28.093890000000002
25.0,1.0,37.7395,13.284,-83.7177,26.0531
25.0,1.0,41.513450000000006,14.612400000000003,-83.7177,28.658410000000003
25.0,2.0,57.3681,17.4591,-125.5257,26.6338
25.0,2.0,63.104910000000004,19.20501,-125.5257,29.297180000000004
25.0,3.0,77.4768,19.9439,-167.3562,27.3429
25.0,3.0,85.22448,21.938290000000002,-167.3562,30.07719
25.0,4.0,97.8451,20.7577,-209.2414,28.1283
25.0,4.0,107.62961000000001,22.833470000000002,-209.2414,30.94113
26.0,0.0,-17.2123,-10.1163,102.1328,1.6818
26.0,0.0,-18.93353,-11.127930000000001,102.1328,1.8499800000000002
26.0,1.0,-35.6606,-18.1077,204.2704,2.5672
26.0,1.0,-39.22666,-19.918470000000003,204.2704,2.82392
26.0,2.0,-55.0541,-23.8457,306.3401,2.8825
26.0,2.0,-60.55951,-26.230270000000004,306.3401,3.17075
26.0,3.0,-75.1846,-27.326,408.5104,3.7554
26.0,3.0,-82.70306000000001,-30.058600000000002,408.5104,4.13094
26.0,4.0,-95.8849,-28.3089,510.6659,4.4191
26.0,4.0,-105.47339000000001,-31.139790000000005,510.6659,4.86101
27.0,0.0,2.4051,19.8325,35.9875,14.5612
27.0,0.0,2.64561,21.81575,35.9875,16.01732
27.0,1.0,3.6766,39.8001,71.9778,15.3325
27.0,1.0,4.04426,43.78011,71.9778,16.865750000000002
27.0,2.0,3.7433,59.8739,108.0148,15.8644
27.0,2.0,4.11763,65.86129000000001,108.0148,17.45084
27.0,3.0,2.6827,79.9593,144.0437,16.8282
27.0,3.0,2.9509700000000003,87.95523,144.0437,18.511020000000002
27.0,4.0,0.4588,99.9735,180.0319,17.2908
27.0,4.0,0.50468,109.97085000000001,180.0319,19.019880000000004
28.0,0.0,12.8101,-15.3737,6.5437,18.4721
28.0,0.0,14.091110000000002,-16.911070000000002,6.5437,20.31931
28.0,1.0,26.5522,-29.9599,13.082,18.9835
28.0,1.0,29.207420000000003,-32.955890000000004,13.082,20.88185
28.0,2.0,41.1108,-43.7483,19.6406,19.6379
28.0,2.0,45.22188,-48.12313,19.6406,21.60169
28.0,3.0,56.4929,-56.6219,26.1725,20.4492
28.0,3.0,62.14219000000001,-62.28409,26.1725,22.494120000000002
28.0,4.0,72.6579,-68.6916,32.6972,21.1646
28.0,4.0,79.92369000000001,-75.56076,32.6972,23.281060000000004
29.0,0.0,9.1135,17.7952,11.5819,6.0324
29.0,0.0,10.02485,19.574720000000003,11.5819,6.63564
29.0,1.0,17.1252,36.1815,23.1993,6.6657
29.0,1.0,18.83772,39.79965,23.1993,7.332270000000001
29.0,2.0,23.9394,55.0271,34.8171,7.2599
29.0,2.0,26.33334,60.529810000000005,34.8171,7.98589
29.0,3.0,29.7547,74.2766,46.3749,7.9705
29.0,3.0,32.73017,81.70426,46.3749,8.767550000000002
29.0,4.0,34.2487,93.894,57.9851,8.7606
29.0,4.0,37.673570000000005,103.28340000000001,57.9851,9.636660000000001
30.0,0.0,-14.4228,13.888,-94.3564,4.0163
30.0,0.0,-15.865080000000003,15.276800000000001,-94.3564,4.417930000000001
30.0,1.0,-25.6222,30.7053,-188.678,4.7779
30.0,1.0,-28.184420000000003,33.775830000000006,-188.678,5.25569
30.0,2.0,-33.1837,50.0008,-283.0587,5.4032
30.0,2.0,-36.50207,55.00088,-283.0587,5.94352
30.0,3.0,-36.6784,71.0867,-377.3802,6.0728
30.0,3.0,-40.34624000000001,78.19537,-377.3802,6.68008
30.0,4.0,-35.8439,93.3538,-471.7158,6.8706
30.0,4.0,-39.428290000000004,102.68918000000002,-471.7158,7.55766
31.0,0.0,1.3578,19.9518,73.4744,15.0259
31.0,0.0,1.49358,21.94698,73.4744,16.52849
31.0,1.0,0.0489,39.9771,146.9274,15.7624
31.0,1.0,0.053790000000000004,43.974810000000005,146.9274,17.33864
31.0,2.0,-3.7931,59.886,220.4011,16.3878
31.0,2.0,-4.17241,65.87460000000002,220.4011,18.02658
31.0,3.0,-10.3325,79.3335,293.8575,17.032
31.0,3.0,-11.36575,87.26685,293.8575,18.735200000000003
31.0,4.0,-19.3596,98.0867,367.3238,17.6623
31.0,4.0,-21.295560000000002,107.89537,367.3238,19.42853
32.0,0.0,10.5479,16.9858,68.9608,18.496
32.0,0.0,11.60269,18.684380000000004,68.9608,20.3456
32.0,1.0,23.3736,32.4631,137.8295,19.1449
32.0,1.0,25.71096,35.70941,137.8295,21.05939
32.0,2.0,38.4043,46.0902,206.7638,19.7277
32.0,2.0,42.244730000000004,50.699220000000004,206.7638,21.70047
32.0,3.0,55.3666,57.7117,275.6734,20.4094
32.0,3.0,60.90326,63.482870000000005,275.6734,22.450340000000004
32.0,4.0,74.1237,67.1567,344.6143,21.2284
32.0,4.0,81.53607000000001,73.87237,344.6143,23.351240000000004
33.0,0.0,19.3695,-5.0125,14.6362,9.1503
33.0,0.0,21.30645,-5.513750000000001,14.6362,10.065330000000001
33.0,1.0,38.467,-10.926,29.2651,9.3725
33.0,1.0,42.313700000000004,-12.018600000000001,29.2651,10.309750000000001
33.0,2.0,57.3573,-17.7177,43.9004,10.0857
33.0,2.0,63.093030000000006,-19.48947,43.9004,11.09427
33.0,3.0,75.8341,-25.3794,58.5449,10.7053
33.0,3.0,83.41751000000001,-27.917340000000003,58.5449,11.775830000000001
33.0,4.0,94.0577,-33.9301,73.191,11.6123
33.0,4.0,103.46347,-37.32311000000001,73.191,12.773530000000001
34.0,0.0,18.6814,-7.1728,10.6014,22.4809
34.0,0.0,20.54954,-7.89008,10.6014,24.72899
34.0,1.0,38.3253,-11.5008,21.2441,23.2212
34.0,1.0,42.157830000000004,-12.65088,21.2441,25.54332
34.0,2.0,58.5698,-12.9642,31.8722,23.7693
34.0,2.0,64.42678000000001,-14.260620000000001,31.8722,26.146230000000003
34.0,3.0,79.158,-11.3941,42.5497,24.3655
34.0,3.0,87.0738,-12.533510000000001,42.5497,26.802050000000005
34.0,4.0,99.7543,-6.8823,53.0977,25.1653
34.0,4.0,109.72973,-7.570530000000001,53.0977,27.68183
35.0,0.0,-7.4907,-18.5577,104.2477,10.5715
35.0,0.0,-8.239770000000002,-20.413470000000004,104.2477,11.628650000000002
35.0,1.0,-16.4804,-36.4385,208.4403,11.2358
35.0,1.0,-18.12844,-40.08235,208.4403,12.35938
35.0,2.0,-27.0236,-53.5313,312.68,12.0926
35.0,2.0,-29.72596,-58.88443000000001,312.68,13.30186
35.0,3.0,-39.0084,-69.8561,416.9394,12.7357
35.0,3.0,-42.909240000000004,-76.84171,416.9394,14.00927
35.0,4.0,-52.3597,-85.2181,521.1615,13.4775
35.0,4.0,-57.59567,-93.73991000000001,521.1615,14.82525
36.0,0.0,-19.6246,3.9219,-39.5193,8.1627
36.0,0.0,-21.58706,4.31409,-39.5193,8.97897
36.0,1.0,-38.9408,9.2122,-79.0488,8.9098
36.0,1.0,-42.834880000000005,10.13342,-79.0488,9.800780000000001
36.0,2.0,-57.8084,15.9883,-118.5852,9.4403
36.0,2.0,-63.589240000000004,17.587130000000002,-118.5852,10.384330000000002
36.0,3.0,-76.2709,24.1003,-158.1477,10.1941
36.0,3.0,-83.89799000000001,26.510330000000003,-158.1477,11.213510000000001
36.0,4.0,-94.1885,33.6017,-197.6899,10.9303
36.0,4.0,-103.60735000000001,36.961870000000005,-197.6899,12.023330000000001
37.0,0.0,19.1874,-5.6001,26.1187,14.1489
37.0,0.0,21.106140000000003,-6.16011,26.1187,15.563790000000001
37.0,1.0,37.9897,-12.5209,52.2601,14.677
37.0,1.0,41.78867,-13.77299,52.2601,16.1447
37.0,2.0,56.3163,-20.7481,78.4399,15.7062
37.0,2.0,61.94793000000001,-22.822910000000004,78.4399,17.27682
37.0,3.0,74.0463,-30.3119,104.5617,16.2943
37.0,3.0,81.45093000000001,-33.343090000000004,104.5617,17.923730000000003
37.0,4.0,91.1924,-41.0971,130.6994,16.8506
37.0,4.0,100.31164000000001,-45.206810000000004,130.6994,18.53566
38.0,0.0,-3.077,19.7403,-71.6214,9.4309
38.0,0.0,-3.3847,21.714330000000004,-71.6214,10.373990000000001
38.0,1.0,-8.7158,39.0555,-143.1561,10.0704
38.0,1.0,-9.587380000000001,42.96105000000001,-143.1561,11.077440000000001
38.0,2.0,-16.7165,57.6372,-214.7418,10.7306
38.0,2.0,-18.388150000000003,63.400920000000006,-214.7418,11.803660000000002
38.0,3.0,-27.0877,75.3235,-286.3429,11.6501
38.0,3.0,-29.796470000000003,82.85585,-286.3429,12.81511
38.0,4.0,-39.686,91.8078,-357.9096,12.1845
38.0,4.0,-43.6546,100.98858000000001,-357.9096,13.40295
39.0,0.0,19.4963,4.2403,-112.4766,2.7325
39.0,0.0,21.445930000000004,4.6643300000000005,-112.4766,3.0057500000000004
39.0,1.0,38.2741,11.6936,-224.9705,3.2618
39.0,1.0,42.10151,12.862960000000001,-224.9705,3.5879800000000004
39.0,2.0,55.7366,22.2412,-337.4632,4.0214
39.0,2.0,61.31026000000001,24.465320000000002,-337.4632,4.42354
39.0,3.0,71.5673,35.7188,-449.9541,4.7529
39.0,3.0,78.72403000000001,39.29068,-449.9541,5.228190000000001
39.0,4.0,85.481,51.8684,-562.4649,5.3908
39.0,4.0,94.0291,57.055240000000005,-562.4649,5.92988
40.0,0.0,-11.7579,-16.1715,-45.9734,17.0764
40.0,0.0,-12.93369,-17.788650000000004,-45.9734,18.78404
40.0,1.0,-24.6693,-31.4708,-91.9079,17.2944
40.0,1.0,-27.13623,-34.61788000000001,-91.9079,19.02384
40.0,2.0,-38.7111,-45.8379,-137.8305,18.3552
40.0,2.0,-42.58221,-50.42169,-137.8305,20.190720000000002
40.0,3.0,-53.8538,-59.2089,-183.8451,18.9025
40.0,3.0,-59.239180000000005,-65.12979,-183.8451,20.79275
40.0,4.0,-69.9039,-71.4903,-229.8187,19.5662
40.0,4.0,-76.89429,-78.63933000000002,-229.8187,21.52282
41.0,0.0,-7.9519,18.3317,63.2377,22.9128
41.0,0.0,-8.74709,20.164870000000004,63.2377,25.20408
41.0,1.0,-17.1849,36.1221,126.5435,23.6264
41.0,1.0,-18.90339,39.73431000000001,126.5435,25.989040000000003
41.0,2.0,-27.8508,53.1658,189.7894,24.2245
41.0,2.0,-30.63588,58.48238,189.7894,26.64695
41.0,3.0,-39.7431,69.4303,253.0091,24.77
41.0,3.0,-43.71741,76.37333000000001,253.0091,27.247000000000003
41.0,4.0,-52.8444,84.8401,316.2647,25.4978
41.0,4.0,-58.128840000000004,93.32411000000002,316.2647,28.047580000000004
42.0,0.0,-15.6658,12.4358,20.579,23.6446
42.0,0.0,-17.232380000000003,13.679380000000002,20.579,26.00906
42.0,1.0,-29.9927,26.4777,41.1266,24.1591
42.0,1.0,-32.99197,29.12547,41.1266,26.575010000000002
42.0,2.0,-42.9012,41.9392,61.7199,24.7954
42.0,2.0,-47.191320000000005,46.133120000000005,61.7199,27.274940000000004
42.0,3.0,-54.2278,58.7882,82.2611,25.5122
42.0,3.0,-59.650580000000005,64.66702000000001,82.2611,28.06342
42.0,4.0,-63.9489,76.8869,102.8038,26.1806
42.0,4.0,-70.34379000000001,84.57559,102.8038,28.79866
43.0,0.0,-2.1707,19.8892,5.4547,24.8252
43.0,0.0,-2.38777,21.87812,5.4547,27.30772
43.0,1.0,-6.8759,39.4011,10.8518,25.4777
43.0,1.0,-7.56349,43.341210000000004,10.8518,28.025470000000002
43.0,2.0,-14.0018,58.3315,16.3013,26.0723
43.0,2.0,-15.40198,64.16465000000001,16.3013,28.67953
43.0,3.0,-23.449,76.4818,21.7297,26.8002
43.0,3.0,-25.793900000000004,84.12998000000002,21.7297,29.480220000000003
43.0,4.0,-35.2235,93.5503,27.1926,27.3619
43.0,4.0,-38.745850000000004,102.90533,27.1926,30.09809
44.0,0.0,-17.1654,10.2337,57.5577,20.7717
44.0,0.0,-18.881940000000004,11.257070000000002,57.5577,22.84887
44.0,1.0,-35.0743,19.1939,115.1761,21.488
44.0,1.0,-38.58173000000001,21.11329,115.1761,23.6368
44.0,2.0,-53.6896,26.8367,172.7392,22.1973
44.0,2.0,-59.05856,29.520370000000003,172.7392,24.41703
44.0,3.0,-72.8375,33.0608,230.3119,22.9403
44.0,3.0,-80.12125000000002,36.36688,230.3119,25.234330000000003
44.0,4.0,-92.493,37.9855,287.8628,23.5898
44.0,4.0,-101.7423,41.78405000000001,287.8628,25.948780000000003
45.0,0.0,9.1665,17.7742,58.7933,17.8167
45.0,0.0,10.08315,19.551620000000003,58.7933,19.598370000000003
45.0,1.0,16.7208,36.3644,117.5556,18.2899
45.0,1.0,18.39288,40.000840000000004,117.5556,20.11889
45.0,2.0,22.5437,55.585,176.369,19.1376
45.0,2.0,24.798070000000003,61.1435,176.369,21.05136
45.0,3.0,26.71,75.4036,235.1607,19.7397
45.0,3.0,29.381000000000004,82.94396,235.1607,21.71367
45.0,4.0,29.06,95.6647,293.8822,20.4844
45.0,4.0,31.966,105.23117,293.8822,22.532840000000004
46.0,0.0,-17.9167,8.8462,13.0096,24.1412
46.0,0.0,-19.70837,9.73082,13.0096,26.555320000000005
46.0,1.0,-36.5122,16.2379,26.0025,24.8429
46.0,1.0,-40.16342,17.861690000000003,26.0025,27.32719
46.0,2.0,-55.822,22.0035,39.0334,25.4988
46.0,2.0,-61.40420000000001,24.20385,39.0334,28.04868
46.0,3.0,-75.5595,26.2543,52.0714,26.1877
46.0,3.0,-83.11545000000001,28.879730000000002,52.0714,28.80647
46.0,4.0,-95.7536,28.791,64.9956,26.955
46.0,4.0,-105.32896000000001,31.6701,64.9956,29.6505
47.0,0.0,-4.4689,19.4835,43.2185,22.3349
47.0,0.0,-4.91579,21.43185,43.2185,24.568390000000004
47.0,1.0,-10.5943,38.5702,86.4761,23.1375
47.0,1.0,-11.653730000000001,42.427220000000005,86.4761,25.45125
47.0,2.0,-18.349,57.1396,129.7261,23.6635
47.0,2.0,-20.1839,62.85356000000001,129.7261,26.02985
47.0,3.0,-27.7669,75.0079,172.9694,24.4413
47.0,3.0,-30.543590000000002,82.50869000000002,172.9694,26.88543
47.0,4.0,-38.7986,92.1649,216.2112,25.0646
47.0,4.0,-42.67846,101.38139000000001,216.2112,27.57106
48.0,0.0,-19.6218,3.7812,-0.5952,15.1921
48.0,0.0,-21.58398,4.15932,-0.5952,16.71131
48.0,1.0,-38.5453,10.7278,-1.216,15.8178
48.0,1.0,-42.39983,11.800580000000002,-1.216,17.39958
48.0,2.0,-56.279,20.6677,-1.7458,16.5072
48.0,2.0,-61.90690000000001,22.73447,-1.7458,18.157920000000004
48.0,3.0,-72.605,33.5689,-2.3786,16.9741
48.0,3.0,-79.86550000000001,36.92579,-2.3786,18.67151
48.0,4.0,-87.0851,49.1354,-2.9853,17.7257
48.0,4.0,-95.79361,54.04894,-2.9853,19.49827
49.0,0.0,6.6998,18.8398,-15.2438,10.2057
49.0,0.0,7.36978,20.72378,-15.2438,11.226270000000001
49.0,1.0,12.1825,38.0927,-30.5519,10.89
49.0,1.0,13.40075,41.901970000000006,-30.5519,11.979000000000001
49.0,2.0,16.4504,57.7185,-45.7801,11.5974
49.0,2.0,18.09544,63.49035000000001,-45.7801,12.757140000000001
49.0,3.0,19.4842,77.5732,-61.0813,12.2651
49.0,3.0,21.432620000000004,85.33052,-61.0813,13.491610000000001
49.0,4.0,21.2067,97.6966,-76.4104,12.8554
49.0,4.0,23.327370000000002,107.46626000000002,-76.4104,14.14094
50.0,0.0,-1.5942,19.9373,-16.4353,12.0068
50.0,0.0,-1.7536200000000002,21.931030000000003,-16.4353,13.207480000000002
50.0,1.0,-7.3618,39.3047,-32.8815,12.4385
50.0,1.0,-8.09798,43.23517,-32.8815,13.682350000000001
50.0,2.0,-17.227,57.4571,-49.2657,13.1523
50.0,2.0,-18.949700000000004,63.20281,-49.2657,14.467530000000002
50.0,3.0,-30.8824,73.7939,-65.7239,13.718
50.0,3.0,-33.97064,81.17329,-65.7239,15.0898
50.0,4.0,-48.072,87.7348,-82.1735,14.2121
50.0,4.0,-52.879200000000004,96.50828000000001,-82.1735,15.633310000000002
51.0,0.0,19.2242,-5.4787,-18.7254,7.1281
51.0,0.0,21.146620000000002,-6.02657,-18.7254,7.840910000000001
51.0,1.0,37.8323,-13.0238,-37.4269,7.8103
51.0,1.0,41.61553,-14.32618,-37.4269,8.591330000000001
51.0,2.0,55.5806,-22.6713,-56.1411,8.6769
51.0,2.0,61.13866,-24.93843,-56.1411,9.544590000000001
51.0,3.0,72.3017,-34.3369,-74.8232,9.1683
51.0,3.0,79.53187,-37.770590000000006,-74.8232,10.085130000000001
51.0,4.0,87.7784,-47.8789,-93.5341,9.9541
51.0,4.0,96.55624000000002,-52.666790000000006,-93.5341,10.949510000000002
52.0,0.0,12.8755,15.309,7.7405,25.4864
52.0,0.0,14.163050000000002,16.8399,7.7405,28.035040000000002
52.0,1.0,24.9116,31.2937,15.4324,26.3179
52.0,1.0,27.40276,34.42307,15.4324,28.949690000000004
52.0,2.0,36.1971,47.8012,23.0919,26.7078
52.0,2.0,39.816810000000004,52.581320000000005,23.0919,29.37858
52.0,3.0,46.7091,64.9451,30.839,27.3091
52.0,3.0,51.380010000000006,71.43961,30.839,30.040010000000002
52.0,4.0,56.3084,82.6365,38.5186,28.0838
52.0,4.0,61.939240000000005,90.90015000000001,38.5186,30.892180000000003
53.0,0.0,19.3043,5.0765,113.9961,9.8039
53.0,0.0,21.234730000000003,5.584150000000001,113.9961,10.784290000000002
53.0,1.0,38.2269,11.8005,228.0001,10.5252
53.0,1.0,42.04959,12.980550000000001,228.0001,11.577720000000001
53.0,2.0,56.56,20.1005,341.9563,11.099
53.0,2.0,62.21600000000001,22.110550000000003,341.9563,12.208900000000002
53.0,3.0,74.187,29.9073,455.9195,11.8419
53.0,3.0,81.6057,32.89803,455.9195,13.026090000000002
53.0,4.0,91.1211,41.213,569.9296,12.4967
53.0,4.0,100.23321,45.334300000000006,569.9296,13.746370000000002
54.0,0.0,11.9619,-16.0276,-81.2467,14.6739
54.0,0.0,13.158090000000001,-17.63036,-81.2467,16.14129
54.0,1.0,25.0926,-31.1722,-162.5267,15.3999
54.0,1.0,27.601860000000002,-34.28942,-162.5267,16.939890000000002
54.0,2.0,39.282,-45.3468,-243.7834,15.9912
54.0,2.0,43.2102,-49.88148,-243.7834,17.590320000000002
54.0,3.0,54.5741,-58.5139,-325.0189,16.6749
54.0,3.0,60.031510000000004,-64.36529,-325.0189,18.34239
54.0,4.0,70.8454,-70.6084,-406.3464,17.463
54.0,4.0,77.92994,-77.66924000000002,-406.3464,19.209300000000002
55.0,0.0,-11.4334,-16.4254,-39.5898,11.656
55.0,0.0,-12.576740000000001,-18.06794,-39.5898,12.821600000000002
55.0,1.0,-24.3109,-31.7813,-79.169,12.4485
55.0,1.0,-26.74199,-34.959430000000005,-79.169,13.69335
55.0,2.0,-38.5389,-45.9213,-118.8209,13.0645
55.0,2.0,-42.39279,-50.51343000000001,-118.8209,14.370950000000002
55.0,3.0,-54.168,-58.8722,-158.3678,13.5973
55.0,3.0,-59.5848,-64.75942,-158.3678,14.957030000000001
55.0,4.0,-70.954,-70.5076,-197.9832,14.4699
55.0,4.0,-78.0494,-77.55836000000001,-197.9832,15.916890000000002
56.0,0.0,17.723,9.2983,96.3513,9.1902
56.0,0.0,19.4953,10.22813,96.3513,10.109220000000002
56.0,1.0,39.8303,3.7555,192.6941,9.9572
56.0,1.0,43.81333000000001,4.13105,192.6941,10.95292
56.0,2.0,57.4002,-17.4931,289.069,10.6968
56.0,2.0,63.14022000000001,-19.24241,289.069,11.766480000000001
56.0,3.0,61.9307,-50.5613,385.3824,11.3265
56.0,3.0,68.12377000000001,-55.617430000000006,385.3824,12.459150000000001
56.0,4.0,47.601,-87.9357,481.7859,11.9042
56.0,4.0,52.3611,-96.72927,481.7859,13.09462
57.0,0.0,-19.944,-1.6493,85.1896,11.8568
57.0,0.0,-21.9384,-1.8142300000000002,85.1896,13.042480000000001
57.0,1.0,-39.6559,-5.0699,170.3446,12.856
57.0,1.0,-43.62149000000001,-5.57689,170.3446,14.1416
57.0,2.0,-59.1054,-10.1619,255.5438,13.3781
57.0,2.0,-65.01594000000001,-11.178090000000001,255.5438,14.715910000000001
57.0,3.0,-78.2231,-16.9535,340.7245,14.035
57.0,3.0,-86.04541,-18.64885,340.7245,15.438500000000001
57.0,4.0,-96.7108,-25.4292,425.8821,14.6867
57.0,4.0,-106.38188000000001,-27.972120000000004,425.8821,16.15537
58.0,0.0,-19.9042,-1.8989,-89.2395,6.0518
58.0,0.0,-21.89462,-2.0887900000000004,-89.2395,6.656980000000001
58.0,1.0,-39.963,0.9826,-178.5044,6.6678
58.0,1.0,-43.959300000000006,1.0808600000000002,-178.5044,7.33458
58.0,2.0,-59.3731,8.7605,-267.7732,7.331
58.0,2.0,-65.31041,9.636550000000002,-267.7732,8.064100000000002
58.0,3.0,-77.1368,21.1392,-356.9918,8.1755
58.0,3.0,-84.85048,23.25312,-356.9918,8.99305
58.0,4.0,-92.5477,37.8986,-446.2377,8.5386
58.0,4.0,-101.80247000000001,41.688460000000006,-446.2377,9.392460000000002
59.0,0.0,15.3169,12.8835,-114.5391,8.1481
59.0,0.0,16.84859,14.171850000000001,-114.5391,8.96291
59.0,1.0,29.9329,26.4926,-229.1075,8.7734
59.0,1.0,32.926190000000005,29.14186,-229.1075,9.65074
59.0,2.0,43.9234,40.8384,-343.6187,9.6009
59.0,2.0,48.315740000000005,44.92224,-343.6187,10.56099
59.0,3.0,57.1771,55.9403,-458.1318,10.0424
59.0,3.0,62.89481000000001,61.534330000000004,-458.1318,11.046640000000002
59.0,4.0,69.7776,71.6691,-572.6882,11.0739
59.0,4.0,76.75536000000001,78.83601,-572.6882,12.18129
60.0,0.0,19.883,-2.061,-20.1131,21.8889
60.0,0.0,21.8713,-2.2671,-20.1131,24.07779
60.0,1.0,39.8897,-2.3951,-40.2372,22.4967
60.0,1.0,43.87867,-2.63461,-40.2372,24.746370000000002
60.0,2.0,59.9612,-0.9962,-60.3535,23.2634
60.0,2.0,65.95732000000001,-1.09582,-60.3535,25.589740000000003
60.0,3.0,79.9877,2.1327,-80.4701,23.8759
60.0,3.0,87.98647000000001,2.34597,-80.4701,26.263490000000004
60.0,4.0,99.7658,6.9987,-100.5761,24.7328
60.0,4.0,109.74238000000001,7.698570000000001,-100.5761,27.206080000000004
61.0,0.0,-8.8608,17.9275,-49.5238,17.123
61.0,0.0,-9.74688,19.72025,-49.5238,18.835300000000004
61.0,1.0,-14.7225,37.2545,-99.0864,17.8061
61.0,1.0,-16.194750000000003,40.97995,-99.0864,19.586710000000004
61.0,2.0,-17.5698,57.3813,-148.6995,18.5385
61.0,2.0,-19.326780000000003,63.11943000000001,-148.6995,20.39235
61.0,3.0,-17.2308,78.122,-198.2127,19.3177
61.0,3.0,-18.95388,85.9342,-198.2127,21.24947
61.0,4.0,-13.6415,99.0692,-247.7542,19.835
61.0,4.0,-15.005650000000001,108.97612000000001,-247.7542,21.818500000000004
62.0,0.0,12.3075,-15.7835,-15.289,8.928
62.0,0.0,13.53825,-17.36185,-15.289,9.820800000000002
62.0,1.0,26.2536,-30.193,-30.6357,9.6847
62.0,1.0,28.87896,-33.212300000000006,-30.6357,10.65317
62.0,2.0,41.7871,-43.0234,-45.9148,10.1316
62.0,2.0,45.965810000000005,-47.32574,-45.9148,11.144760000000002
62.0,3.0,58.6841,-54.354,-61.2592,10.9652
62.0,3.0,64.55251000000001,-59.7894,-61.2592,12.061720000000001
62.0,4.0,76.9593,-63.8986,-76.6271,11.5337
62.0,4.0,84.65523,-70.28846,-76.6271,12.68707
63.0,0.0,-17.6375,9.5065,-103.1408,3.5678
63.0,0.0,-19.40125,10.457150000000002,-103.1408,3.9245800000000006
63.0,1.0,-36.1829,17.087,-206.2829,4.1461
63.0,1.0,-39.80119,18.7957,-206.2829,4.56071
63.0,2.0,-55.52,22.7588,-309.428,4.6139
63.0,2.0,-61.07200000000001,25.03468,-309.428,5.075290000000001
63.0,3.0,-75.4937,26.4452,-412.5587,5.4372
63.0,3.0,-83.04307000000001,29.089720000000003,-412.5587,5.98092
63.0,4.0,-95.9741,28.0866,-515.7226,5.87
63.0,4.0,-105.57151000000002,30.895260000000004,-515.7226,6.457000000000001
64.0,0.0,-0.0698,19.9901,-4.4374,10.296
64.0,0.0,-0.07678,21.989110000000004,-4.4374,11.3256
64.0,1.0,-4.2884,39.759,-8.8591,10.7308
64.0,1.0,-4.71724,43.7349,-8.8591,11.803880000000001
64.0,2.0,-12.6459,58.6488,-13.2859,11.5522
64.0,2.0,-13.910490000000001,64.51368000000001,-13.2859,12.70742
64.0,3.0,-24.8061,76.069,-17.696,12.3025
64.0,3.0,-27.286710000000003,83.67590000000001,-17.696,13.532750000000002
64.0,4.0,-40.77,91.3525,-22.0982,13.0604
64.0,4.0,-44.84700000000001,100.48775000000002,-22.0982,14.36644
65.0,0.0,-17.5974,-9.5117,-11.8291,7.7531
65.0,0.0,-19.35714,-10.46287,-11.8291,8.528410000000001
65.0,1.0,-33.7499,-21.4232,-23.6641,8.4708
65.0,1.0,-37.12489,-23.565520000000003,-23.6641,9.31788
65.0,2.0,-48.3075,-35.6244,-35.5176,9.0572
65.0,2.0,-53.13825,-39.186840000000004,-35.5176,9.96292
65.0,3.0,-60.9046,-51.8617,-47.3428,9.9858
65.0,3.0,-66.99506000000001,-57.04787,-47.3428,10.98438
65.0,4.0,-71.4479,-69.9879,-59.1402,10.669
65.0,4.0,-78.59269,-76.98669,-59.1402,11.7359
66.0,0.0,19.8275,-2.6895,-89.2744,2.3333
66.0,0.0,21.810250000000003,-2.95845,-89.2744,2.56663
66.0,1.0,39.0465,-8.7175,-178.5255,2.7099
66.0,1.0,42.951150000000005,-9.58925,-178.5255,2.9808900000000005
66.0,2.0,57.2515,-17.9047,-267.7554,3.6092
66.0,2.0,62.97665000000001,-19.69517,-267.7554,3.97012
66.0,3.0,74.0589,-30.23,-357.0149,4.2776
66.0,3.0,81.46479,-33.253,-357.0149,4.70536
66.0,4.0,89.0788,-45.4235,-446.2908,4.6431
66.0,4.0,97.98668,-49.96585,-446.2908,5.10741
67.0,0.0,-17.5884,9.5096,65.5086,22.3231
67.0,0.0,-19.347240000000003,10.460560000000001,65.5086,24.555410000000002
67.0,1.0,-34.527,20.2036,131.0335,22.9768
67.0,1.0,-37.9797,22.223960000000005,131.0335,25.274480000000004
67.0,2.0,-50.8258,31.9053,196.5782,23.5772
67.0,2.0,-55.90838000000001,35.09583000000001,196.5782,25.93492
67.0,3.0,-66.4113,44.6667,262.1028,24.3792
67.0,3.0,-73.05243,49.13337,262.1028,26.817120000000003
67.0,4.0,-81.1788,58.4206,327.6002,25.0869
67.0,4.0,-89.29668000000001,64.26266000000001,327.6002,27.59559
68.0,0.0,6.0006,19.0906,-19.651,17.1025
68.0,0.0,6.600660000000001,20.99966,-19.651,18.81275
68.0,1.0,12.8658,37.8833,-39.3,17.8334
68.0,1.0,14.15238,41.67163,-39.3,19.616740000000004
68.0,2.0,20.5961,56.3451,-58.9449,18.3615
68.0,2.0,22.655710000000003,61.97961000000001,-58.9449,20.19765
68.0,3.0,29.1676,74.5299,-78.5993,19.0928
68.0,3.0,32.084360000000004,81.98289,-78.5993,21.002080000000003
68.0,4.0,38.6031,92.2244,-98.2607,19.7745
68.0,4.0,42.46341,101.44684000000001,-98.2607,21.75195
69.0,0.0,4.8682,19.3927,-51.867,19.9956
69.0,0.0,5.355020000000001,21.331970000000002,-51.867,21.995160000000002
69.0,1.0,10.7823,38.5461,-103.6704,20.6646
69.0,1.0,11.86053,42.400710000000004,-103.6704,22.731060000000003
69.0,2.0,17.5945,57.4048,-155.5216,21.1737
69.0,2.0,19.35395,63.14528000000001,-155.5216,23.29107
69.0,3.0,25.4087,75.8721,-207.3786,21.9324
69.0,3.0,27.94957,83.45931000000002,-207.3786,24.125640000000004
69.0,4.0,34.1385,93.9823,-259.1773,22.561
69.0,4.0,37.552350000000004,103.38053000000001,-259.1773,24.817100000000003
70.0,0.0,-16.519,11.2641,7.9455,13.6922
70.0,0.0,-18.1709,12.39051,7.9455,15.06142
70.0,1.0,-32.4979,23.3215,15.9209,14.4966
70.0,1.0,-35.747690000000006,25.653650000000003,15.9209,15.946260000000002
70.0,2.0,-47.9014,36.156,23.9056,14.721
70.0,2.0,-52.69154,39.7716,23.9056,16.1931
70.0,3.0,-62.6462,49.6611,31.8438,15.5591
70.0,3.0,-68.91082,54.627210000000005,31.8438,17.11501
70.0,4.0,-76.8742,63.9687,39.8119,16.4123
70.0,4.0,-84.56162,70.36557,39.8119,18.05353
71.0,0.0,0.7807,19.999,118.5219,1.7868
71.0,0.0,0.85877,21.9989,118.5219,1.9654800000000001
71.0,1.0,4.8778,39.6971,237.1249,2.4784
71.0,1.0,5.3655800000000005,43.666810000000005,237.1249,2.72624
71.0,2.0,12.2552,58.7469,355.6083,3.1198
71.0,2.0,13.480720000000002,64.62159,355.6083,3.4317800000000003
71.0,3.0,22.7727,76.6952,474.1668,3.7467
71.0,3.0,25.049970000000002,84.36472,474.1668,4.121370000000001
71.0,4.0,36.3192,93.1845,592.7559,4.4377
71.0,4.0,39.95112,102.50295000000001,592.7559,4.881470000000001
72.0,0.0,-0.846,-19.9932,44.0161,16.3715
72.0,0.0,-0.9306000000000001,-21.992520000000003,44.0161,18.008650000000003
72.0,1.0,-0.2757,-40.0018,88.0509,16.9806
72.0,1.0,-0.30327000000000004,-44.00198000000001,88.0509,18.67866
72.0,2.0,1.7083,-59.9936,132.1194,17.8367
72.0,2.0,1.87913,-65.99296000000001,132.1194,19.62037
72.0,3.0,5.0185,-79.8413,176.0889,18.5501
72.0,3.0,5.5203500000000005,-87.82543000000001,176.0889,20.40511
72.0,4.0,9.777,-99.5216,220.151,19.0721
72.0,4.0,10.7547,-109.47376000000001,220.151,20.97931
73.0,0.0,-8.8006,17.9548,-54.0883,8.4216
73.0,0.0,-9.68066,19.75028,-54.0883,9.263760000000001
73.0,1.0,-18.9616,35.2279,-108.1612,9.071
73.0,1.0,-20.857760000000003,38.75069,-108.1612,9.978100000000001
73.0,2.0,-30.3403,51.7548,-162.2579,9.8221
73.0,2.0,-33.37433,56.93028000000001,-162.2579,10.804310000000001
73.0,3.0,-42.9288,67.4823,-216.3186,10.416
73.0,3.0,-47.221680000000006,74.23053,-216.3186,11.457600000000001
73.0,4.0,-56.7836,82.3392,-270.4589,11.1122
73.0,4.0,-62.461960000000005,90.57312000000002,-270.4589,12.22342
74.0,0.0,-3.8294,19.6095,31.0904,0.7032
74.0,0.0,-4.21234,21.57045,31.0904,0.7735200000000001
74.0,1.0,-8.7616,39.0312,62.2054,1.6392
74.0,1.0,-9.63776,42.93432,62.2054,1.80312
74.0,2.0,-14.7328,58.1349,93.3085,2.1622
74.0,2.0,-16.20608,63.94839000000001,93.3085,2.37842
74.0,3.0,-21.7023,76.9969,124.4346,2.8333
74.0,3.0,-23.872530000000005,84.69659,124.4346,3.1166300000000002
74.0,4.0,-29.7631,95.4855,155.5209,3.4426
74.0,4.0,-32.73941000000001,105.03405000000001,155.5209,3.7868600000000003
75.0,0.0,-10.1258,17.2163,17.6299,16.1832
75.0,0.0,-11.138380000000002,18.93793,17.6299,17.80152
75.0,1.0,-21.1633,33.9407,35.2879,16.6543
75.0,1.0,-23.27963,37.334770000000006,35.2879,18.31973
75.0,2.0,-33.1436,50.0362,52.8775,17.4048
75.0,2.0,-36.45796,55.039820000000006,52.8775,19.145280000000003
75.0,3.0,-45.9524,65.4398,70.4567,18.17
75.0,3.0,-50.54764,71.98378000000001,70.4567,19.987000000000002
75.0,4.0,-59.6541,80.2792,88.1089,18.7517
75.0,4.0,-65.61951,88.30712000000001,88.1089,20.62687
76.0,0.0,13.8826,14.4461,-17.4141,7.2956
76.0,0.0,15.27086,15.89071,-17.4141,8.025160000000001
76.0,1.0,26.7921,29.6835,-34.8666,7.7835
76.0,1.0,29.471310000000003,32.65185,-34.8666,8.561850000000002
76.0,2.0,38.7411,45.8253,-52.2956,8.7544
76.0,2.0,42.615210000000005,50.407830000000004,-52.2956,9.629840000000002
76.0,3.0,49.6646,62.6746,-69.732,9.2389
76.0,3.0,54.631060000000005,68.94206,-69.732,10.16279
76.0,4.0,59.5494,80.3229,-87.1804,10.2398
76.0,4.0,65.50434,88.35519000000001,-87.1804,11.263780000000002
77.0,0.0,6.8648,18.7912,6.7602,13.046
77.0,0.0,7.55128,20.67032,6.7602,14.3506
77.0,1.0,12.0383,38.1331,13.5103,13.6476
77.0,1.0,13.242130000000001,41.94641,13.5103,15.012360000000001
77.0,2.0,15.4871,57.9805,20.2103,14.3859
77.0,2.0,17.03581,63.77855,20.2103,15.82449
77.0,3.0,17.0496,78.164,27.0301,14.9364
77.0,3.0,18.754560000000005,85.9804,27.0301,16.43004
77.0,4.0,16.8128,98.5521,33.7222,15.4832
77.0,4.0,18.49408,108.40731000000001,33.7222,17.03152
78.0,0.0,-19.4305,-4.8005,-26.8666,15.2582
78.0,0.0,-21.37355,-5.280550000000001,-26.8666,16.78402
78.0,1.0,-36.278,-16.8483,-53.7707,15.9329
78.0,1.0,-39.9058,-18.53313,-53.7707,17.52619
78.0,2.0,-48.5305,-35.2195,-80.643,16.522
78.0,2.0,-53.38355000000001,-38.74145,-80.643,18.1742
78.0,3.0,-54.551,-58.5293,-107.5462,17.1696
78.0,3.0,-60.0061,-64.38223,-107.5462,18.88656
78.0,4.0,-52.9292,-84.8774,-134.4235,17.6503
78.0,4.0,-58.222120000000004,-93.36514,-134.4235,19.415330000000004
79.0,0.0,3.7697,19.6089,-53.0302,17.3672
79.0,0.0,4.14667,21.56979,-53.0302,19.103920000000002
79.0,1.0,6.294,39.5249,-106.0673,18.1286
79.0,1.0,6.9234,43.47739000000001,-106.0673,19.94146
79.0,2.0,7.5448,59.5349,-159.0563,18.5642
79.0,2.0,8.299280000000001,65.48839000000001,-159.0563,20.42062
79.0,3.0,7.5021,79.6484,-212.1075,19.5851
79.0,3.0,8.252310000000001,87.61324,-212.1075,21.54361
79.0,4.0,6.1727,99.7942,-265.1266,20.1944
79.0,4.0,6.78997,109.77362000000001,-265.1266,22.213840000000005
80.0,0.0,13.5794,14.7338,-14.0274,16.4705
80.0,0.0,14.93734,16.20718,-14.0274,18.11755
80.0,1.0,24.5998,31.5379,-28.0872,17.2167
80.0,1.0,27.05978,34.69169,-28.0872,18.938370000000003
80.0,2.0,32.9442,50.1591,-42.1425,17.8671
80.0,2.0,36.238620000000004,55.17501000000001,-42.1425,19.653810000000004
80.0,3.0,38.2432,70.2288,-56.1952,18.4054
80.0,3.0,42.06752,77.25168000000001,-56.1952,20.24594
80.0,4.0,40.4641,91.4431,-70.2333,19.1756
80.0,4.0,44.510510000000004,100.58741,-70.2333,21.09316
81.0,0.0,-6.6999,-18.8152,-80.2187,2.5051
81.0,0.0,-7.369890000000001,-20.696720000000003,-80.2187,2.7556100000000003
81.0,1.0,-27.038,-29.4351,-160.436,3.2008
81.0,1.0,-29.7418,-32.37861,-160.436,3.5208800000000005
81.0,2.0,-54.6045,-24.8478,-240.6815,3.8796
81.0,2.0,-60.06495,-27.33258,-240.6815,4.2675600000000005
81.0,3.0,-79.9567,-2.0265,-320.9044,4.6334
81.0,3.0,-87.95237,-2.22915,-320.9044,5.0967400000000005
81.0,4.0,-93.0034,36.7241,-401.0766,5.312
81.0,4.0,-102.30374,40.396510000000006,-401.0766,5.8432
82.0,0.0,-19.9229,-2.0223,-57.3291,23.4175
82.0,0.0,-21.91519,-2.22453,-57.3291,25.75925
82.0,1.0,-40.0015,-0.2625,-114.6726,23.9877
82.0,1.0,-44.001650000000005,-0.28875000000000006,-114.6726,26.386470000000003
82.0,2.0,-59.7544,5.3052,-171.9658,24.7947
82.0,2.0,-65.72984,5.83572,-171.9658,27.27417
82.0,3.0,-78.6463,14.6107,-229.3153,25.6298
82.0,3.0,-86.51093,16.07177,-229.3153,28.192780000000003
82.0,4.0,-96.1569,27.5443,-286.6435,26.0219
82.0,4.0,-105.77259000000001,30.298730000000003,-286.6435,28.624090000000002
83.0,0.0,19.9304,1.581,15.767,8.6267
83.0,0.0,21.92344,1.7391,15.767,9.489370000000001
83.0,1.0,40.0171,1.9394,31.4808,9.3666
83.0,1.0,44.01881,2.13334,31.4808,10.303260000000002
83.0,2.0,59.979,1.1148,47.2828,10.0503
83.0,2.0,65.9769,1.22628,47.2828,11.055330000000001
83.0,3.0,80.0143,-0.8337,63.0018,10.67
83.0,3.0,88.01573000000002,-0.91707,63.0018,11.737
83.0,4.0,99.9218,-3.9787,78.7606,11.3394
83.0,4.0,109.91398000000001,-4.37657,78.7606,12.47334
84.0,0.0,6.8097,-18.776,8.7912,3.2762
84.0,0.0,7.490670000000001,-20.6536,8.7912,3.6038200000000002
84.0,1.0,15.1657,-37.0083,17.5866,3.7517
84.0,1.0,16.68227,-40.70913,17.5866,4.12687
84.0,2.0,25.1211,-54.5077,26.4092,4.442
84.0,2.0,27.633210000000002,-59.958470000000005,26.4092,4.8862000000000005
84.0,3.0,36.4878,-71.2202,35.2109,5.2705
84.0,3.0,40.13658,-78.34222000000001,35.2109,5.797550000000001
84.0,4.0,49.2882,-86.9631,43.9534,5.767
84.0,4.0,54.217020000000005,-95.65941000000001,43.9534,6.343700000000001
85.0,0.0,-18.7624,6.8077,18.529,18.7298
85.0,0.0,-20.638640000000002,7.48847,18.529,20.602780000000003
85.0,1.0,-36.5252,16.2683,37.0815,19.4768
85.0,1.0,-40.17772,17.89513,37.0815,21.424480000000003
85.0,2.0,-52.9271,28.2576,55.6096,20.0618
85.0,2.0,-58.21981000000001,31.083360000000003,55.6096,22.067980000000002
85.0,3.0,-67.7519,42.5742,74.1605,20.8031
85.0,3.0,-74.52709000000002,46.83162,74.1605,22.88341
85.0,4.0,-80.6941,59.144,92.672,21.4401
85.0,4.0,-88.76351000000001,65.0584,92.672,23.584110000000003
86.0,0.0,-19.4075,-4.8737,11.2355,12.5408
86.0,0.0,-21.34825,-5.361070000000001,11.2355,13.794880000000003
86.0,1.0,-38.5358,-10.6973,22.4702,13.1956
86.0,1.0,-42.38938,-11.767030000000002,22.4702,14.515160000000002
86.0,2.0,-57.4113,-17.4741,33.692,13.9381
86.0,2.0,-63.15243,-19.221510000000002,33.692,15.331910000000002
86.0,3.0,-75.9374,-25.1916,44.8772,14.5177
86.0,3.0,-83.53114000000001,-27.710760000000004,44.8772,15.969470000000001
86.0,4.0,-94.1166,-33.8138,56.1293,15.129
86.0,4.0,-103.52826000000002,-37.19518,56.1293,16.6419
87.0,0.0,-16.4311,11.4156,-59.2673,1.3029
87.0,0.0,-18.07421,12.55716,-59.2673,1.43319
87.0,1.0,-33.4925,21.8455,-118.5129,1.8884
87.0,1.0,-36.841750000000005,24.030050000000003,-118.5129,2.07724
87.0,2.0,-51.1843,31.3189,-177.7648,2.6749
87.0,2.0,-56.302730000000004,34.450790000000005,-177.7648,2.9423900000000005
87.0,3.0,-69.4069,39.7931,-237.0244,3.3146
87.0,3.0,-76.34759,43.77241000000001,-237.0244,3.6460600000000003
87.0,4.0,-88.19,47.1854,-296.2834,4.0307
87.0,4.0,-97.009,51.903940000000006,-296.2834,4.433770000000001
88.0,0.0,4.6065,19.4655,-10.7338,16.2024
88.0,0.0,5.06715,21.41205,-10.7338,17.822640000000003
88.0,1.0,7.5828,39.2743,-21.4531,16.8877
88.0,1.0,8.34108,43.20173,-21.4531,18.57647
88.0,2.0,8.7676,59.3588,-32.1847,17.5647
88.0,2.0,9.64436,65.29468000000001,-32.1847,19.32117
88.0,3.0,8.2231,79.602,-42.9332,18.0951
88.0,3.0,9.045410000000002,87.5622,-42.9332,19.90461
88.0,4.0,5.9128,99.8253,-53.6625,18.9309
88.0,4.0,6.50408,109.80783000000001,-53.6625,20.823990000000002
89.0,0.0,-18.9048,-6.4147,-21.1696,23.3978
89.0,0.0,-20.79528,-7.056170000000001,-21.1696,25.73758
89.0,1.0,-37.486,-13.8871,-42.3928,24.0115
89.0,1.0,-41.2346,-15.275810000000002,-42.3928,26.412650000000003
89.0,2.0,-55.6858,-22.3492,-63.5782,24.6142
89.0,2.0,-61.254380000000005,-24.584120000000002,-63.5782,27.075620000000004
89.0,3.0,-73.4488,-31.7544,-84.7878,25.3461
89.0,3.0,-80.79368000000001,-34.929840000000006,-84.7878,27.88071
89.0,4.0,-90.6576,-42.1496,-105.9636,25.8341
89.0,4.0,-99.72336000000001,-46.364560000000004,-105.9636,28.41751
90.0,0.0,5.707,-19.1789,12.7662,22.2364
90.0,0.0,6.2777,-21.09679,12.7662,24.460040000000003
90.0,1.0,13.0787,-37.805,25.5117,22.9392
90.0,1.0,14.38657,-41.5855,25.5117,25.233120000000003
90.0,2.0,22.0356,-55.7912,38.2736,23.6805
90.0,2.0,24.239160000000002,-61.37032000000001,38.2736,26.04855
90.0,3.0,32.5512,-73.1045,51.048,24.185
90.0,3.0,35.80632000000001,-80.41495,51.048,26.6035
90.0,4.0,44.5458,-89.5388,63.7823,24.8178
90.0,4.0,49.00038000000001,-98.49268000000001,63.7823,27.29958
91.0,0.0,19.2924,5.2968,11.228,1.1118
91.0,0.0,21.22164,5.826480000000001,11.228,1.22298
91.0,1.0,35.8558,17.7496,22.4598,2.021
91.0,1.0,39.44138,19.52456,22.4598,2.2231
91.0,2.0,47.7622,36.3302,33.7012,2.5229
91.0,2.0,52.53842,39.96322,33.7012,2.7751900000000003
91.0,3.0,53.2948,59.6888,44.9146,3.2056
91.0,3.0,58.624280000000006,65.65768,44.9146,3.5261600000000004
91.0,4.0,51.2298,85.8526,56.1142,3.9927
91.0,4.0,56.35278,94.43786,56.1142,4.391970000000001
92.0,0.0,-19.6953,3.6337,0.8206,13.1803
92.0,0.0,-21.664830000000002,3.9970700000000003,0.8206,14.498330000000003
92.0,1.0,-39.113,8.381,1.6692,14.0392
92.0,1.0,-43.024300000000004,9.219100000000001,1.6692,15.44312
92.0,2.0,-58.3089,14.2119,2.3758,14.8879
92.0,2.0,-64.13979,15.633090000000001,2.3758,16.37669
92.0,3.0,-77.1512,21.1475,3.2584,15.4409
92.0,3.0,-84.86632000000002,23.26225,3.2584,16.98499
92.0,4.0,-95.6596,29.1205,4.0387,16.0651
92.0,4.0,-105.22556,32.03255,4.0387,17.67161
93.0,0.0,-19.7898,2.7917,-71.3535,25.3491
93.0,0.0,-21.76878,3.07087,-71.3535,27.884010000000004
93.0,1.0,-39.8721,3.3243,-142.6956,26.0046
93.0,1.0,-43.85931000000001,3.6567300000000005,-142.6956,28.60506
93.0,2.0,-59.9695,1.4965,-214.0492,26.6712
93.0,2.0,-65.96645,1.64615,-214.0492,29.33832
93.0,3.0,-79.943,-2.5896,-285.4074,27.4007
93.0,3.0,-87.93730000000001,-2.84856,-285.4074,30.140770000000003
93.0,4.0,-99.5866,-8.977,-356.777,27.8918
93.0,4.0,-109.54526000000001,-9.8747,-356.777,30.68098
94.0,0.0,-19.9092,1.7119,-6.3083,16.6317
94.0,0.0,-21.90012,1.8830900000000002,-6.3083,18.29487
94.0,1.0,-39.9276,2.4678,-12.6413,17.029
94.0,1.0,-43.92036,2.71458,-12.6413,18.731900000000003
94.0,2.0,-59.9405,2.2674,-18.9631,17.8786
94.0,2.0,-65.93455,2.4941400000000002,-18.9631,19.66646
94.0,3.0,-80.0013,1.0594,-25.2838,18.5577
94.0,3.0,-88.00143000000001,1.16534,-25.2838,20.413470000000004
94.0,4.0,-100.0109,-1.0269,-31.5768,19.1655
94.0,4.0,-110.01199000000001,-1.12959,-31.5768,21.082050000000002
95.0,0.0,-19.9442,1.0344,-52.5656,15.0033
95.0,0.0,-21.93862,1.1378400000000002,-52.5656,16.50363
95.0,1.0,-39.7874,3.9876,-105.1569,15.7219
95.0,1.0,-43.76614,4.386360000000001,-105.1569,17.29409
95.0,2.0,-59.3523,8.7173,-157.7015,16.3107
95.0,2.0,-65.28753,9.589030000000001,-157.7015,17.94177
95.0,3.0,-78.4974,15.3966,-210.2899,17.0283
95.0,3.0,-86.34714000000001,16.93626,-210.2899,18.731130000000004
95.0,4.0,-97.1146,23.8801,-262.8526,17.5132
95.0,4.0,-106.82606,26.26811,-262.8526,19.264520000000005
96.0,0.0,16.589,11.1898,-75.1221,10.3757
96.0,0.0,18.2479,12.30878,-75.1221,11.41327
96.0,1.0,34.1029,20.8895,-150.2663,10.8823
96.0,1.0,37.51319,22.978450000000002,-150.2663,11.970530000000002
96.0,2.0,52.5028,28.9968,-225.4037,11.5879
96.0,2.0,57.753080000000004,31.896480000000004,-225.4037,12.746690000000001
96.0,3.0,71.6195,35.5669,-300.561,12.3658
96.0,3.0,78.78145,39.12359,-300.561,13.602380000000002
96.0,4.0,91.4441,40.4792,-375.7065,12.9412
96.0,4.0,100.58851000000001,44.527120000000004,-375.7065,14.235320000000002
97.0,0.0,9.0677,-17.8243,101.9385,18.2799
97.0,0.0,9.974470000000002,-19.606730000000002,101.9385,20.107890000000005
97.0,1.0,19.4768,-34.945,203.8036,18.8633
97.0,1.0,21.424480000000003,-38.4395,203.8036,20.74963
97.0,2.0,31.249,-51.2162,305.7485,19.6768
97.0,2.0,34.3739,-56.33782000000001,305.7485,21.64448
97.0,3.0,44.318,-66.6029,407.6274,20.3417
97.0,3.0,48.7498,-73.26319000000001,407.6274,22.375870000000003
97.0,4.0,58.5685,-81.0488,509.5203,21.0813
97.0,4.0,64.42535000000001,-89.15368000000001,509.5203,23.18943
98.0,0.0,8.4529,18.1455,7.4197,13.8105
98.0,0.0,9.29819,19.96005,7.4197,15.191550000000001
98.0,1.0,23.4166,32.5004,14.9387,14.537
98.0,1.0,25.75826,35.750440000000005,14.9387,15.990700000000002
98.0,2.0,43.4626,41.3412,22.3829,15.2596
98.0,2.0,47.80886,45.47532,22.3829,16.785560000000004
98.0,3.0,67.2069,43.393,29.8784,15.8091
98.0,3.0,73.92759000000001,47.7323,29.8784,17.390010000000004
98.0,4.0,92.658,37.646,37.3547,16.6907
98.0,4.0,101.92380000000001,41.4106,37.3547,18.35977
99.0,0.0,19.8819,-2.0557,-62.4488,5.3092
99.0,0.0,21.870090000000005,-2.26127,-62.4488,5.84012
99.0,1.0,39.8824,-2.8418,-124.895,5.8821
99.0,1.0,43.87064,-3.12598,-124.895,6.4703100000000004
99.0,2.0,59.9719,-2.2994,-187.3165,6.6681
99.0,2.0,65.96909000000001,-2.52934,-187.3165,7.334910000000001
99.0,3.0,79.9874,-0.5584,-249.809,7.4382
99.0,3.0,87.98614,-0.61424,-249.809,8.182020000000001
99.0,4.0,99.93,2.4978,-312.2483,7.9901
99.0,4.0,109.92300000000002,2.74758,-312.2483,8.78911
100.0,0.0,-19.3066,5.1859,65.7323,9.3513
100.0,0.0,-21.237260000000003,5.704490000000001,65.7323,10.286430000000001
100.0,1.0,-38.3085,11.5105,131.4969,10.1453
100.0,1.0,-42.13935000000001,12.661550000000002,131.4969,11.159830000000001
100.0,2.0,-56.8941,19.0113,197.2229,10.6814
100.0,2.0,-62.583510000000004,20.91243,197.2229,11.749540000000001
100.0,3.0,-75.068,27.6106,262.9436,11.422
100.0,3.0,-82.57480000000001,30.371660000000006,262.9436,12.564200000000001
100.0,4.0,-92.7958,37.2803,328.6847,11.8976
100.0,4.0,-102.07538000000001,41.00833,328.6847,13.087360000000002
101.0,0.0,-16.9968,-10.5599,-9.1781,17.8318
101.0,0.0,-18.69648,-11.615890000000002,-9.1781,19.614980000000003
101.0,1.0,-28.0451,-28.5187,-18.2589,18.6492
101.0,1.0,-30.849610000000006,-31.37057,-18.2589,20.514120000000002
101.0,2.0,-30.8116,-51.4539,-27.426,19.0755
101.0,2.0,-33.89276,-56.59929,-27.426,20.983050000000002
101.0,3.0,-23.8107,-76.3488,-36.5293,19.9281
101.0,3.0,-26.19177,-83.98368,-36.5293,21.920910000000003
101.0,4.0,-6.4026,-99.7853,-45.6793,20.5637
101.0,4.0,-7.04286,-109.76383000000001,-45.6793,22.620070000000002
102.0,0.0,-0.5133,-20.0042,1.4497,21.8002
102.0,0.0,-0.5646300000000001,-22.004620000000003,1.4497,23.980220000000003
102.0,1.0,0.1643,-40.0219,2.95,22.5047
102.0,1.0,0.18073000000000003,-44.02409000000001,2.95,24.755170000000003
102.0,2.0,2.0028,-59.9211,4.4382,23.071
102.0,2.0,2.2030800000000004,-65.91321,4.4382,25.378100000000003
102.0,3.0,5.1927,-79.8316,5.9,23.8571
102.0,3.0,5.711970000000001,-87.81476,5.9,26.242810000000002
102.0,4.0,9.5293,-99.5842,7.3807,24.3918
102.0,4.0,10.48223,-109.54262,7.3807,26.830980000000004
103.0,0.0,11.0887,16.6661,-76.8715,14.8398
103.0,0.0,12.19757,18.332710000000002,-76.8715,16.323780000000003
103.0,1.0,23.8627,32.065,-153.7151,15.5541
103.0,1.0,26.248970000000003,35.2715,-153.7151,17.10951
103.0,2.0,38.2202,46.2595,-230.5405,15.9693
103.0,2.0,42.04222,50.885450000000006,-230.5405,17.56623
103.0,3.0,54.0287,58.9781,-307.444,16.8727
103.0,3.0,59.43157000000001,64.87591,-307.444,18.55997
103.0,4.0,71.2324,70.1885,-384.2709,17.3095
103.0,4.0,78.35564000000001,77.20735,-384.2709,19.04045
104.0,0.0,-16.8638,-10.7351,-96.6423,9.227
104.0,0.0,-18.550180000000005,-11.80861,-96.6423,10.149700000000001
104.0,1.0,-32.3275,-23.5463,-193.3151,9.6841
104.0,1.0,-35.56025,-25.90093,-193.3151,10.652510000000001
104.0,2.0,-46.3028,-38.1572,-289.9999,10.5873
104.0,2.0,-50.933080000000004,-41.97292000000001,-289.9999,11.646030000000001
104.0,3.0,-58.507,-54.5566,-386.71,10.7895
104.0,3.0,-64.35770000000001,-60.012260000000005,-386.71,11.868450000000001
104.0,4.0,-68.8794,-72.4888,-483.3141,11.7568
104.0,4.0,-75.76734,-79.73768,-483.3141,12.932480000000002
105.0,0.0,-11.1487,16.5634,-55.1163,3.1573
105.0,0.0,-12.263570000000001,18.21974,-55.1163,3.4730300000000005
105.0,1.0,-20.8661,34.149,-110.1921,3.6588
105.0,1.0,-22.95271,37.563900000000004,-110.1921,4.02468
105.0,2.0,-29.0091,52.5533,-165.2775,4.2748
105.0,2.0,-31.910010000000003,57.80863000000001,-165.2775,4.70228
105.0,3.0,-35.5095,71.6997,-220.4079,4.8153
105.0,3.0,-39.06045,78.86967000000001,-220.4079,5.29683
105.0,4.0,-40.3651,91.4751,-275.4715,5.6207
105.0,4.0,-44.401610000000005,100.62261000000001,-275.4715,6.1827700000000005
106.0,0.0,-17.9375,8.7665,3.6801,25.3443
106.0,0.0,-19.731250000000003,9.643150000000002,3.6801,27.878730000000004
106.0,1.0,-34.7311,19.8807,7.3944,25.9296
106.0,1.0,-38.20421,21.86877,7.3944,28.522560000000002
106.0,2.0,-50.0312,33.0943,11.0581,26.6347
106.0,2.0,-55.03432,36.40373,11.0581,29.298170000000002
106.0,3.0,-63.7125,48.3534,14.7821,27.2743
106.0,3.0,-70.08375000000001,53.18874,14.7821,30.001730000000002
106.0,4.0,-75.6019,65.4835,18.4069,27.6923
106.0,4.0,-83.16209,72.03185000000002,18.4069,30.461530000000003
107.0,0.0,15.9887,12.0514,14.9403,18.6227
107.0,0.0,17.58757,13.256540000000001,14.9403,20.48497
107.0,1.0,30.8088,25.5408,29.854,19.563
107.0,1.0,33.889680000000006,28.094880000000003,29.854,21.5193
107.0,2.0,44.4183,40.3347,44.7603,20.0378
107.0,2.0,48.860130000000005,44.36817,44.7603,22.041580000000003
107.0,3.0,56.7665,56.3874,59.648,20.7126
107.0,3.0,62.44315,62.026140000000005,59.648,22.78386
107.0,4.0,67.6543,73.636,74.5757,21.4118
107.0,4.0,74.41973000000002,80.9996,74.5757,23.55298
108.0,0.0,19.9709,1.0572,-2.9273,5.6762
108.0,0.0,21.96799,1.16292,-2.9273,6.24382
108.0,1.0,39.8388,3.3322,-5.85,6.2683
108.0,1.0,43.822680000000005,3.66542,-5.85,6.895130000000001
108.0,2.0,59.6412,6.7989,-8.7895,6.9666
108.0,2.0,65.60532,7.47879,-8.7895,7.66326
108.0,3.0,79.1746,11.4561,-11.6525,7.5026
108.0,3.0,87.09206,12.60171,-11.6525,8.25286
108.0,4.0,98.4757,17.2417,-14.546,8.1777
108.0,4.0,108.32327000000001,18.965870000000002,-14.546,8.995470000000001
109.0,0.0,11.919,16.0536,70.7478,1.2706
109.0,0.0,13.1109,17.65896,70.7478,1.3976600000000001
109.0,1.0,22.9713,32.7136,141.4875,1.9764
109.0,1.0,25.268430000000002,35.98496,141.4875,2.17404
109.0,2.0,33.2455,49.9286,212.249,2.5386
109.0,2.0,36.57005,54.92146000000001,212.249,2.7924600000000006
109.0,3.0,42.6332,67.7135,282.9598,3.0994
109.0,3.0,46.89652000000001,74.48485000000001,282.9598,3.4093400000000003
109.0,4.0,51.1595,85.9014,353.72,3.9814
109.0,4.0,56.275450000000006,94.49154,353.72,4.37954
110.0,0.0,18.3123,8.1057,-82.9257,19.4162
110.0,0.0,20.143530000000002,8.91627,-82.9257,21.35782
110.0,1.0,36.1215,17.2036,-165.8902,19.9575
110.0,1.0,39.73365,18.923960000000005,-165.8902,21.95325
110.0,2.0,53.4686,27.2164,-248.9257,20.7841
110.0,2.0,58.81546000000001,29.93804,-248.9257,22.86251
110.0,3.0,70.2936,38.1709,-331.87,21.5266
110.0,3.0,77.32296000000001,41.98799,-331.87,23.67926
110.0,4.0,86.543,50.0404,-414.8494,21.8714
110.0,4.0,95.19730000000001,55.04444,-414.8494,24.058540000000004
111.0,0.0,-7.4726,-18.6315,-30.9369,2.8434
111.0,0.0,-8.21986,-20.49465,-30.9369,3.12774
111.0,1.0,-13.9017,-37.5045,-61.8513,3.361
111.0,1.0,-15.291870000000001,-41.25495,-61.8513,3.6971000000000007
111.0,2.0,-19.1917,-56.8469,-92.8241,4.1538
111.0,2.0,-21.110870000000002,-62.53159,-92.8241,4.569180000000001
111.0,3.0,-23.4956,-76.4333,-123.7239,4.8676
111.0,3.0,-25.84516,-84.07663000000001,-123.7239,5.354360000000001
111.0,4.0,-26.7334,-96.3515,-154.6219,5.6803
111.0,4.0,-29.406740000000003,-105.98665000000001,-154.6219,6.24833
112.0,0.0,-16.4184,-11.3975,-15.2215,7.0443
112.0,0.0,-18.06024,-12.537250000000002,-15.2215,7.74873
112.0,1.0,-30.9514,-25.3308,-30.4345,7.6049
112.0,1.0,-34.04654,-27.86388,-30.4345,8.36539
112.0,2.0,-43.1528,-41.6593,-45.6592,8.5699
112.0,2.0,-47.46808,-45.825230000000005,-45.6592,9.426890000000002
112.0,3.0,-52.8981,-60.0208,-60.8598,9.0226
112.0,3.0,-58.18791,-66.02288,-60.8598,9.92486
112.0,4.0,-59.836,-80.0802,-76.0624,9.7557
112.0,4.0,-65.81960000000001,-88.08822,-76.0624,10.73127
113.0,0.0,10.7841,16.811,57.7806,22.39
113.0,0.0,11.862510000000002,18.4921,57.7806,24.629
113.0,1.0,23.2835,32.5137,115.5735,23.0737
113.0,1.0,25.61185,35.76507,115.5735,25.38107
113.0,2.0,37.4085,46.9152,173.3341,23.6217
113.0,2.0,41.14935,51.60672,173.3341,25.983870000000003
113.0,3.0,53.0629,59.8338,231.1577,24.3205
113.0,3.0,58.36919,65.81718000000001,231.1577,26.752550000000003
113.0,4.0,70.1309,71.3176,288.8948,25.0696
113.0,4.0,77.14399,78.44936,288.8948,27.576560000000004
114.0,0.0,-14.6526,13.6472,20.6268,11.7177
114.0,0.0,-16.11786,15.011920000000002,20.6268,12.889470000000001
114.0,1.0,-27.8254,28.7092,41.3473,12.2267
114.0,1.0,-30.60794,31.58012,41.3473,13.44937
114.0,2.0,-39.5764,45.0951,61.9821,12.9837
114.0,2.0,-43.534040000000005,49.60461000000001,61.9821,14.282070000000003
114.0,3.0,-49.6516,62.6941,82.6526,13.6139
114.0,3.0,-54.616760000000006,68.96351,82.6526,14.975290000000001
114.0,4.0,-58.0815,81.4061,103.3006,14.2609
114.0,4.0,-63.88965,89.54671,103.3006,15.686990000000002
115.0,0.0,-15.4119,12.7709,-46.3943,4.4651
115.0,0.0,-16.95309,14.04799,-46.3943,4.91161
115.0,1.0,-32.2917,23.5942,-92.8173,5.3371
115.0,1.0,-35.52087,25.953620000000004,-92.8173,5.8708100000000005
115.0,2.0,-50.5338,32.2732,-139.208,5.6726
115.0,2.0,-55.587180000000004,35.50052000000001,-139.208,6.23986
115.0,3.0,-69.9815,38.7859,-185.5939,6.302
115.0,3.0,-76.97965,42.66449,-185.5939,6.9322
115.0,4.0,-90.2492,42.9839,-232.0488,7.1409
115.0,4.0,-99.27412000000001,47.28229,-232.0488,7.854990000000001
116.0,0.0,6.6755,-18.8713,5.2255,16.5866
116.0,0.0,7.343050000000001,-20.758430000000004,5.2255,18.245260000000002
116.0,1.0,16.3905,-36.4842,10.3663,17.2557
116.0,1.0,18.02955,-40.13262,10.3663,18.981270000000002
116.0,2.0,29.1767,-52.389,15.5596,17.8371
116.0,2.0,32.094370000000005,-57.62790000000001,15.5596,19.620810000000002
116.0,3.0,44.6857,-66.3175,20.7068,18.5129
116.0,3.0,49.154270000000004,-72.94925,20.7068,20.36419
116.0,4.0,62.7162,-77.8439,25.865,19.1604
116.0,4.0,68.98782,-85.62829,25.865,21.07644
117.0,0.0,-18.4898,7.5877,-25.6761,6.7831
117.0,0.0,-20.33878,8.34647,-25.6761,7.461410000000001
117.0,1.0,-35.9403,17.5258,-51.3878,7.3381
117.0,1.0,-39.534330000000004,19.278380000000002,-51.3878,8.07191
117.0,2.0,-52.1597,29.6677,-77.0402,7.9626
117.0,2.0,-57.37567000000001,32.63447,-77.0402,8.75886
117.0,3.0,-66.8983,43.8998,-102.6925,8.6882
117.0,3.0,-73.58813,48.28978,-102.6925,9.557020000000001
117.0,4.0,-79.9552,60.0821,-128.4092,9.4652
117.0,4.0,-87.95072000000002,66.09031,-128.4092,10.41172
118.0,0.0,18.5034,7.4569,-17.2292,9.2419
118.0,0.0,20.353740000000002,8.20259,-17.2292,10.16609
118.0,1.0,35.0657,19.1592,-34.4619,10.0542
118.0,1.0,38.57227,21.07512,-34.4619,11.05962
118.0,2.0,49.0203,34.6048,-51.7124,10.5873
118.0,2.0,53.92233,38.06528,-51.7124,11.646030000000001
118.0,3.0,59.6749,53.3424,-68.9516,11.3781
118.0,3.0,65.64239,58.67664,-68.9516,12.515910000000002
118.0,4.0,66.4189,74.7203,-86.1514,12.0484
118.0,4.0,73.06079,82.19233,-86.1514,13.253240000000002
119.0,0.0,17.2373,-10.1209,28.2187,4.9081
119.0,0.0,18.961030000000004,-11.132990000000001,28.2187,5.398910000000001
119.0,1.0,37.0672,-14.9907,56.3553,5.5253
119.0,1.0,40.773920000000004,-16.48977,56.3553,6.0778300000000005
119.0,2.0,58.2906,-14.218,84.5294,5.937
119.0,2.0,64.11966,-15.639800000000001,84.5294,6.5307
119.0,3.0,79.6432,-7.4612,112.7257,6.8678
119.0,3.0,87.60752,-8.207320000000001,112.7257,7.5545800000000005
119.0,4.0,99.852,5.2472,140.9195,7.4157
119.0,4.0,109.83720000000001,5.771920000000001,140.9195,8.15727
120.0,0.0,19.6838,3.6599,48.2469,5.4386
120.0,0.0,21.652180000000005,4.02589,48.2469,5.9824600000000006
120.0,1.0,39.5991,5.696,96.4499,6.2615
120.0,1.0,43.55901,6.2656,96.4499,6.887650000000001
120.0,2.0,59.7107,6.1029,144.6597,6.9371
120.0,2.0,65.68177000000001,6.713190000000001,144.6597,7.63081
120.0,3.0,79.8889,4.8802,192.8763,7.5003
120.0,3.0,87.87779000000002,5.368220000000001,192.8763,8.250330000000002
120.0,4.0,99.9402,2.0091,241.0871,8.0654
120.0,4.0,109.93422000000001,2.2100100000000005,241.0871,8.87194
121.0,0.0,-19.9402,1.6971,-3.3412,10.349
121.0,0.0,-21.934220000000003,1.8668100000000003,-3.3412,11.3839
121.0,1.0,-39.961,1.7283,-6.7228,11.2695
121.0,1.0,-43.957100000000004,1.90113,-6.7228,12.396450000000002
121.0,2.0,-59.9763,0.1283,-10.0514,11.743
121.0,2.0,-65.97393000000001,0.14113,-10.0514,12.917300000000001
121.0,3.0,-79.9238,-3.1154,-13.3996,12.2667
121.0,3.0,-87.91618000000001,-3.4269400000000005,-13.3996,13.49337
121.0,4.0,-99.6745,-7.99,-16.7401,12.995
121.0,4.0,-109.64195000000001,-8.789000000000001,-16.7401,14.294500000000001
122.0,0.0,-0.7302,-19.9934,63.1193,12.2643
122.0,0.0,-0.80322,-21.99274,63.1193,13.490730000000001
122.0,1.0,1.171,-39.9943,126.1851,13.1955
122.0,1.0,1.2881000000000002,-43.993730000000006,126.1851,14.51505
122.0,2.0,5.703,-59.7351,189.273,13.7578
122.0,2.0,6.273300000000001,-65.70861000000001,189.273,15.13358
122.0,3.0,12.7799,-78.9483,252.3914,14.5663
122.0,3.0,14.05789,-86.84313000000002,252.3914,16.022930000000002
122.0,4.0,22.3694,-97.4234,315.4837,15.0901
122.0,4.0,24.60634,-107.16574000000001,315.4837,16.59911
123.0,0.0,10.6114,16.9583,48.3343,21.5625
123.0,0.0,11.672540000000001,18.654130000000002,48.3343,23.718750000000004
123.0,1.0,18.4054,35.5403,96.7071,22.206
123.0,1.0,20.24594,39.09433000000001,96.7071,24.4266
123.0,2.0,23.2507,55.3301,145.091,22.9597
123.0,2.0,25.57577,60.863110000000006,145.091,25.255670000000002
123.0,3.0,25.0309,76.0219,193.4978,23.7934
123.0,3.0,27.533990000000003,83.62409000000001,193.4978,26.17274
123.0,4.0,23.5567,97.1774,241.82,24.1317
123.0,4.0,25.912370000000003,106.89514000000001,241.82,26.54487
124.0,0.0,14.6768,13.6427,-19.2075,17.8764
124.0,0.0,16.14448,15.00697,-19.2075,19.664040000000004
124.0,1.0,29.9108,26.5451,-38.4725,18.4002
124.0,1.0,32.90188,29.199610000000003,-38.4725,20.240220000000004
124.0,2.0,45.7858,38.7908,-57.6827,19.2929
124.0,2.0,50.364380000000004,42.66988,-57.6827,21.22219
124.0,3.0,62.2037,50.2998,-76.919,19.8304
124.0,3.0,68.42407,55.32978,-76.919,21.813440000000003
124.0,4.0,79.197,61.0556,-96.135,20.5675
124.0,4.0,87.11670000000001,67.16116000000001,-96.135,22.62425
125.0,0.0,-17.0714,10.421,77.9948,12.4946
125.0,0.0,-18.778540000000003,11.4631,77.9948,13.744060000000001
125.0,1.0,-31.5732,24.5701,155.9167,13.3526
125.0,1.0,-34.730520000000006,27.027110000000004,155.9167,14.687860000000002
125.0,2.0,-42.8341,41.9693,233.8776,13.8609
125.0,2.0,-47.11751,46.16623,233.8776,15.246990000000002
125.0,3.0,-50.4816,62.053,311.8964,14.7041
125.0,3.0,-55.52976,68.2583,311.8964,16.17451
125.0,4.0,-53.9817,84.166,389.8304,15.3461
125.0,4.0,-59.379870000000004,92.5826,389.8304,16.88071
126.0,0.0,18.1775,-8.3243,15.3373,10.6375
126.0,0.0,19.99525,-9.15673,15.3373,11.70125
126.0,1.0,35.0182,-19.3305,30.6019,11.1502
126.0,1.0,38.52002,-21.263550000000002,30.6019,12.265220000000001
126.0,2.0,50.2299,-32.8054,45.9533,11.7962
126.0,2.0,55.25289000000001,-36.08594,45.9533,12.975820000000002
126.0,3.0,63.4749,-48.6507,61.2464,12.5808
126.0,3.0,69.82239,-53.51577,61.2464,13.838880000000001
126.0,4.0,74.5959,-66.5476,76.5592,13.3516
126.0,4.0,82.05549,-73.20236000000001,76.5592,14.686760000000001
127.0,0.0,11.1533,-16.5858,1.0388,21.0799
127.0,0.0,12.26863,-18.24438,1.0388,23.18789
127.0,1.0,21.1893,-33.8912,2.034,21.7624
127.0,1.0,23.308230000000002,-37.28032,2.034,23.938640000000003
127.0,2.0,30.0449,-51.9281,3.1112,22.5573
127.0,2.0,33.04939,-57.12091,3.1112,24.813030000000005
127.0,3.0,37.6923,-70.5234,4.1268,23.0352
127.0,3.0,41.46153,-77.57574,4.1268,25.338720000000002
127.0,4.0,44.0829,-89.7657,5.1648,23.8241
127.0,4.0,48.49119,-98.74227,5.1648,26.206510000000005
128.0,0.0,17.9347,8.9328,0.301,3.4478
128.0,0.0,19.728170000000002,9.826080000000001,0.301,3.79258
128.0,1.0,36.274,16.8613,0.5856,4.3696
128.0,1.0,39.9014,18.547430000000002,0.5856,4.80656
128.0,2.0,55.0475,23.8928,0.8121,4.9854
128.0,2.0,60.55225,26.282080000000004,0.8121,5.4839400000000005
128.0,3.0,74.1667,29.9573,1.0222,5.7957
128.0,3.0,81.58337000000002,32.953030000000005,1.0222,6.37527
128.0,4.0,93.6792,35.0103,1.3577,6.0959
128.0,4.0,103.04712,38.51133,1.3577,6.705490000000001
129.0,0.0,-19.1349,-5.8934,-76.0256,17.6766
129.0,0.0,-21.04839,-6.482740000000001,-76.0256,19.444260000000003
129.0,1.0,-36.8256,-15.5986,-152.0933,18.4262
129.0,1.0,-40.508160000000004,-17.15846,-152.0933,20.26882
129.0,2.0,-52.6354,-28.8749,-228.1986,19.0327
129.0,2.0,-57.89894,-31.762390000000003,-228.1986,20.93597
129.0,3.0,-65.8868,-45.3722,-304.1996,19.648
129.0,3.0,-72.47548,-49.909420000000004,-304.1996,21.6128
129.0,4.0,-76.2348,-64.7589,-380.3068,20.2876
129.0,4.0,-83.85828000000001,-71.23479,-380.3068,22.316360000000003
130.0,0.0,-1.8295,-19.9369,-1.6031,10.3661
130.0,0.0,-2.01245,-21.930590000000002,-1.6031,11.40271
130.0,1.0,-2.2006,-39.9126,-3.2045,11.0017
130.0,1.0,-2.4206600000000003,-43.90386,-3.2045,12.10187
130.0,2.0,-1.181,-59.9397,-4.7728,11.6236
130.0,2.0,-1.2991000000000001,-65.93367,-4.7728,12.785960000000001
130.0,3.0,1.3086,-79.9762,-6.3269,12.1501
130.0,3.0,1.4394600000000002,-87.97382000000002,-6.3269,13.365110000000001
130.0,4.0,5.2222,-99.8672,-7.9523,13.2716
130.0,4.0,5.744420000000001,-109.85392,-7.9523,14.59876
131.0,0.0,7.6351,-18.4921,13.974,12.6642
131.0,0.0,8.398610000000001,-20.341310000000004,13.974,13.930620000000001
131.0,1.0,16.429,-36.4618,27.9088,13.3216
131.0,1.0,18.0719,-40.10798,27.9088,14.653760000000002
131.0,2.0,26.4439,-53.8371,41.8138,13.9727
131.0,2.0,29.08829,-59.22081000000001,41.8138,15.36997
131.0,3.0,37.6217,-70.5626,55.8141,14.5013
131.0,3.0,41.38387,-77.61886000000001,55.8141,15.951430000000002
131.0,4.0,49.8782,-86.7017,69.7719,15.3511
131.0,4.0,54.866020000000006,-95.37187000000002,69.7719,16.886210000000002
132.0,0.0,-8.0772,-18.3128,37.7477,6.8466
132.0,0.0,-8.884920000000001,-20.144080000000002,37.7477,7.5312600000000005
132.0,1.0,-19.5096,-34.9036,75.4867,7.669
132.0,1.0,-21.46056,-38.39396,75.4867,8.4359
132.0,2.0,-33.924,-49.4896,113.203,8.2627
132.0,2.0,-37.3164,-54.43856000000001,113.203,9.088970000000002
132.0,3.0,-51.1229,-61.5141,150.9525,8.8787
132.0,3.0,-56.23519,-67.66551,150.9525,9.766570000000002
132.0,4.0,-70.7245,-70.7041,188.6748,9.7104
132.0,4.0,-77.79695000000001,-77.77451,188.6748,10.68144
133.0,0.0,15.4445,-12.6266,-120.2142,14.3779
133.0,0.0,16.988950000000003,-13.88926,-120.2142,15.815690000000002
133.0,1.0,32.4004,-23.453,-240.4081,15.1263
133.0,1.0,35.64044,-25.7983,-240.4081,16.638930000000002
133.0,2.0,50.6737,-32.1545,-360.6249,15.5938
133.0,2.0,55.74107,-35.36995,-360.6249,17.153180000000003
133.0,3.0,70.0533,-38.6437,-480.79,16.4411
133.0,3.0,77.05863,-42.508070000000004,-480.79,18.08521
133.0,4.0,90.2858,-42.9369,-600.9984,16.7408
133.0,4.0,99.31438,-47.23059000000001,-600.9984,18.41488
134.0,0.0,-17.4539,9.7644,57.3299,6.8946
134.0,0.0,-19.19929,10.74084,57.3299,7.58406
134.0,1.0,-32.6739,23.0887,114.6605,7.6221
134.0,1.0,-35.94129000000001,25.39757,114.6605,8.384310000000001
134.0,2.0,-45.1576,39.4869,171.9615,8.1654
134.0,2.0,-49.67336000000001,43.435590000000005,171.9615,8.981940000000002
134.0,3.0,-54.4048,58.666,229.2682,9.0685
134.0,3.0,-59.84528000000001,64.5326,229.2682,9.97535
134.0,4.0,-59.9332,80.0336,286.624,9.6754
134.0,4.0,-65.92652000000001,88.03696000000002,286.624,10.642940000000001
135.0,0.0,15.7103,12.33,25.7751,20.5029
135.0,0.0,17.28133,13.563,25.7751,22.55319
135.0,1.0,30.8256,25.488,51.6014,21.1027
135.0,1.0,33.90816,28.036800000000003,51.6014,23.212970000000002
135.0,2.0,45.2949,39.4235,77.4117,21.6527
135.0,2.0,49.82439,43.36585,77.4117,23.817970000000003
135.0,3.0,58.914,54.1451,103.1682,22.4531
135.0,3.0,64.8054,59.559610000000006,103.1682,24.698410000000003
135.0,4.0,71.8667,69.5684,128.933,23.0923
135.0,4.0,79.05337,76.52524,128.933,25.401530000000005
136.0,0.0,-16.9722,10.6091,10.2558,20.327
136.0,0.0,-18.669420000000002,11.670010000000001,10.2558,22.359700000000004
136.0,1.0,-33.359,22.0411,20.5013,20.9459
136.0,1.0,-36.694900000000004,24.245210000000004,20.5013,23.040490000000005
136.0,2.0,-49.1981,34.3414,30.8178,21.5606
136.0,2.0,-54.11791,37.77554000000001,30.8178,23.716660000000005
136.0,3.0,-64.3684,47.4982,41.0733,22.4991
136.0,3.0,-70.80524,52.248020000000004,41.0733,24.749010000000002
136.0,4.0,-78.9356,61.4106,51.3164,23.2239
136.0,4.0,-86.82916,67.55166000000001,51.3164,25.546290000000003
137.0,0.0,-15.4931,-12.6197,-24.5045,21.3233
137.0,0.0,-17.04241,-13.881670000000002,-24.5045,23.455630000000003
137.0,1.0,-27.7576,-28.837,-49.0558,21.9855
137.0,1.0,-30.533360000000002,-31.7207,-49.0558,24.18405
137.0,2.0,-36.0594,-47.941,-73.5848,22.7388
137.0,2.0,-39.66534,-52.73510000000001,-73.5848,25.012680000000003
137.0,3.0,-40.0133,-69.2276,-98.1203,23.4876
137.0,3.0,-44.014630000000004,-76.15036,-98.1203,25.836360000000003
137.0,4.0,-39.2578,-91.9926,-122.6192,23.9574
137.0,4.0,-43.183580000000006,-101.19186,-122.6192,26.353140000000003
138.0,0.0,-18.2772,8.1246,58.3582,2.8392
138.0,0.0,-20.104920000000003,8.93706,58.3582,3.12312
138.0,1.0,-32.4312,23.4144,116.6672,3.6758
138.0,1.0,-35.67432,25.755840000000003,116.6672,4.043380000000001
138.0,2.0,-40.3932,44.3935,174.9808,4.0771
138.0,2.0,-44.432520000000004,48.83285000000001,174.9808,4.48481
138.0,3.0,-40.5495,68.9716,233.3705,4.707
138.0,3.0,-44.60445000000001,75.86876,233.3705,5.177700000000001
138.0,4.0,-31.8589,94.8146,291.7129,5.4706
138.0,4.0,-35.04479,104.29606000000001,291.7129,6.01766
139.0,0.0,18.3896,-7.7928,20.2325,19.6574
139.0,0.0,20.22856,-8.57208,20.2325,21.62314
139.0,1.0,37.6274,-13.5966,40.4437,20.4143
139.0,1.0,41.39014,-14.956260000000002,40.4437,22.455730000000003
139.0,2.0,57.4119,-17.4503,60.7699,21.1579
139.0,2.0,63.153090000000006,-19.19533,60.7699,23.273690000000002
139.0,3.0,77.6697,-19.1805,81.0329,21.7787
139.0,3.0,85.43667,-21.09855,81.0329,23.956570000000003
139.0,4.0,98.2258,-18.8911,101.2968,22.462
139.0,4.0,108.04838000000002,-20.780210000000004,101.2968,24.7082
140.0,0.0,10.4562,-17.1021,-2.3727,25.1783
140.0,0.0,11.501820000000002,-18.81231,-2.3727,27.696130000000004
140.0,1.0,19.8007,-34.773,-4.6816,25.8035
140.0,1.0,21.78077,-38.25030000000001,-4.6816,28.383850000000002
140.0,2.0,27.957,-53.0636,-7.0373,26.4275
140.0,2.0,30.752700000000004,-58.369960000000006,-7.0373,29.07025
140.0,3.0,35.0206,-71.943,-9.3538,27.1524
140.0,3.0,38.52266,-79.13730000000001,-9.3538,29.86764
140.0,4.0,40.7775,-91.3151,-11.7213,28.0471
140.0,4.0,44.855250000000005,-100.44661,-11.7213,30.851810000000004
141.0,0.0,-19.5744,-4.0359,19.2896,17.6158
141.0,0.0,-21.531840000000003,-4.43949,19.2896,19.377380000000002
141.0,1.0,-39.4937,-6.1142,38.5585,18.1529
141.0,1.0,-43.44307,-6.725620000000001,38.5585,19.96819
141.0,2.0,-59.6806,-6.0617,57.8884,18.8685
141.0,2.0,-65.64866,-6.667870000000001,57.8884,20.755350000000004
141.0,3.0,-79.8981,-3.9659,77.2199,19.5694
141.0,3.0,-87.88791,-4.36249,77.2199,21.526340000000005
141.0,4.0,-99.9851,0.2653,96.4871,20.1525
141.0,4.0,-109.98361000000001,0.29183,96.4871,22.16775
142.0,0.0,2.9905,-19.7975,7.7625,14.3469
142.0,0.0,3.28955,-21.777250000000002,7.7625,15.781590000000001
142.0,1.0,7.6037,-39.269,15.5815,15.3153
142.0,1.0,8.36407,-43.1959,15.5815,16.84683
142.0,2.0,13.8652,-58.3806,23.3542,15.9675
142.0,2.0,15.25172,-64.21866,23.3542,17.56425
142.0,3.0,21.6389,-77.0154,31.1789,16.5099
142.0,3.0,23.80279,-84.71694000000001,31.1789,18.16089
142.0,4.0,31.0255,-95.0681,38.9635,17.27
142.0,4.0,34.12805,-104.57491,38.9635,18.997
143.0,0.0,-18.8533,-6.7617,4.7058,1.9816
143.0,0.0,-20.738630000000004,-7.437870000000001,4.7058,2.1797600000000004
143.0,1.0,-37.9523,-12.5987,9.4304,2.4766
143.0,1.0,-41.747530000000005,-13.85857,9.4304,2.72426
143.0,2.0,-57.3384,-17.5564,14.1275,3.2328
143.0,2.0,-63.07224000000001,-19.312040000000003,14.1275,3.5560800000000006
143.0,3.0,-77.049,-21.579,18.8257,3.8894
143.0,3.0,-84.75390000000002,-23.736900000000002,18.8257,4.278340000000001
143.0,4.0,-96.898,-24.6458,23.5131,4.525
143.0,4.0,-106.5878,-27.110380000000003,23.5131,4.977500000000001
144.0,0.0,-8.5095,-18.0631,33.0673,14.7999
144.0,0.0,-9.36045,-19.86941,33.0673,16.27989
144.0,1.0,-20.1629,-34.5227,66.0686,15.6172
144.0,1.0,-22.179190000000002,-37.974970000000006,66.0686,17.17892
144.0,2.0,-34.7887,-48.9117,99.1125,16.3537
144.0,2.0,-38.26757,-53.802870000000006,99.1125,17.98907
144.0,3.0,-51.958,-60.8286,132.164,17.0856
144.0,3.0,-57.153800000000004,-66.91146,132.164,18.79416
144.0,4.0,-71.4343,-69.9902,165.1601,17.5573
144.0,4.0,-78.57773,-76.98922,165.1601,19.313030000000005
145.0,0.0,0.755,-19.9488,7.2145,6.3964
145.0,0.0,0.8305000000000001,-21.94368,7.2145,7.036040000000001
145.0,1.0,2.4648,-39.9089,14.4039,7.0428
145.0,1.0,2.71128,-43.89979,14.4039,7.74708
145.0,2.0,5.1005,-59.7757,21.6667,7.694
145.0,2.0,5.610550000000001,-65.75327,21.6667,8.4634
145.0,3.0,8.6712,-79.511,28.8823,8.4541
145.0,3.0,9.538320000000002,-87.4621,28.8823,9.299510000000001
145.0,4.0,13.1891,-99.1369,36.1246,8.9305
145.0,4.0,14.50801,-109.05059,36.1246,9.823550000000001
146.0,0.0,19.9507,-1.0022,22.5831,8.2659
146.0,0.0,21.945770000000003,-1.1024200000000002,22.5831,9.092490000000002
146.0,1.0,39.9972,-0.579,45.2187,9.024
146.0,1.0,43.99692,-0.6369,45.2187,9.9264
146.0,2.0,59.9833,1.3717,67.7964,9.6161
146.0,2.0,65.98163000000001,1.50887,67.7964,10.57771
146.0,3.0,79.8519,4.7273,90.4129,10.3605
146.0,3.0,87.83709,5.20003,90.4129,11.396550000000001
146.0,4.0,99.5416,9.5093,112.9986,10.9982
146.0,4.0,109.49576000000002,10.460230000000001,112.9986,12.098020000000002
147.0,0.0,-16.2369,11.6984,-100.9641,20.2651
147.0,0.0,-17.86059,12.86824,-100.9641,22.291610000000002
147.0,1.0,-33.247,22.256,-201.9691,21.1523
147.0,1.0,-36.5717,24.481600000000004,-201.9691,23.26753
147.0,2.0,-51.105,31.4574,-302.9175,21.5426
147.0,2.0,-56.2155,34.60314,-302.9175,23.69686
147.0,3.0,-69.6725,39.3752,-403.871,22.2391
147.0,3.0,-76.63975,43.312720000000006,-403.871,24.463010000000004
147.0,4.0,-88.8276,45.9598,-504.8516,23.0478
147.0,4.0,-97.71036000000001,50.555780000000006,-504.8516,25.35258
148.0,0.0,-16.8402,-10.8218,-69.6361,2.2513
148.0,0.0,-18.52422,-11.90398,-69.6361,2.47643
148.0,1.0,-32.7462,-22.9748,-139.2838,2.9614
148.0,1.0,-36.02082000000001,-25.27228,-139.2838,3.25754
148.0,2.0,-47.7557,-36.3566,-208.9203,3.7535
148.0,2.0,-52.53127,-39.99226,-208.9203,4.12885
148.0,3.0,-61.6761,-50.9494,-278.6085,4.5304
148.0,3.0,-67.84371,-56.04434,-278.6085,4.983440000000001
148.0,4.0,-74.5434,-66.7367,-348.2064,5.0997
148.0,4.0,-81.99774000000001,-73.41037,-348.2064,5.609670000000001
149.0,0.0,-14.6749,13.5584,120.0486,25.2957
149.0,0.0,-16.14239,14.914240000000001,120.0486,27.825270000000003
149.0,1.0,-30.6943,25.5948,240.0919,25.9881
149.0,1.0,-33.76373,28.15428,240.0919,28.586910000000003
149.0,2.0,-47.93,36.0603,360.1086,26.6076
149.0,2.0,-52.723000000000006,39.66633,360.1086,29.268360000000005
149.0,3.0,-66.2916,44.7749,480.1836,27.475
149.0,3.0,-72.92076000000002,49.252390000000005,480.1836,30.222500000000004
149.0,4.0,-85.5493,51.7861,600.209,28.1226
149.0,4.0,-94.10423000000002,56.964710000000004,600.209,30.93486
150.0,0.0,19.7517,3.0241,-4.5208,7.4413
150.0,0.0,21.72687,3.32651,-4.5208,8.18543
150.0,1.0,39.7871,4.2493,-9.0755,8.2369
150.0,1.0,43.76581000000001,4.6742300000000006,-9.0755,9.060590000000001
150.0,2.0,59.8692,3.6449,-13.619,8.6858
150.0,2.0,65.85612,4.00939,-13.619,9.554380000000002
150.0,3.0,79.9736,1.171,-18.1174,9.2981
150.0,3.0,87.97096,1.2881000000000002,-18.1174,10.227910000000001
150.0,4.0,99.964,-3.1586,-22.6549,9.8907
150.0,4.0,109.9604,-3.47446,-22.6549,10.879770000000002
151.0,0.0,-17.2609,10.1152,-3.7136,19.9612
151.0,0.0,-18.986990000000002,11.12672,-3.7136,21.957320000000003
151.0,1.0,-34.0244,20.9565,-7.4182,20.5837
151.0,1.0,-37.426840000000006,23.05215,-7.4182,22.642070000000004
151.0,2.0,-50.3095,32.6564,-11.1401,21.2938
151.0,2.0,-55.340450000000004,35.92204,-11.1401,23.423180000000002
151.0,3.0,-66.0589,45.1435,-14.7951,22.0322
151.0,3.0,-72.66479,49.65785000000001,-14.7951,24.23542
151.0,4.0,-81.251,58.2653,-18.4858,22.6877
151.0,4.0,-89.37610000000001,64.09183000000002,-18.4858,24.956470000000003
152.0,0.0,-3.5128,19.6568,43.9493,24.1736
152.0,0.0,-3.8640800000000004,21.622480000000003,43.9493,26.590960000000003
152.0,1.0,-5.7487,39.5963,87.8751,24.7303
152.0,1.0,-6.323570000000001,43.555930000000004,87.8751,27.20333
152.0,2.0,-6.8136,59.5927,131.8502,25.2481
152.0,2.0,-7.494960000000001,65.55197000000001,131.8502,27.772910000000003
152.0,3.0,-6.5413,79.7311,175.7396,26.0725
152.0,3.0,-7.19543,87.70421,175.7396,28.679750000000006
152.0,4.0,-5.0187,99.9137,219.7319,26.7332
152.0,4.0,-5.52057,109.90507000000001,219.7319,29.406520000000004
153.0,0.0,8.6266,18.0871,114.5905,20.0245
153.0,0.0,9.48926,19.89581,114.5905,22.026950000000003
153.0,1.0,19.0833,35.1362,229.1848,20.663
153.0,1.0,20.991630000000004,38.649820000000005,229.1848,22.729300000000002
153.0,2.0,31.3048,51.1223,343.7685,21.3089
153.0,2.0,34.435280000000006,56.23453000000001,343.7685,23.439790000000002
153.0,3.0,45.1724,66.0429,458.3241,21.9646
153.0,3.0,49.689640000000004,72.64719000000001,458.3241,24.161060000000003
153.0,4.0,60.6176,79.578,572.9644,22.772
153.0,4.0,66.67936,87.53580000000001,572.9644,25.0492
154.0,0.0,-19.9331,-2.0698,29.7248,9.9372
154.0,0.0,-21.92641,-2.27678,29.7248,10.930920000000002
154.0,1.0,-39.6807,-5.2031,59.4145,10.6003
154.0,1.0,-43.648770000000006,-5.72341,59.4145,11.660330000000002
154.0,2.0,-59.2635,-9.4944,89.1761,11.2836
154.0,2.0,-65.18985,-10.443840000000002,89.1761,12.41196
154.0,3.0,-78.5817,-14.864,118.93,11.7843
154.0,3.0,-86.43987,-16.3504,118.93,12.96273
154.0,4.0,-97.7021,-21.3106,148.6431,12.52
154.0,4.0,-107.47231000000001,-23.441660000000002,148.6431,13.772
155.0,0.0,-13.874,-14.4372,120.6175,11.8104
155.0,0.0,-15.261400000000002,-15.880920000000001,120.6175,12.99144
155.0,1.0,-28.6523,-27.9514,241.3015,12.5483
155.0,1.0,-31.517530000000004,-30.746540000000003,241.3015,13.803130000000001
155.0,2.0,-44.1793,-40.6032,361.9832,13.2742
155.0,2.0,-48.59723,-44.663520000000005,361.9832,14.601620000000002
155.0,3.0,-60.4886,-52.3523,482.6023,13.8741
155.0,3.0,-66.53746000000001,-57.58753,482.6023,15.261510000000001
155.0,4.0,-77.5487,-63.1772,603.2698,14.5102
155.0,4.0,-85.30357000000001,-69.49492000000001,603.2698,15.96122
156.0,0.0,-13.0344,-15.1763,-12.7124,5.2583
156.0,0.0,-14.337840000000002,-16.69393,-12.7124,5.784130000000001
156.0,1.0,-27.1273,-29.3581,-25.366,5.7791
156.0,1.0,-29.840030000000006,-32.293910000000004,-25.366,6.35701
156.0,2.0,-42.2298,-42.5605,-38.0928,6.7147
156.0,2.0,-46.452780000000004,-46.81655,-38.0928,7.38617
156.0,3.0,-58.3188,-54.7362,-50.8125,7.274
156.0,3.0,-64.15068000000001,-60.20982,-50.8125,8.0014
156.0,4.0,-75.3402,-65.7174,-63.4968,7.8804
156.0,4.0,-82.87422000000001,-72.28914,-63.4968,8.66844
157.0,0.0,-5.7666,19.1431,6.1225,18.1498
157.0,0.0,-6.343260000000001,21.05741,6.1225,19.96478
157.0,1.0,-13.2895,37.701,12.2626,18.8584
157.0,1.0,-14.618450000000001,41.47110000000001,12.2626,20.74424
157.0,2.0,-22.5794,55.5514,18.3574,19.287
157.0,2.0,-24.83734,61.10654,18.3574,21.215700000000002
157.0,3.0,-33.606,72.6029,24.4684,20.0502
157.0,3.0,-36.96660000000001,79.86319000000002,24.4684,22.055220000000002
157.0,4.0,-46.2138,88.6909,30.6094,20.8411
157.0,4.0,-50.83518,97.55999000000001,30.6094,22.925210000000003
158.0,0.0,-10.6544,16.9187,18.3301,3.0709
158.0,0.0,-11.719840000000001,18.610570000000003,18.3301,3.37799
158.0,1.0,-20.1416,34.6065,36.5845,3.3807
158.0,1.0,-22.15576,38.06715,36.5845,3.71877
158.0,2.0,-28.2785,52.8917,54.9014,4.3124
158.0,2.0,-31.106350000000003,58.180870000000006,54.9014,4.743640000000001
158.0,3.0,-35.064,71.8694,73.1914,4.966
158.0,3.0,-38.57040000000001,79.05634,73.1914,5.462600000000001
158.0,4.0,-40.587,91.4065,91.5598,5.4022
158.0,4.0,-44.645700000000005,100.54715,91.5598,5.94242
159.0,0.0,-19.979,-1.0287,0.8412,0.9843
159.0,0.0,-21.9769,-1.13157,0.8412,1.08273
159.0,1.0,-39.8651,-3.1856,1.579,1.6036
159.0,1.0,-43.85161,-3.50416,1.579,1.76396
159.0,2.0,-59.6695,-6.3666,2.4165,2.0633
159.0,2.0,-65.63645000000001,-7.003260000000001,2.4165,2.2696300000000003
159.0,3.0,-79.2962,-10.624,3.1524,3.0277
159.0,3.0,-87.22582,-11.6864,3.1524,3.33047
159.0,4.0,-98.7423,-15.9601,3.9901,3.5437
159.0,4.0,-108.61653000000001,-17.55611,3.9901,3.89807
160.0,0.0,-8.924,17.9117,2.8311,22.8317
160.0,0.0,-9.8164,19.70287,2.8311,25.114870000000003
160.0,1.0,-29.2985,27.2293,5.5898,23.4227
160.0,1.0,-32.228350000000006,29.95223,5.5898,25.76497
160.0,2.0,-55.6213,22.5387,8.3886,24.284
160.0,2.0,-61.18343,24.79257,8.3886,26.712400000000002
160.0,3.0,-80.0032,1.7551,11.1742,24.7053
160.0,3.0,-88.00352000000001,1.9306100000000004,11.1742,27.175830000000005
160.0,4.0,-94.241,-33.4046,13.9441,25.6851
160.0,4.0,-103.66510000000001,-36.74506,13.9441,28.253610000000002
161.0,0.0,-17.4291,9.7897,21.1089,25.0346
161.0,0.0,-19.17201,10.76867,21.1089,27.538060000000005
161.0,1.0,-34.2635,20.5933,42.2853,25.8102
161.0,1.0,-37.68985000000001,22.652630000000002,42.2853,28.39122
161.0,2.0,-50.4781,32.4137,63.4069,26.1985
161.0,2.0,-55.52591,35.65507,63.4069,28.818350000000002
161.0,3.0,-65.9666,45.2621,84.4901,26.8042
161.0,3.0,-72.56326,49.78831,84.4901,29.484620000000003
161.0,4.0,-80.6987,59.0009,105.6435,27.7092
161.0,4.0,-88.76857000000001,64.90099000000001,105.6435,30.480120000000003
162.0,0.0,13.862,14.3824,17.0793,21.0596
162.0,0.0,15.2482,15.820640000000003,17.0793,23.165560000000003
162.0,1.0,26.9819,29.5116,34.1519,21.6971
162.0,1.0,29.680090000000003,32.46276,34.1519,23.86681
162.0,2.0,39.2831,45.3388,51.2677,22.3475
162.0,2.0,43.21141,49.87268,51.2677,24.582250000000002
162.0,3.0,50.7401,61.8319,68.3595,23.1234
162.0,3.0,55.81411,68.01509,68.3595,25.435740000000003
162.0,4.0,61.2843,78.9527,85.4373,23.6753
162.0,4.0,67.41273000000001,86.84797,85.4373,26.042830000000002
163.0,0.0,-16.6878,-11.0392,-3.9194,15.5824
163.0,0.0,-18.35658,-12.14312,-3.9194,17.14064
163.0,1.0,-32.6551,-23.1187,-7.7738,16.1993
163.0,1.0,-35.92061,-25.430570000000003,-7.7738,17.81923
163.0,2.0,-47.7883,-36.2887,-11.671,16.9539
163.0,2.0,-52.567130000000006,-39.917570000000005,-11.671,18.649290000000004
163.0,3.0,-62.1315,-50.4086,-15.5609,17.6529
163.0,3.0,-68.34465,-55.44946,-15.5609,19.41819
163.0,4.0,-75.5716,-65.4496,-19.4984,18.298
163.0,4.0,-83.12876000000001,-71.99456,-19.4984,20.1278
164.0,0.0,-14.2507,-14.0224,-15.5515,16.334
164.0,0.0,-15.675770000000002,-15.42464,-15.5515,17.9674
164.0,1.0,-31.5949,-24.5291,-31.0969,16.9661
164.0,1.0,-34.75439,-26.982010000000002,-31.0969,18.662710000000004
164.0,2.0,-51.325,-31.0798,-46.7277,17.7237
164.0,2.0,-56.45750000000001,-34.187780000000004,-46.7277,19.496070000000003
164.0,3.0,-72.8133,-33.1528,-62.2693,18.2324
164.0,3.0,-80.09463000000001,-36.46808,-62.2693,20.05564
164.0,4.0,-95.1982,-30.547,-77.8276,19.1289
164.0,4.0,-104.71802000000001,-33.6017,-77.8276,21.041790000000002
165.0,0.0,7.548,18.4898,-93.3919,12.8297
165.0,0.0,8.302800000000001,20.33878,-93.3919,14.112670000000001
165.0,1.0,13.8758,37.5203,-186.7386,13.2856
165.0,1.0,15.263380000000002,41.272330000000004,-186.7386,14.614160000000002
165.0,2.0,18.9842,56.906,-280.1718,14.0072
165.0,2.0,20.882620000000003,62.5966,-280.1718,15.40792
165.0,3.0,22.885,76.6938,-373.5089,14.349
165.0,3.0,25.173500000000004,84.36318,-373.5089,15.783900000000001
165.0,4.0,25.488,96.6576,-466.8711,15.1297
165.0,4.0,28.036800000000003,106.32336000000001,-466.8711,16.642670000000003
166.0,0.0,2.7916,19.8035,16.9623,16.8003
166.0,0.0,3.07076,21.78385,16.9623,18.480330000000002
166.0,1.0,4.6848,39.7183,33.9104,17.3646
166.0,1.0,5.1532800000000005,43.69013,33.9104,19.10106
166.0,2.0,5.5983,59.7034,50.857,18.0338
166.0,2.0,6.158130000000001,65.67374000000001,50.857,19.83718
166.0,3.0,5.6562,79.7595,67.8404,18.7566
166.0,3.0,6.221820000000001,87.73545000000001,67.8404,20.63226
166.0,4.0,4.8037,99.8762,84.817,19.2023
166.0,4.0,5.284070000000001,109.86382,84.817,21.12253
167.0,0.0,-6.2042,19.0624,-58.4702,13.5148
167.0,0.0,-6.82462,20.96864,-58.4702,14.86628
167.0,1.0,-14.4256,37.2811,-117.0214,14.1928
167.0,1.0,-15.868160000000001,41.00921,-117.0214,15.61208
167.0,2.0,-24.6683,54.7118,-175.5185,14.9544
167.0,2.0,-27.13513,60.18298,-175.5185,16.449840000000002
167.0,3.0,-36.772,71.0601,-234.0389,15.462
167.0,3.0,-40.449200000000005,78.16611000000002,-234.0389,17.008200000000002
167.0,4.0,-50.7291,86.2079,-292.5571,16.116
167.0,4.0,-55.80201000000001,94.82869000000001,-292.5571,17.727600000000002
168.0,0.0,-13.2731,-14.9613,-5.3857,17.4266
168.0,0.0,-14.60041,-16.457430000000002,-5.3857,19.16926
168.0,1.0,-30.1146,-26.3026,-10.8096,17.9873
168.0,1.0,-33.12606,-28.932860000000005,-10.8096,19.786030000000004
168.0,2.0,-49.8564,-33.3833,-16.1774,18.616
168.0,2.0,-54.842040000000004,-36.721630000000005,-16.1774,20.477600000000002
168.0,3.0,-71.6073,-35.6871,-21.5918,19.4057
168.0,3.0,-78.76803,-39.255810000000004,-21.5918,21.34627
168.0,4.0,-94.4259,-32.9077,-26.9532,20.0918
168.0,4.0,-103.86849000000001,-36.19847,-26.9532,22.10098
169.0,0.0,-13.9758,-14.3158,38.8013,17.0729
169.0,0.0,-15.373380000000001,-15.747380000000001,38.8013,18.78019
169.0,1.0,-29.2291,-27.2854,77.6148,17.7866
169.0,1.0,-32.152010000000004,-30.01394,77.6148,19.565260000000002
169.0,2.0,-45.6575,-38.908,116.3348,18.4803
169.0,2.0,-50.22325,-42.79880000000001,116.3348,20.32833
169.0,3.0,-63.2155,-49.0196,155.1879,19.1653
169.0,3.0,-69.53705000000001,-53.92156,155.1879,21.08183
169.0,4.0,-81.7831,-57.5367,194.0221,19.8322
169.0,4.0,-89.96141000000001,-63.29037000000001,194.0221,21.815420000000003
170.0,0.0,-11.8483,-16.0663,61.4668,22.5582
170.0,0.0,-13.033130000000002,-17.67293,61.4668,24.814020000000003
170.0,1.0,-22.9662,-32.7832,123.017,23.2042
170.0,1.0,-25.26282,-36.06152,123.017,25.524620000000002
170.0,2.0,-33.2538,-49.9465,184.3988,23.9516
170.0,2.0,-36.57918,-54.94115000000001,184.3988,26.34676
170.0,3.0,-42.6289,-67.6514,245.9263,24.4478
170.0,3.0,-46.89179000000001,-74.41654,245.9263,26.892580000000002
170.0,4.0,-51.2526,-85.8924,307.4043,25.2721
170.0,4.0,-56.377860000000005,-94.48164,307.4043,27.799310000000002
171.0,0.0,10.1363,17.2529,27.7669,4.265
171.0,0.0,11.149930000000001,18.97819,27.7669,4.6915000000000004
171.0,1.0,22.0815,33.3542,55.5743,4.776
171.0,1.0,24.28965,36.689620000000005,55.5743,5.2536000000000005
171.0,2.0,35.7348,48.1797,83.3213,5.6607
171.0,2.0,39.30828,52.99767,83.3213,6.226770000000001
171.0,3.0,51.058,61.6021,111.0577,6.1651
171.0,3.0,56.1638,67.76231,111.0577,6.781610000000001
171.0,4.0,67.8109,73.4831,138.8935,6.9707
171.0,4.0,74.59199000000001,80.83141,138.8935,7.667770000000001
172.0,0.0,-8.9718,-17.8705,-34.9088,1.4237
172.0,0.0,-9.86898,-19.65755,-34.9088,1.56607
172.0,1.0,-9.1333,-38.9539,-69.8992,2.065
172.0,1.0,-10.04663,-42.84929,-69.8992,2.2715
172.0,2.0,0.1407,-59.9527,-104.8317,2.7347
172.0,2.0,0.15477,-65.94797000000001,-104.8317,3.0081700000000002
172.0,3.0,18.6323,-77.7973,-139.7978,3.296
172.0,3.0,20.495530000000002,-85.57703000000001,-139.7978,3.6256
172.0,4.0,45.0698,-89.2512,-174.738,3.9096
172.0,4.0,49.57678000000001,-98.17632,-174.738,4.300560000000001
173.0,0.0,-9.8421,-17.3816,81.3955,10.7006
173.0,0.0,-10.826310000000001,-19.11976,81.3955,11.770660000000001
173.0,1.0,-18.7546,-35.3128,162.7913,11.4649
173.0,1.0,-20.63006,-38.844080000000005,162.7913,12.611390000000002
173.0,2.0,-26.7968,-53.6361,244.2363,12.1656
173.0,2.0,-29.476480000000002,-58.99971,244.2363,13.38216
173.0,3.0,-33.8675,-72.4765,325.563,12.9187
173.0,3.0,-37.254250000000006,-79.72415000000001,325.563,14.21057
173.0,4.0,-40.0393,-91.652,407.0028,13.4987
173.0,4.0,-44.04323,-100.81720000000001,407.0028,14.84857
174.0,0.0,17.1713,10.2915,10.0599,7.9331
174.0,0.0,18.88843,11.32065,10.0599,8.72641
174.0,1.0,32.0393,23.9253,20.1951,8.674
174.0,1.0,35.24323,26.31783,20.1951,9.5414
174.0,2.0,44.2951,40.4931,30.2535,9.0664
174.0,2.0,48.72461,44.542410000000004,30.2535,9.973040000000001
174.0,3.0,53.3548,59.6501,40.3742,9.9736
174.0,3.0,58.69028,65.61511,40.3742,10.97096
174.0,4.0,58.8159,80.8864,50.4057,10.7344
174.0,4.0,64.69749,88.97504,50.4057,11.807840000000002
175.0,0.0,4.0168,19.584,-46.9007,16.0221
175.0,0.0,4.418480000000001,21.5424,-46.9007,17.62431
175.0,1.0,9.1102,38.9654,-93.9216,16.8244
175.0,1.0,10.021220000000001,42.861940000000004,-93.9216,18.506840000000004
175.0,2.0,15.1618,58.1058,-140.8351,17.2412
175.0,2.0,16.67798,63.91638000000001,-140.8351,18.965320000000002
175.0,3.0,22.1828,76.8466,-187.8112,17.8611
175.0,3.0,24.401080000000004,84.53126,-187.8112,19.64721
175.0,4.0,30.2697,95.2866,-234.759,18.5932
175.0,4.0,33.296670000000006,104.81526000000001,-234.759,20.45252
176.0,0.0,0.9081,19.9584,-61.6028,10.2405
176.0,0.0,0.9989100000000001,21.954240000000002,-61.6028,11.264550000000002
176.0,1.0,-0.328,39.9659,-123.1433,11.0507
176.0,1.0,-0.36080000000000007,43.96249,-123.1433,12.155770000000002
176.0,2.0,-3.7243,59.8374,-184.7274,11.6178
176.0,2.0,-4.09673,65.82114000000001,-184.7274,12.779580000000001
176.0,3.0,-9.2885,79.4408,-246.3286,12.3752
176.0,3.0,-10.217350000000001,87.38488,-246.3286,13.612720000000001
176.0,4.0,-17.024,98.5458,-307.8651,12.9618
176.0,4.0,-18.7264,108.40038000000001,-307.8651,14.257980000000002
177.0,0.0,2.3185,19.8627,0.4246,6.9987
177.0,0.0,2.55035,21.84897,0.4246,7.698570000000001
177.0,1.0,3.5959,39.8636,0.869,7.6594
177.0,1.0,3.95549,43.84996,0.869,8.42534
177.0,2.0,3.9674,59.8805,1.274,8.6096
177.0,2.0,4.364140000000001,65.86855,1.274,9.47056
177.0,3.0,3.3309,79.924,1.7192,9.0283
177.0,3.0,3.6639900000000005,87.91640000000001,1.7192,9.931130000000001
177.0,4.0,1.787,100.0136,2.0879,9.6615
177.0,4.0,1.9657,110.01496,2.0879,10.627650000000001
178.0,0.0,7.8461,18.4533,-52.011,3.4577
178.0,0.0,8.63071,20.29863,-52.011,3.8034700000000004
178.0,1.0,11.77,38.2465,-103.9662,4.1781
178.0,1.0,12.947000000000001,42.07115,-103.9662,4.59591
178.0,2.0,11.5703,58.8544,-155.9534,4.6949
178.0,2.0,12.72733,64.73984,-155.9534,5.16439
178.0,3.0,7.221,79.6762,-207.9238,5.4315
178.0,3.0,7.943100000000001,87.64382,-207.9238,5.9746500000000005
178.0,4.0,-1.3541,100.0034,-259.839,6.2591
178.0,4.0,-1.4895100000000001,110.00374000000001,-259.839,6.88501
179.0,0.0,19.7654,-3.0895,69.7532,23.9238
179.0,0.0,21.74194,-3.3984500000000004,69.7532,26.316180000000003
179.0,1.0,39.7177,-4.7675,139.507,24.7822
179.0,1.0,43.68947000000001,-5.24425,139.507,27.260420000000003
179.0,2.0,59.7737,-5.011,209.3053,25.2701
179.0,2.0,65.75107,-5.5121,209.3053,27.79711
179.0,3.0,79.8948,-3.9134,279.0573,25.9926
179.0,3.0,87.88428,-4.304740000000001,279.0573,28.59186
179.0,4.0,99.9803,-1.2985,348.8476,26.5779
179.0,4.0,109.97833000000001,-1.42835,348.8476,29.23569
180.0,0.0,-13.1862,15.045,-99.2366,3.2229
180.0,0.0,-14.50482,16.549500000000002,-99.2366,3.5451900000000003
180.0,1.0,-25.1894,31.0531,-198.5071,4.0841
180.0,1.0,-27.70834,34.15841,-198.5071,4.492510000000001
180.0,2.0,-35.9468,48.0616,-297.7635,4.6656
180.0,2.0,-39.54148000000001,52.867760000000004,-297.7635,5.132160000000001
180.0,3.0,-45.4136,65.8819,-397.0223,5.3071
180.0,3.0,-49.95496000000001,72.47009000000001,-397.0223,5.837810000000001
180.0,4.0,-53.4999,84.4581,-496.2361,6.0472
180.0,4.0,-58.84989,92.90391000000001,-496.2361,6.6519200000000005
181.0,0.0,-9.3666,-17.6835,53.6669,24.2604
181.0,0.0,-10.303260000000002,-19.45185,53.6669,26.686440000000005
181.0,1.0,-21.2211,-33.9185,107.3492,24.7669
181.0,1.0,-23.343210000000003,-37.31035000000001,107.3492,27.24359
181.0,2.0,-35.3961,-48.4264,161.0511,25.5573
181.0,2.0,-38.93571,-53.269040000000004,161.0511,28.113030000000006
181.0,3.0,-51.6471,-61.0872,214.7365,26.2808
181.0,3.0,-56.81181000000001,-67.19592000000002,214.7365,28.90888
181.0,4.0,-69.8279,-71.549,268.455,26.7458
181.0,4.0,-76.81069000000001,-78.70390000000002,268.455,29.42038
182.0,0.0,-16.0917,11.8623,16.4779,2.3527
182.0,0.0,-17.700870000000002,13.04853,16.4779,2.5879700000000003
182.0,1.0,-27.3003,29.1913,33.0309,3.1637
182.0,1.0,-30.030330000000003,32.11043,33.0309,3.4800700000000004
182.0,2.0,-32.2283,50.5858,49.6052,3.7258
182.0,2.0,-35.45113,55.644380000000005,49.6052,4.098380000000001
182.0,3.0,-29.858,74.2197,66.2054,4.3831
182.0,3.0,-32.8438,81.64167,66.2054,4.82141
182.0,4.0,-19.6447,98.0641,82.7138,5.1838
182.0,4.0,-21.609170000000002,107.87051000000001,82.7138,5.70218
183.0,0.0,19.7454,-3.1582,33.3215,14.3587
183.0,0.0,21.71994,-3.4740200000000003,33.3215,15.794570000000002
183.0,1.0,38.3971,-11.2805,66.7495,15.0524
183.0,1.0,42.236810000000006,-12.408550000000002,66.7495,16.557640000000003
183.0,2.0,54.9123,-24.1379,100.0805,15.758
183.0,2.0,60.40353,-26.55169,100.0805,17.3338
183.0,3.0,68.5377,-41.1873,133.4589,16.2978
183.0,3.0,75.39147000000001,-45.30603000000001,133.4589,17.92758
183.0,4.0,78.4939,-61.9947,166.8555,17.0713
183.0,4.0,86.34329,-68.19417000000001,166.8555,18.778430000000004
184.0,0.0,19.1991,-5.5539,-29.0804,18.048
184.0,0.0,21.119010000000003,-6.10929,-29.0804,19.8528
184.0,1.0,37.7492,-13.2294,-58.1722,18.6021
184.0,1.0,41.52412,-14.552340000000001,-58.1722,20.462310000000002
184.0,2.0,55.4145,-22.9494,-87.2339,19.3732
184.0,2.0,60.95595,-25.24434,-87.2339,21.310520000000004
184.0,3.0,72.1282,-34.6219,-116.3138,20.027
184.0,3.0,79.34102000000001,-38.084089999999996,-116.3138,22.029700000000002
184.0,4.0,87.6884,-48.1324,-145.3514,20.5083
184.0,4.0,96.45724000000001,-52.945640000000004,-145.3514,22.55913
185.0,0.0,19.9766,-0.9518,-61.6914,1.1117
185.0,0.0,21.974260000000005,-1.04698,-61.6914,1.22287
185.0,1.0,39.7106,-4.943,-123.3379,1.7851
185.0,1.0,43.68166,-5.4373,-123.3379,1.96361
185.0,2.0,58.8122,-11.9223,-184.9993,2.5167
185.0,2.0,64.69342,-13.11453,-184.9993,2.7683700000000004
185.0,3.0,77.0136,-21.7148,-246.6403,3.1179
185.0,3.0,84.71496,-23.886280000000003,-246.6403,3.4296900000000003
185.0,4.0,93.8977,-34.4205,-308.3021,3.6865
185.0,4.0,103.28747000000001,-37.86255,-308.3021,4.05515
186.0,0.0,13.4962,14.7397,68.5919,11.2886
186.0,0.0,14.845820000000002,16.21367,68.5919,12.417460000000002
186.0,1.0,27.8703,28.7301,137.1839,11.9421
186.0,1.0,30.65733,31.603110000000004,137.1839,13.136310000000002
186.0,2.0,43.0071,41.8801,205.7358,12.5565
186.0,2.0,47.30781,46.068110000000004,205.7358,13.81215
186.0,3.0,58.8252,54.2198,274.2888,13.1806
186.0,3.0,64.70772000000001,59.641780000000004,274.2888,14.498660000000001
186.0,4.0,75.3806,65.6858,342.8665,14.0892
186.0,4.0,82.91866,72.25438000000001,342.8665,15.498120000000002
187.0,0.0,-18.9378,6.4708,9.5845,16.7001
187.0,0.0,-20.831580000000002,7.11788,9.5845,18.37011
187.0,1.0,-37.1412,14.8488,19.2707,17.357
187.0,1.0,-40.85532,16.33368,19.2707,19.0927
187.0,2.0,-54.4856,25.0701,28.8441,17.9179
187.0,2.0,-59.934160000000006,27.57711,28.8441,19.709690000000002
187.0,3.0,-70.896,37.052,38.4643,18.7102
187.0,3.0,-77.9856,40.757200000000005,38.4643,20.581220000000002
187.0,4.0,-86.1677,50.7514,48.0863,19.44
187.0,4.0,-94.78447,55.82654,48.0863,21.384000000000004
188.0,0.0,1.5203,19.9776,-24.5938,22.3496
188.0,0.0,1.67233,21.975360000000002,-24.5938,24.58456
188.0,1.0,10.0777,38.7095,-49.2086,23.1197
188.0,1.0,11.08547,42.58045,-49.2086,25.431670000000004
188.0,2.0,25.1581,54.4685,-73.8148,23.564
188.0,2.0,27.673910000000003,59.915350000000004,-73.8148,25.9204
188.0,3.0,45.8581,65.5465,-98.3922,24.3218
188.0,3.0,50.44391,72.10115,-98.3922,26.753980000000002
188.0,4.0,71.0041,70.4272,-122.9945,24.9259
188.0,4.0,78.10451,77.46992,-122.9945,27.418490000000002
189.0,0.0,-19.6961,-3.4575,-91.6155,17.0899
189.0,0.0,-21.665710000000004,-3.8032500000000002,-91.6155,18.79889
189.0,1.0,-39.8338,-3.3849,-183.19,17.7359
189.0,1.0,-43.81718,-3.72339,-183.19,19.509490000000003
189.0,2.0,-59.9971,0.3164,-274.8276,18.3236
189.0,2.0,-65.99681000000001,0.34804000000000007,-274.8276,20.15596
189.0,3.0,-79.6604,7.5449,-366.4564,19.0089
189.0,3.0,-87.62644,8.29939,-366.4564,20.90979
189.0,4.0,-98.3058,18.2204,-458.035,19.7639
189.0,4.0,-108.13638000000002,20.042440000000003,-458.035,21.74029
190.0,0.0,3.6582,19.6776,70.5448,4.1602
190.0,0.0,4.02402,21.645360000000004,70.5448,4.57622
190.0,1.0,21.6085,33.6626,141.0958,4.7407
190.0,1.0,23.769350000000003,37.02886,141.0958,5.214770000000001
190.0,2.0,48.9503,34.6642,211.5957,5.3079
190.0,2.0,53.845330000000004,38.13062000000001,211.5957,5.838690000000001
190.0,3.0,77.9319,18.2424,282.1875,5.9455
190.0,3.0,85.72509000000001,20.066640000000003,282.1875,6.540050000000001
190.0,4.0,98.7922,-15.4766,352.7345,6.7422
190.0,4.0,108.67142,-17.02426,352.7345,7.416420000000001
191.0,0.0,19.9406,1.1036,92.5196,23.5889
191.0,0.0,21.93466,1.21396,92.5196,25.94779
191.0,1.0,39.6634,5.3426,184.9861,24.1101
191.0,1.0,43.629740000000005,5.876860000000001,184.9861,26.52111
191.0,2.0,58.6299,12.63,277.499,24.7792
191.0,2.0,64.49289,13.893000000000002,277.499,27.25712
191.0,3.0,76.698,22.8511,370.0135,25.288
191.0,3.0,84.3678,25.136210000000002,370.0135,27.816800000000004
191.0,4.0,93.2993,35.9427,462.4894,26.049
191.0,4.0,102.62923,39.536970000000004,462.4894,28.6539
192.0,0.0,-7.6219,-18.4937,23.3397,19.7542
192.0,0.0,-8.38409,-20.34307,23.3397,21.729620000000004
192.0,1.0,-13.5697,-37.6172,46.5851,20.6432
192.0,1.0,-14.92667,-41.37892,46.5851,22.707520000000002
192.0,2.0,-17.9597,-57.2562,69.8394,21.1589
192.0,2.0,-19.755670000000002,-62.981820000000006,69.8394,23.27479
192.0,3.0,-20.6699,-77.2966,93.1661,21.9357
192.0,3.0,-22.73689,-85.02626000000001,93.1661,24.12927
192.0,4.0,-21.6618,-97.6282,116.4256,22.5575
192.0,4.0,-23.82798,-107.39102000000001,116.4256,24.813250000000004
193.0,0.0,-10.248,17.1853,-2.3771,7.6317
193.0,0.0,-11.2728,18.903830000000003,-2.3771,8.394870000000001
193.0,1.0,-23.0324,32.71,-4.7235,8.001
193.0,1.0,-25.33564,35.981,-4.7235,8.8011
193.0,2.0,-38.2258,46.2323,-7.0277,8.7066
193.0,2.0,-42.04838,50.85553000000001,-7.0277,9.57726
193.0,3.0,-55.6392,57.5215,-9.3802,9.3683
193.0,3.0,-61.203120000000006,63.27365000000001,-9.3802,10.30513
193.0,4.0,-74.8994,66.3123,-11.7659,9.9179
193.0,4.0,-82.38934,72.94353,-11.7659,10.90969
194.0,0.0,-11.8427,-16.1165,-32.8415,14.9431
194.0,0.0,-13.026970000000002,-17.72815,-32.8415,16.43741
194.0,1.0,-24.8936,-31.2564,-65.6066,15.6367
194.0,1.0,-27.38296,-34.38204,-65.6066,17.20037
194.0,2.0,-39.1883,-45.4283,-98.4313,16.1872
194.0,2.0,-43.10713,-49.97113,-98.4313,17.805920000000004
194.0,3.0,-54.6165,-58.4522,-131.2486,17.0464
194.0,3.0,-60.07815000000001,-64.29742,-131.2486,18.75104
194.0,4.0,-71.1519,-70.2551,-164.0718,17.5726
194.0,4.0,-78.26709000000001,-77.28061000000001,-164.0718,19.329860000000004
195.0,0.0,-11.8762,-16.1311,1.4691,2.9071
195.0,0.0,-13.063820000000002,-17.744210000000002,1.4691,3.19781
195.0,1.0,-22.3266,-33.1942,2.9487,3.5215
195.0,1.0,-24.559260000000002,-36.51362,2.9487,3.8736500000000005
195.0,2.0,-31.3493,-51.1925,4.4741,4.1545
195.0,2.0,-34.484230000000004,-56.31175000000001,4.4741,4.56995
195.0,3.0,-38.7832,-69.9875,5.9358,5.0031
195.0,3.0,-42.66152,-76.98625,5.9358,5.503410000000001
195.0,4.0,-44.62,-89.4844,7.3884,5.7924
195.0,4.0,-49.082,-98.43284,7.3884,6.37164
196.0,0.0,-3.1716,19.7385,24.3842,19.6181
196.0,0.0,-3.4887600000000005,21.71235,24.3842,21.579909999999998
196.0,1.0,-4.5228,39.7428,48.6746,20.2017
196.0,1.0,-4.97508,43.71708,48.6746,22.22187
196.0,2.0,-4.1839,59.8379,73.045,20.9618
196.0,2.0,-4.602290000000001,65.82169,73.045,23.05798
196.0,3.0,-1.944,79.9978,97.3867,21.6288
196.0,3.0,-2.1384000000000003,87.99758,97.3867,23.79168
196.0,4.0,2.0561,99.9954,121.7613,22.3988
196.0,4.0,2.26171,109.99494000000001,121.7613,24.638680000000004
197.0,0.0,-5.9957,-19.0686,12.1324,21.6871
197.0,0.0,-6.595270000000001,-20.97546,12.1324,23.85581
197.0,1.0,-13.1151,-37.7616,24.2287,22.2191
197.0,1.0,-14.426610000000002,-41.537760000000006,24.2287,24.441010000000002
197.0,2.0,-21.4168,-56.072,36.3785,22.8389
197.0,2.0,-23.55848,-61.67920000000001,36.3785,25.122790000000002
197.0,3.0,-30.8208,-73.8297,48.5102,23.5287
197.0,3.0,-33.90288,-81.21267,48.5102,25.881570000000004
197.0,4.0,-41.3273,-91.0826,60.6533,24.2115
197.0,4.0,-45.46003,-100.19086,60.6533,26.63265
198.0,0.0,-12.7495,-15.3511,-31.2213,16.5005
198.0,0.0,-14.02445,-16.886210000000002,-31.2213,18.15055
198.0,1.0,-23.51,-32.3699,-62.4814,17.1553
198.0,1.0,-25.861000000000004,-35.60689000000001,-62.4814,18.87083
198.0,2.0,-31.9759,-50.7808,-93.6914,17.8126
198.0,2.0,-35.17349,-55.858880000000006,-93.6914,19.593860000000003
198.0,3.0,-38.133,-70.3073,-124.9449,18.6239
198.0,3.0,-41.94630000000001,-77.33803,-124.9449,20.48629
198.0,4.0,-41.8817,-90.845,-156.1874,19.1353
198.0,4.0,-46.06987000000001,-99.9295,-156.1874,21.048830000000002
199.0,0.0,14.131,-14.1216,78.7117,20.7561
199.0,0.0,15.544100000000002,-15.533760000000003,78.7117,22.83171
199.0,1.0,21.7402,-33.5395,157.4168,21.5465
199.0,1.0,23.914220000000004,-36.89345,157.4168,23.701150000000005
199.0,2.0,21.1726,-56.0807,236.1322,22.2362
199.0,2.0,23.28986,-61.688770000000005,236.1322,24.45982
199.0,3.0,11.8024,-79.1239,314.8531,22.9855
199.0,3.0,12.982640000000002,-87.03629000000001,314.8531,25.28405
199.0,4.0,-6.413,-99.7984,393.5419,23.5052
199.0,4.0,-7.0543000000000005,-109.77824000000001,393.5419,25.85572
200.0,0.0,-1.5976,-19.9717,-42.0877,24.9228
200.0,0.0,-1.75736,-21.96887,-42.0877,27.41508
200.0,1.0,-5.4347,-39.6233,-84.179,25.7149
200.0,1.0,-5.97817,-43.58563,-84.179,28.28639
200.0,2.0,-11.5448,-58.884,-126.2306,26.5123
200.0,2.0,-12.699280000000002,-64.7724,-126.2306,29.16353
200.0,3.0,-19.8286,-77.4911,-168.2918,27.0433
200.0,3.0,-21.811460000000004,-85.24021,-168.2918,29.74763
200.0,4.0,-30.2808,-95.3039,-210.3862,27.7892
200.0,4.0,-33.30888,-104.83429000000001,-210.3862,30.568120000000004
201.0,0.0,-19.7839,-2.8437,-17.9164,17.7462
201.0,0.0,-21.76229,-3.1280700000000006,-17.9164,19.520820000000004
201.0,1.0,-39.75,-4.6482,-35.7721,18.5561
201.0,1.0,-43.725,-5.113020000000001,-35.7721,20.411710000000003
201.0,2.0,-59.7334,-5.6077,-53.7011,19.1629
201.0,2.0,-65.70674000000001,-6.168470000000001,-53.7011,21.07919
201.0,3.0,-79.7952,-5.6015,-71.6012,19.8618
201.0,3.0,-87.77472,-6.16165,-71.6012,21.84798
201.0,4.0,-99.9054,-4.6209,-89.4822,20.6469
201.0,4.0,-109.89594000000001,-5.082990000000001,-89.4822,22.71159
202.0,0.0,18.4009,-7.8741,53.4601,22.5574
202.0,0.0,20.24099,-8.661510000000002,53.4601,24.813140000000004
202.0,1.0,36.3999,-16.6022,106.8987,23.4635
202.0,1.0,40.03989000000001,-18.262420000000002,106.8987,25.80985
202.0,2.0,53.9714,-26.2036,160.3249,24.02
202.0,2.0,59.36854000000001,-28.823960000000003,160.3249,26.422
202.0,3.0,71.0674,-36.7055,213.7652,24.6511
202.0,3.0,78.17414000000001,-40.376050000000006,213.7652,27.116210000000002
202.0,4.0,87.679,-48.0888,267.2428,25.4581
202.0,4.0,96.44690000000001,-52.89768,267.2428,28.003910000000005
203.0,0.0,10.7513,-16.8582,72.3296,2.5356
203.0,0.0,11.826430000000002,-18.544020000000003,72.3296,2.7891600000000003
203.0,1.0,20.2142,-34.5286,144.6354,3.0316
203.0,1.0,22.235620000000004,-37.98146,144.6354,3.33476
203.0,2.0,28.3193,-52.876,216.9646,3.7633
203.0,2.0,31.15123,-58.1636,216.9646,4.13963
203.0,3.0,35.0721,-71.8553,289.2969,4.2922
203.0,3.0,38.57931,-79.04083,289.2969,4.721420000000001
203.0,4.0,40.4408,-91.4422,361.6216,5.0899
203.0,4.0,44.484880000000004,-100.58642,361.6216,5.598890000000001
204.0,0.0,14.7255,13.4932,55.9052,14.601
204.0,0.0,16.198050000000002,14.84252,55.9052,16.061100000000003
204.0,1.0,31.0171,25.2676,111.8528,15.3498
204.0,1.0,34.11881,27.794360000000005,111.8528,16.884780000000003
204.0,2.0,48.5887,35.1481,167.7473,15.7619
204.0,2.0,53.447570000000006,38.662910000000004,167.7473,17.33809
204.0,3.0,67.414,43.0587,223.6193,16.4315
204.0,3.0,74.15540000000001,47.36457000000001,223.6193,18.074650000000002
204.0,4.0,87.2133,48.8935,279.5776,17.2208
204.0,4.0,95.93463000000001,53.78285000000001,279.5776,18.942880000000002
205.0,0.0,-18.833,6.762,49.6029,1.6661
205.0,0.0,-20.7163,7.4382,49.6029,1.83271
205.0,1.0,-38.1805,12.0464,99.2061,2.1228
205.0,1.0,-41.99855000000001,13.251040000000001,99.2061,2.33508
205.0,2.0,-57.9156,15.6943,148.7657,3.1124
205.0,2.0,-63.70716,17.263730000000002,148.7657,3.4236400000000002
205.0,3.0,-77.9494,17.8275,198.3691,3.6766
205.0,3.0,-85.74434000000001,19.61025,198.3691,4.04426
205.0,4.0,-98.2562,18.4495,247.9405,4.314
205.0,4.0,-108.08182000000002,20.29445,247.9405,4.7454
206.0,0.0,-19.7927,-2.8096,-29.6293,24.6343
206.0,0.0,-21.771970000000003,-3.0905600000000004,-29.6293,27.097730000000002
206.0,1.0,-39.9918,-1.2309,-59.2555,25.3439
206.0,1.0,-43.99098,-1.3539900000000002,-59.2555,27.878290000000003
206.0,2.0,-59.8362,4.5767,-88.9004,25.9453
206.0,2.0,-65.81982,5.03437,-88.9004,28.539830000000002
206.0,3.0,-78.6722,14.6758,-118.5019,26.6859
206.0,3.0,-86.53942,16.14338,-118.5019,29.354490000000002
206.0,4.0,-95.7625,28.8034,-148.1282,27.2929
206.0,4.0,-105.33875,31.683740000000004,-148.1282,30.022190000000002
207.0,0.0,-6.3679,18.9433,17.1593,21.8413
207.0,0.0,-7.00469,20.83763,17.1593,24.025430000000004
207.0,1.0,-13.9607,37.4696,34.352,22.845
207.0,1.0,-15.356770000000001,41.21656,34.352,25.1295
207.0,2.0,-22.7271,55.5191,51.4957,23.2164
207.0,2.0,-24.999810000000004,61.07101000000001,51.4957,25.538040000000002
207.0,3.0,-32.6855,73.0157,68.6673,23.9893
207.0,3.0,-35.95405,80.31727000000001,68.6673,26.388230000000004
207.0,4.0,-43.831,89.8955,85.8498,24.6906
207.0,4.0,-48.21410000000001,98.88505,85.8498,27.159660000000002
208.0,0.0,-13.2341,15.0217,22.1983,25.6469
208.0,0.0,-14.55751,16.52387,22.1983,28.21159
208.0,1.0,-24.8697,31.3408,44.2808,26.2263
208.0,1.0,-27.356670000000005,34.474880000000006,44.2808,28.84893
208.0,2.0,-34.923,48.7458,66.4357,26.9333
208.0,2.0,-38.4153,53.620380000000004,66.4357,29.626630000000002
208.0,3.0,-43.1867,67.3173,88.5449,27.6621
208.0,3.0,-47.505370000000006,74.04903000000002,88.5449,30.42831
208.0,4.0,-49.7321,86.7696,110.7123,28.2431
208.0,4.0,-54.705310000000004,95.44656,110.7123,31.067410000000002
209.0,0.0,-9.082,17.8191,73.3411,19.1236
209.0,0.0,-9.990200000000002,19.60101,73.3411,21.035960000000003
209.0,1.0,-16.717,36.3528,146.5514,19.6697
209.0,1.0,-18.3887,39.988080000000004,146.5514,21.63667
209.0,2.0,-22.7712,55.5261,219.8982,20.614
209.0,2.0,-25.048320000000004,61.07871,219.8982,22.675400000000003
209.0,3.0,-27.2945,75.184,293.1816,20.968
209.0,3.0,-30.023950000000003,82.7024,293.1816,23.0648
209.0,4.0,-30.211,95.323,366.5238,21.7437
209.0,4.0,-33.2321,104.8553,366.5238,23.918070000000004
210.0,0.0,9.9801,-17.3271,117.4974,10.053
210.0,0.0,10.978110000000001,-19.059810000000002,117.4974,11.058300000000003
210.0,1.0,18.8944,-35.2409,235.049,10.7125
210.0,1.0,20.78384,-38.764990000000004,235.049,11.783750000000001
210.0,2.0,26.7142,-53.716,352.5641,11.237
210.0,2.0,29.385620000000003,-59.08760000000001,352.5641,12.360700000000001
210.0,3.0,33.3664,-72.7215,470.0842,11.9714
210.0,3.0,36.70304,-79.99365000000002,470.0842,13.16854
210.0,4.0,38.8583,-92.1824,587.5709,12.5333
210.0,4.0,42.744130000000006,-101.40064000000001,587.5709,13.786630000000002
211.0,0.0,-17.3061,10.0559,52.5226,18.2296
211.0,0.0,-19.036710000000003,11.061490000000001,52.5226,20.052560000000003
211.0,1.0,-34.0775,20.9387,105.0547,18.9601
211.0,1.0,-37.48525,23.032570000000003,105.0547,20.85611
211.0,2.0,-50.2157,32.7884,157.5332,19.5973
211.0,2.0,-55.23727,36.067240000000005,157.5332,21.55703
211.0,3.0,-65.78,45.4998,210.0879,20.2368
211.0,3.0,-72.358,50.049780000000005,210.0879,22.26048
211.0,4.0,-80.6959,59.0302,262.6483,21.054
211.0,4.0,-88.76549,64.93322,262.6483,23.1594
212.0,0.0,-17.1366,10.2655,-114.5039,11.5281
212.0,0.0,-18.850260000000002,11.29205,-114.5039,12.68091
212.0,1.0,-33.7792,21.4769,-228.9992,12.3119
212.0,1.0,-37.157120000000006,23.62459,-228.9992,13.543090000000001
212.0,2.0,-49.8027,33.5061,-343.5424,13.0493
212.0,2.0,-54.782970000000006,36.85671000000001,-343.5424,14.354230000000001
212.0,3.0,-65.2155,46.2868,-457.9856,13.4174
212.0,3.0,-71.73705000000001,50.91548,-457.9856,14.759140000000002
212.0,4.0,-80.0439,59.9336,-572.4684,14.2573
212.0,4.0,-88.04829,65.92696000000001,-572.4684,15.683030000000002
213.0,0.0,19.3611,4.9624,-13.4973,23.5134
213.0,0.0,21.297210000000003,5.45864,-13.4973,25.86474
213.0,1.0,38.4026,11.1678,-27.017,24.3859
213.0,1.0,42.24286,12.28458,-27.017,26.82449
213.0,2.0,57.0296,18.579,-40.5325,24.8412
213.0,2.0,62.73256000000001,20.4369,-40.5325,27.32532
213.0,3.0,75.2208,27.2399,-54.0341,25.6595
213.0,3.0,82.74288,29.96389,-54.0341,28.225450000000002
213.0,4.0,92.8829,37.0524,-67.4999,26.1218
213.0,4.0,102.17119000000001,40.75764,-67.4999,28.733980000000003
214.0,0.0,18.0696,8.5571,-78.1339,24.2903
214.0,0.0,19.87656,9.41281,-78.1339,26.71933
214.0,1.0,37.1123,14.8945,-156.3209,24.7906
214.0,1.0,40.82353,16.383950000000002,-156.3209,27.269660000000005
214.0,2.0,56.9472,18.959,-234.4091,25.4309
214.0,2.0,62.641920000000006,20.8549,-234.4091,27.973990000000004
214.0,3.0,77.2656,20.6675,-312.5669,25.9479
214.0,3.0,84.99216000000001,22.734250000000003,-312.5669,28.542690000000004
214.0,4.0,97.9548,20.056,-390.7157,26.4902
214.0,4.0,107.75028000000002,22.061600000000002,-390.7157,29.139220000000005
215.0,0.0,-19.9556,1.5354,6.3942,10.9249
215.0,0.0,-21.95116,1.6889400000000003,6.3942,12.01739
215.0,1.0,-40.0058,0.847,12.7828,11.3434
215.0,1.0,-44.00638000000001,0.9317000000000001,12.7828,12.477740000000002
215.0,2.0,-59.968,-2.0678,19.1701,12.2046
215.0,2.0,-65.96480000000001,-2.2745800000000003,19.1701,13.42506
215.0,3.0,-79.642,-7.1426,25.5578,12.7874
215.0,3.0,-87.6062,-7.85686,25.5578,14.06614
215.0,4.0,-98.9306,-14.4844,31.9165,13.4958
215.0,4.0,-108.82366,-15.932840000000002,31.9165,14.84538
216.0,0.0,4.1186,19.5589,-55.036,4.1954
216.0,0.0,4.530460000000001,21.51479,-55.036,4.614940000000001
216.0,1.0,9.4833,38.8212,-109.9763,5.0484
216.0,1.0,10.43163,42.70332,-109.9763,5.553240000000001
216.0,2.0,15.9959,57.8313,-164.9655,5.6846
216.0,2.0,17.59549,63.614430000000006,-164.9655,6.2530600000000005
216.0,3.0,23.7208,76.4052,-219.9817,6.425
216.0,3.0,26.09288,84.04572,-219.9817,7.067500000000001
216.0,4.0,32.5543,94.5668,-274.958,6.947
216.0,4.0,35.80973,104.02348,-274.958,7.641700000000001
217.0,0.0,19.9772,1.4784,-102.0428,13.681
217.0,0.0,21.97492,1.6262400000000001,-102.0428,15.049100000000001
217.0,1.0,39.7194,4.591,-204.1101,14.4573
217.0,1.0,43.691340000000004,5.0501000000000005,-204.1101,15.903030000000001
217.0,2.0,59.2879,9.2591,-306.1582,15.0837
217.0,2.0,65.21669,10.18501,-306.1582,16.592070000000003
217.0,3.0,78.5064,15.5004,-408.255,15.9218
217.0,3.0,86.35704000000001,17.050440000000002,-408.255,17.51398
217.0,4.0,97.2411,23.3351,-510.2807,16.3641
217.0,4.0,106.96521000000001,25.66861,-510.2807,18.000510000000002
218.0,0.0,-17.7916,9.1141,-67.7802,23.4934
218.0,0.0,-19.57076,10.02551,-67.7802,25.842740000000003
218.0,1.0,-32.9075,22.6983,-135.4789,24.0465
218.0,1.0,-36.19825,24.968130000000002,-135.4789,26.451150000000005
218.0,2.0,-44.5619,40.2046,-203.2809,24.6862
218.0,2.0,-49.01809000000001,44.225060000000006,-203.2809,27.15482
218.0,3.0,-52.01,60.814,-270.9672,25.215
218.0,3.0,-57.211000000000006,66.89540000000001,-270.9672,27.736500000000003
218.0,4.0,-54.5766,83.7563,-338.7335,25.9183
218.0,4.0,-60.03426,92.13193,-338.7335,28.51013
219.0,0.0,-10.9453,-16.7178,-25.181,17.6535
219.0,0.0,-12.03983,-18.389580000000002,-25.181,19.418850000000003
219.0,1.0,-15.3732,-36.8886,-50.3796,18.2593
219.0,1.0,-16.91052,-40.57746,-50.3796,20.085230000000003
219.0,2.0,-12.5269,-58.6936,-75.6188,18.8165
219.0,2.0,-13.77959,-64.56296,-75.6188,20.698150000000002
219.0,3.0,-2.1216,-79.9366,-100.842,19.6345
219.0,3.0,-2.3337600000000003,-87.93026,-100.842,21.59795
219.0,4.0,15.8322,-98.7478,-126.0562,20.2272
219.0,4.0,17.41542,-108.62258000000001,-126.0562,22.249920000000003
220.0,0.0,9.3151,-17.6963,17.0219,21.2551
220.0,0.0,10.24661,-19.465930000000004,17.0219,23.38061
220.0,1.0,17.6036,-35.914,34.0263,22.0868
220.0,1.0,19.363960000000002,-39.5054,34.0263,24.29548
220.0,2.0,24.9627,-54.5543,51.0626,22.8668
220.0,2.0,27.458970000000004,-60.009730000000005,51.0626,25.153480000000002
220.0,3.0,31.2895,-73.6032,68.0585,23.2926
220.0,3.0,34.41845,-80.96352,68.0585,25.62186
220.0,4.0,36.5496,-93.1109,85.0644,24.0822
220.0,4.0,40.20456,-102.42199000000001,85.0644,26.490420000000004
221.0,0.0,-19.069,-5.9497,35.2685,20.3949
221.0,0.0,-20.9759,-6.544670000000001,35.2685,22.43439
221.0,1.0,-37.7386,-13.3185,70.5473,21.0809
221.0,1.0,-41.512460000000004,-14.650350000000001,70.5473,23.18899
221.0,2.0,-55.8458,-21.9673,105.8749,21.6564
221.0,2.0,-61.43038,-24.164030000000004,105.8749,23.822040000000005
221.0,3.0,-73.3436,-31.9063,141.1679,22.45
221.0,3.0,-80.67796,-35.09693000000001,141.1679,24.695
221.0,4.0,-90.1848,-43.1479,176.4418,22.9146
221.0,4.0,-99.20328,-47.46269,176.4418,25.20606
222.0,0.0,19.1679,5.7449,39.3569,4.4667
222.0,0.0,21.084690000000002,6.319390000000001,39.3569,4.9133700000000005
222.0,1.0,38.6891,10.2427,78.7249,4.832
222.0,1.0,42.55801000000001,11.26697,78.7249,5.3152
222.0,2.0,58.4194,13.5808,118.095,5.573
222.0,2.0,64.26134,14.938880000000001,118.095,6.130300000000001
222.0,3.0,78.4437,15.686,157.4687,6.3314
222.0,3.0,86.28807000000002,17.2546,157.4687,6.964540000000001
222.0,4.0,98.6554,16.5555,196.861,6.9937
222.0,4.0,108.52094000000001,18.21105,196.861,7.6930700000000005
223.0,0.0,17.5343,9.6479,-88.1101,24.1429
223.0,0.0,19.287730000000003,10.61269,-88.1101,26.557190000000002
223.0,1.0,33.6782,21.596,-176.2,24.6718
223.0,1.0,37.04602,23.7556,-176.2,27.138980000000004
223.0,2.0,48.1678,35.7709,-264.3502,25.354
223.0,2.0,52.98458,39.34799,-264.3502,27.889400000000002
223.0,3.0,60.845,51.9478,-352.4514,26.117
223.0,3.0,66.9295,57.14258,-352.4514,28.728700000000003
223.0,4.0,71.4631,69.9888,-440.5711,26.8226
223.0,4.0,78.60941,76.98768,-440.5711,29.504860000000004
224.0,0.0,-14.3518,-13.912,5.8123,24.8428
224.0,0.0,-15.786980000000002,-15.303200000000002,5.8123,27.327080000000002
224.0,1.0,-29.6496,-26.8005,11.6461,25.2817
224.0,1.0,-32.614560000000004,-29.48055,11.6461,27.809870000000004
224.0,2.0,-45.8588,-38.7771,17.4405,26.1602
224.0,2.0,-50.444680000000005,-42.65481,17.4405,28.776220000000002
224.0,3.0,-62.7211,-49.6214,23.2472,26.7331
224.0,3.0,-68.99321,-54.583540000000006,23.2472,29.40641
224.0,4.0,-80.4816,-59.3501,29.0757,27.6039
224.0,4.0,-88.52976000000001,-65.28511,29.0757,30.36429
225.0,0.0,4.9658,19.3661,46.1066,19.0815
225.0,0.0,5.4623800000000005,21.30271,46.1066,20.98965
225.0,1.0,7.1867,39.355,92.1916,19.6207
225.0,1.0,7.9053700000000005,43.2905,92.1916,21.58277
225.0,2.0,6.4444,59.6512,138.2752,20.3523
225.0,2.0,7.08884,65.61632,138.2752,22.38753
225.0,3.0,2.8286,79.974,184.401,21.1995
225.0,3.0,3.11146,87.97140000000002,184.401,23.319450000000003
225.0,4.0,-3.6163,99.9342,230.5176,21.7999
225.0,4.0,-3.97793,109.92762000000002,230.5176,23.979890000000005
226.0,0.0,6.5964,18.9228,-21.982,24.223
226.0,0.0,7.2560400000000005,20.815080000000002,-21.982,26.645300000000002
226.0,1.0,12.2805,38.0839,-43.9549,24.8118
226.0,1.0,13.508550000000001,41.89229,-43.9549,27.292980000000004
226.0,2.0,16.989,57.5727,-65.9504,25.4934
226.0,2.0,18.687900000000003,63.32997,-65.9504,28.042740000000002
226.0,3.0,20.7728,77.264,-87.8991,26.1637
226.0,3.0,22.850080000000002,84.99040000000001,-87.8991,28.780070000000002
226.0,4.0,23.4572,97.1951,-109.9364,26.884
226.0,4.0,25.802920000000004,106.91461000000001,-109.9364,29.572400000000002
227.0,0.0,-18.5754,-7.462,10.1206,16.5872
227.0,0.0,-20.43294,-8.2082,10.1206,18.24592
227.0,1.0,-36.7937,-15.7441,20.1901,17.3402
227.0,1.0,-40.47307000000001,-17.31851,20.1901,19.07422
227.0,2.0,-54.5785,-24.929,30.3047,18.041
227.0,2.0,-60.036350000000006,-27.4219,30.3047,19.845100000000002
227.0,3.0,-72.0013,-34.8663,40.381,18.7894
227.0,3.0,-79.20143,-38.35293000000001,40.381,20.66834
227.0,4.0,-88.9667,-45.6186,50.5279,19.436
227.0,4.0,-97.86337000000002,-50.180460000000004,50.5279,21.3796
228.0,0.0,-3.2087,-19.726,42.8444,22.8162
228.0,0.0,-3.52957,-21.6986,42.8444,25.09782
228.0,1.0,-4.1758,-39.8061,85.6752,23.6018
228.0,1.0,-4.59338,-43.78671000000001,85.6752,25.961980000000004
228.0,2.0,-2.8159,-59.9391,128.5647,24.265
228.0,2.0,-3.0974900000000005,-65.93301000000001,128.5647,26.6915
228.0,3.0,0.8117,-80.0277,171.3656,24.8669
228.0,3.0,0.89287,-88.03047000000001,171.3656,27.353590000000004
228.0,4.0,6.7262,-99.7913,214.1988,25.3834
228.0,4.0,7.398820000000001,-109.77043000000002,214.1988,27.921740000000003
229.0,0.0,9.1161,17.8092,-9.7538,14.9885
229.0,0.0,10.02771,19.590120000000002,-9.7538,16.487350000000003
229.0,1.0,15.018,37.0718,-19.46,15.6455
229.0,1.0,16.519800000000004,40.778980000000004,-19.46,17.210050000000003
229.0,2.0,17.4183,57.4055,-29.1969,16.3188
229.0,2.0,19.16013,63.14605000000001,-29.1969,17.950680000000002
229.0,3.0,16.1866,78.3483,-38.9551,16.9951
229.0,3.0,17.80526,86.18313,-38.9551,18.69461
229.0,4.0,11.2968,99.3791,-48.7003,17.865
229.0,4.0,12.42648,109.31701,-48.7003,19.6515
230.0,0.0,-19.9858,0.7642,-115.2944,13.9497
230.0,0.0,-21.98438,0.84062,-115.2944,15.34467
230.0,1.0,-39.8645,3.3433,-230.6068,14.3162
230.0,1.0,-43.850950000000005,3.6776300000000006,-230.6068,15.74782
230.0,2.0,-59.523,7.7341,-345.9334,15.1474
230.0,2.0,-65.4753,8.50751,-345.9334,16.66214
230.0,3.0,-78.8073,13.9188,-461.2232,15.7301
230.0,3.0,-86.68803,15.31068,-461.2232,17.30311
230.0,4.0,-97.59,21.8398,-576.5004,16.6623
230.0,4.0,-107.34900000000002,24.023780000000002,-576.5004,18.32853
231.0,0.0,6.1164,-19.0532,-56.9948,2.9258
231.0,0.0,6.72804,-20.958520000000004,-56.9948,3.2183800000000002
231.0,1.0,10.6754,-38.5665,-114.0706,3.4423
231.0,1.0,11.74294,-42.42315,-114.0706,3.7865300000000004
231.0,2.0,13.7457,-58.4183,-171.0703,3.9524
231.0,2.0,15.12027,-64.26013,-171.0703,4.34764
231.0,3.0,15.2685,-78.5141,-228.1287,4.6455
231.0,3.0,16.79535,-86.36551,-228.1287,5.11005
231.0,4.0,15.2488,-98.8345,-285.1547,5.4632
231.0,4.0,16.77368,-108.71795000000002,-285.1547,6.00952
232.0,0.0,-12.8918,-15.2482,95.7877,15.0606
232.0,0.0,-14.180980000000002,-16.773020000000002,95.7877,16.566660000000002
232.0,1.0,-29.0199,-27.6138,191.6193,15.7936
232.0,1.0,-31.92189,-30.375180000000004,191.6193,17.372960000000003
232.0,2.0,-47.6648,-36.4851,287.4187,16.3914
232.0,2.0,-52.43128,-40.133610000000004,287.4187,18.030540000000002
232.0,3.0,-68.3311,-41.6052,383.1989,16.8936
232.0,3.0,-75.16421000000001,-45.76572000000001,383.1989,18.58296
232.0,4.0,-90.4994,-42.5742,479.0111,17.6004
232.0,4.0,-99.54934,-46.83162,479.0111,19.36044
233.0,0.0,-16.5375,11.2731,-13.4258,5.0282
233.0,0.0,-18.191250000000004,12.40041,-13.4258,5.531020000000001
233.0,1.0,-32.3352,23.5072,-26.8936,5.8784
233.0,1.0,-35.568720000000006,25.857920000000004,-26.8936,6.466240000000001
233.0,2.0,-47.5087,36.6605,-40.4191,6.4767
233.0,2.0,-52.259570000000004,40.326550000000005,-40.4191,7.124370000000001
233.0,3.0,-61.8274,50.7443,-53.8645,7.1835
233.0,3.0,-68.01014,55.81873000000001,-53.8645,7.901850000000001
233.0,4.0,-75.4055,65.7281,-67.3433,7.6543
233.0,4.0,-82.94605000000001,72.30091,-67.3433,8.419730000000001
234.0,0.0,-18.9525,6.3026,-5.233,17.408
234.0,0.0,-20.84775,6.932860000000001,-5.233,19.1488
234.0,1.0,-34.3064,20.5847,-10.4677,18.1257
234.0,1.0,-37.73704,22.643170000000005,-10.4677,19.93827
234.0,2.0,-43.4452,41.4275,-15.7121,18.6979
234.0,2.0,-47.78972,45.57025000000001,-15.7121,20.567690000000002
234.0,3.0,-44.4488,66.5658,-20.9827,19.4473
234.0,3.0,-48.89368,73.22238,-20.9827,21.39203
234.0,4.0,-35.9401,93.276,-26.1647,20.1635
234.0,4.0,-39.534110000000005,102.6036,-26.1647,22.179850000000002
235.0,0.0,-10.4687,-17.0164,-9.8962,20.0779
235.0,0.0,-11.51557,-18.718040000000002,-9.8962,22.085690000000003
235.0,1.0,-19.3179,-35.0179,-19.7795,21.0029
235.0,1.0,-21.249690000000005,-38.51969,-19.7795,23.10319
235.0,2.0,-26.3965,-53.8623,-29.685,21.4467
235.0,2.0,-29.036150000000003,-59.24853,-29.685,23.59137
235.0,3.0,-31.7161,-73.4405,-39.5644,22.1227
235.0,3.0,-34.887710000000006,-80.78455000000001,-39.5644,24.33497
235.0,4.0,-35.1422,-93.5848,-49.5157,22.793
235.0,4.0,-38.656420000000004,-102.94328000000002,-49.5157,25.072300000000002
236.0,0.0,19.5041,4.2142,14.3299,24.13
236.0,0.0,21.454510000000003,4.63562,14.3299,26.543000000000003
236.0,1.0,39.4924,6.4641,28.7525,24.9153
236.0,1.0,43.44164000000001,7.1105100000000006,28.7525,27.40683
236.0,2.0,59.6036,6.7062,43.1027,25.2596
236.0,2.0,65.56396000000001,7.37682,43.1027,27.78556
236.0,3.0,79.8679,4.9319,57.4686,26.1273
236.0,3.0,87.85469000000002,5.42509,57.4686,28.740030000000004
236.0,4.0,100.0545,1.1031,71.8055,26.773
236.0,4.0,110.05995000000001,1.21341,71.8055,29.450300000000002
237.0,0.0,2.8238,19.7766,-65.1682,4.7048
237.0,0.0,3.10618,21.75426,-65.1682,5.17528
237.0,1.0,4.2118,39.8144,-130.3309,5.5488
237.0,1.0,4.632980000000001,43.795840000000005,-130.3309,6.103680000000001
237.0,2.0,4.206,59.8655,-195.4824,6.2992
237.0,2.0,4.626600000000001,65.85205,-195.4824,6.92912
237.0,3.0,2.7564,79.9488,-260.5738,6.9342
237.0,3.0,3.0320400000000003,87.94368000000001,-260.5738,7.62762
237.0,4.0,-0.0653,99.983,-325.7713,7.498
237.0,4.0,-0.07183,109.98130000000002,-325.7713,8.247800000000002
238.0,0.0,19.0128,6.2032,111.0808,13.5785
238.0,0.0,20.91408,6.82352,111.0808,14.936350000000001
238.0,1.0,37.6222,13.6031,222.1896,14.2882
238.0,1.0,41.384420000000006,14.963410000000001,222.1896,15.717020000000002
238.0,2.0,55.7857,22.1509,333.2825,15.248
238.0,2.0,61.364270000000005,24.365990000000004,333.2825,16.7728
238.0,3.0,73.4518,31.8297,444.392,15.6894
238.0,3.0,80.79698000000002,35.01267,444.392,17.25834
238.0,4.0,90.4694,42.5512,555.4399,16.5401
238.0,4.0,99.51634,46.80632000000001,555.4399,18.194110000000002
239.0,0.0,19.8988,1.9606,28.9263,23.9088
239.0,0.0,21.888680000000004,2.15666,28.9263,26.299680000000002
239.0,1.0,39.9379,2.2199,57.893,24.3728
239.0,1.0,43.93169,2.4418900000000003,57.893,26.810080000000003
239.0,2.0,59.9903,0.7727,86.8185,24.9839
239.0,2.0,65.98933000000001,0.8499700000000001,86.8185,27.48229
239.0,3.0,79.9512,-2.3969,115.7372,25.8047
239.0,3.0,87.94632,-2.6365900000000004,115.7372,28.385170000000002
239.0,4.0,99.735,-7.2511,144.6988,26.346
239.0,4.0,109.70850000000002,-7.976210000000001,144.6988,28.980600000000003
240.0,0.0,2.2609,19.8564,-7.3573,16.6928
240.0,0.0,2.48699,21.84204,-7.3573,18.36208
240.0,1.0,8.7592,39.0345,-14.7355,17.4289
240.0,1.0,9.63512,42.93795000000001,-14.7355,19.17179
240.0,2.0,19.2935,56.8245,-22.057,18.1311
240.0,2.0,21.222850000000005,62.50695,-22.057,19.94421
240.0,3.0,33.6504,72.57,-29.4304,18.8939
240.0,3.0,37.01544,79.827,-29.4304,20.78329
240.0,4.0,51.5636,85.6773,-36.7754,19.3665
240.0,4.0,56.71996000000001,94.24503000000001,-36.7754,21.30315
241.0,0.0,15.069,13.0886,53.2568,23.4535
241.0,0.0,16.5759,14.39746,53.2568,25.79885
241.0,1.0,29.3712,27.1651,106.44,24.2466
241.0,1.0,32.30832,29.881610000000002,106.44,26.671260000000004
241.0,2.0,42.8023,42.025,159.6613,24.9523
241.0,2.0,47.082530000000006,46.2275,159.6613,27.447530000000004
241.0,3.0,55.3554,57.7462,212.8623,25.6432
241.0,3.0,60.89094000000001,63.52082000000001,212.8623,28.207520000000002
241.0,4.0,67.0406,74.2514,266.0979,26.0731
241.0,4.0,73.74466000000001,81.67654000000002,266.0979,28.680410000000002
242.0,0.0,10.2656,17.1426,48.0111,1.4468
242.0,0.0,11.29216,18.856860000000005,48.0111,1.5914800000000002
242.0,1.0,26.6771,29.7441,95.9927,2.1
242.0,1.0,29.344810000000003,32.71851,95.9927,2.3100000000000005
242.0,2.0,47.7973,36.2894,143.9621,2.6194
242.0,2.0,52.57703,39.91834,143.9621,2.8813400000000002
242.0,3.0,71.7009,35.3588,191.9665,3.423
242.0,3.0,78.87099,38.89468000000001,191.9665,3.7653000000000003
242.0,4.0,96.4717,26.4339,239.9288,4.0959
242.0,4.0,106.11887,29.077290000000005,239.9288,4.505490000000001
243.0,0.0,-0.5638,-20.027,-1.3641,15.4003
243.0,0.0,-0.6201800000000001,-22.029700000000002,-1.3641,16.94033
243.0,1.0,4.2936,-39.7616,-2.7064,16.1291
243.0,1.0,4.72296,-43.73776,-2.7064,17.742010000000004
243.0,2.0,14.4676,-58.2411,-4.0522,16.7063
243.0,2.0,15.91436,-64.06521000000001,-4.0522,18.37693
243.0,3.0,29.578,-74.3427,-5.4173,17.485
243.0,3.0,32.5358,-81.77697,-5.4173,19.2335
243.0,4.0,49.2501,-87.0056,-6.7753,18.0653
243.0,4.0,54.17511000000001,-95.70616000000001,-6.7753,19.871830000000003
244.0,0.0,9.8658,17.3963,60.2019,14.6914
244.0,0.0,10.85238,19.135930000000002,60.2019,16.16054
244.0,1.0,16.1617,36.6005,120.3405,15.3455
244.0,1.0,17.77787,40.26055,120.3405,16.88005
244.0,2.0,18.5819,57.0475,180.558,16.1835
244.0,2.0,20.44009,62.752250000000004,180.558,17.80185
244.0,3.0,16.9507,78.1946,240.7135,16.8494
244.0,3.0,18.645770000000002,86.01406,240.7135,18.53434
244.0,4.0,11.2824,99.3557,300.8944,17.4292
244.0,4.0,12.410640000000003,109.29127000000001,300.8944,19.172120000000003
245.0,0.0,-18.7265,6.8992,-13.927,6.9602
245.0,0.0,-20.59915,7.589120000000001,-13.927,7.656220000000001
245.0,1.0,-37.1654,14.7392,-27.8232,7.4278
245.0,1.0,-40.88194,16.21312,-27.8232,8.170580000000001
245.0,2.0,-55.2207,23.4998,-41.7726,8.227
245.0,2.0,-60.74277000000001,25.849780000000003,-41.7726,9.049700000000001
245.0,3.0,-72.7527,33.2399,-55.692,8.7511
245.0,3.0,-80.02797000000001,36.56389,-55.692,9.62621
245.0,4.0,-89.8687,43.8367,-69.6079,9.5278
245.0,4.0,-98.85557000000001,48.22037,-69.6079,10.48058
246.0,0.0,11.4636,-16.3952,-38.7053,3.4858
246.0,0.0,12.609960000000001,-18.03472,-38.7053,3.83438
246.0,1.0,24.4757,-31.6012,-77.4752,4.2933
246.0,1.0,26.923270000000002,-34.76132,-77.4752,4.7226300000000005
246.0,2.0,38.8987,-45.6665,-116.2155,4.8164
246.0,2.0,42.78857,-50.23315,-116.2155,5.29804
246.0,3.0,54.7261,-58.3585,-154.9594,5.7304
246.0,3.0,60.198710000000005,-64.19435,-154.9594,6.303440000000001
246.0,4.0,71.7319,-69.6533,-193.6945,6.0795
246.0,4.0,78.90509,-76.61863000000001,-193.6945,6.687450000000001
247.0,0.0,3.1028,19.7509,-18.8572,15.399
247.0,0.0,3.41308,21.725990000000003,-18.8572,16.9389
247.0,1.0,5.1833,39.669,-37.6727,15.9528
247.0,1.0,5.701630000000001,43.6359,-37.6727,17.548080000000002
247.0,2.0,6.3117,59.654,-56.505,16.3603
247.0,2.0,6.942870000000001,65.61940000000001,-56.505,17.99633
247.0,3.0,6.4553,79.7545,-75.3361,17.1774
247.0,3.0,7.100830000000001,87.72995,-75.3361,18.89514
247.0,4.0,5.5489,99.8607,-94.1801,17.8552
247.0,4.0,6.10379,109.84677,-94.1801,19.64072
248.0,0.0,-1.8223,19.9263,-47.5997,9.7254
248.0,0.0,-2.0045300000000004,21.918930000000003,-47.5997,10.697940000000001
248.0,1.0,-10.1821,38.6879,-95.1412,10.4918
248.0,1.0,-11.200310000000002,42.55669,-95.1412,11.540980000000001
248.0,2.0,-24.8236,54.6508,-142.766,10.924
248.0,2.0,-27.305960000000002,60.115880000000004,-142.766,12.0164
248.0,3.0,-44.8417,66.2495,-190.3396,11.7471
248.0,3.0,-49.32587000000001,72.87445000000001,-190.3396,12.92181
248.0,4.0,-69.1795,72.2543,-237.8767,12.4503
248.0,4.0,-76.09745000000001,79.47973,-237.8767,13.695330000000002
249.0,0.0,-20.011,-0.5639,20.1803,3.8203
249.0,0.0,-22.0121,-0.62029,20.1803,4.202330000000001
249.0,1.0,-39.9732,0.0022,40.386,4.4206
249.0,1.0,-43.97052,0.0024200000000000003,40.386,4.862660000000001
249.0,2.0,-59.9924,1.8123,60.5717,5.276
249.0,2.0,-65.99164,1.9935300000000002,60.5717,5.8036
249.0,3.0,-79.8975,4.7389,80.7673,5.8758
249.0,3.0,-87.88725,5.212790000000001,80.7673,6.463380000000001
249.0,4.0,-99.5811,8.9057,100.9306,6.3737
249.0,4.0,-109.53921000000001,9.79627,100.9306,7.011070000000001
250.0,0.0,3.4501,-19.716,76.4233,1.7004
250.0,0.0,3.79511,-21.687600000000003,76.4233,1.87044
250.0,1.0,-3.178,-39.8896,152.8544,2.0816
250.0,1.0,-3.4958,-43.87856000000001,152.8544,2.2897600000000002
250.0,2.0,-19.4633,-56.7706,229.302,2.8476
250.0,2.0,-21.409630000000003,-62.447660000000006,229.302,3.1323600000000003
250.0,3.0,-44.0033,-66.7965,305.7117,3.7029
250.0,3.0,-48.40363000000001,-73.47615,305.7117,4.07319
250.0,4.0,-74.0692,-67.1378,382.1942,4.0975
250.0,4.0,-81.47612,-73.85158,382.1942,4.507250000000001
251.0,0.0,14.2055,14.0515,22.404,9.3066
251.0,0.0,15.626050000000003,15.456650000000002,22.404,10.237260000000001
251.0,1.0,31.0751,25.1673,44.8267,10.3667
251.0,1.0,34.182610000000004,27.684030000000003,44.8267,11.40337
251.0,2.0,50.137,32.9758,67.2672,10.7963
251.0,2.0,55.15070000000001,36.27338,67.2672,11.875930000000002
251.0,3.0,70.7958,37.1938,89.6547,11.6497
251.0,3.0,77.87538,40.913180000000004,89.6547,12.81467
251.0,4.0,92.6671,37.5759,112.0683,12.0279
251.0,4.0,101.93381000000001,41.33349,112.0683,13.230690000000003
252.0,0.0,-8.3862,-18.1531,-28.4492,23.9549
252.0,0.0,-9.224820000000001,-19.96841,-28.4492,26.35039
252.0,1.0,-18.101,-35.6642,-56.8754,24.6131
252.0,1.0,-19.9111,-39.23062,-56.8754,27.07441
252.0,2.0,-29.0491,-52.4839,-85.2727,25.2724
252.0,2.0,-31.95401,-57.732290000000006,-85.2727,27.799640000000004
252.0,3.0,-41.2534,-68.5287,-113.6859,26.0449
252.0,3.0,-45.37874,-75.38157000000001,-113.6859,28.64939
252.0,4.0,-54.6211,-83.7438,-142.108,26.6032
252.0,4.0,-60.08321,-92.11818,-142.108,29.263520000000003
253.0,0.0,-4.808,19.4187,40.0107,24.5902
253.0,0.0,-5.2888,21.360570000000003,40.0107,27.049220000000002
253.0,1.0,-6.7372,39.3901,80.0243,25.0485
253.0,1.0,-7.41092,43.32911,80.0243,27.553350000000002
253.0,2.0,-5.7652,59.7246,120.1135,25.6349
253.0,2.0,-6.3417200000000005,65.69706000000001,120.1135,28.19839
253.0,3.0,-1.9656,79.9582,160.0962,26.3813
253.0,3.0,-2.16216,87.95402000000001,160.0962,29.019430000000003
253.0,4.0,4.7582,99.8697,200.1746,27.0218
253.0,4.0,5.234020000000001,109.85667000000001,200.1746,29.72398
254.0,0.0,-19.5862,-4.0499,97.1986,25.5853
254.0,0.0,-21.544820000000005,-4.454890000000001,97.1986,28.14383
254.0,1.0,-39.4731,-6.4959,194.3611,26.1897
254.0,1.0,-43.420410000000004,-7.145490000000001,194.3611,28.80867
254.0,2.0,-59.567,-7.3256,291.5552,26.849
254.0,2.0,-65.5237,-8.05816,291.5552,29.533900000000003
254.0,3.0,-79.7116,-6.5542,388.711,27.3598
254.0,3.0,-87.68276000000002,-7.20962,388.711,30.09578
254.0,4.0,-99.934,-4.1206,485.879,28.1284
254.0,4.0,-109.9274,-4.53266,485.879,30.94124
255.0,0.0,7.5269,18.5172,13.3257,8.0332
255.0,0.0,8.27959,20.36892,13.3257,8.836520000000002
255.0,1.0,13.5206,37.6324,26.6332,8.7169
255.0,1.0,14.872660000000002,41.39564,26.6332,9.588590000000002
255.0,2.0,17.9565,57.2184,39.9615,9.4955
255.0,2.0,19.75215,62.94024000000001,39.9615,10.44505
255.0,3.0,20.8516,77.2514,53.2766,10.103
255.0,3.0,22.936760000000003,84.97654000000001,53.2766,11.1133
255.0,4.0,22.101,97.5287,66.5457,10.7184
255.0,4.0,24.3111,107.28157000000002,66.5457,11.790240000000002
256.0,0.0,-1.9143,-19.9095,-45.9331,8.6023
256.0,0.0,-2.10573,-21.900450000000003,-45.9331,9.462530000000001
256.0,1.0,-5.7043,-39.6011,-91.883,9.2489
256.0,1.0,-6.274730000000001,-43.56121,-91.883,10.173790000000002
256.0,2.0,-11.2863,-58.9386,-137.8192,10.0178
256.0,2.0,-12.414930000000002,-64.83246000000001,-137.8192,11.01958
256.0,3.0,-18.6826,-77.7887,-183.7662,10.5037
256.0,3.0,-20.550860000000004,-85.56757000000002,-183.7662,11.554070000000001
256.0,4.0,-27.9471,-96.0188,-229.6956,11.2019
256.0,4.0,-30.74181,-105.62068000000001,-229.6956,12.322090000000001
257.0,0.0,-4.2598,-19.5359,-24.332,25.7135
257.0,0.0,-4.68578,-21.489490000000004,-24.332,28.284850000000002
257.0,1.0,-6.8818,-39.4163,-48.6803,26.3732
257.0,1.0,-7.569980000000001,-43.35793,-48.6803,29.010520000000003
257.0,2.0,-7.9422,-59.4554,-72.9895,26.9221
257.0,2.0,-8.73642,-65.40094,-72.9895,29.614310000000003
257.0,3.0,-7.3688,-79.6538,-97.3638,27.4158
257.0,3.0,-8.105680000000001,-87.61918000000001,-97.3638,30.157380000000003
257.0,4.0,-5.111,-99.8496,-121.6926,28.1544
257.0,4.0,-5.6221000000000005,-109.83456000000001,-121.6926,30.96984
258.0,0.0,-3.8218,-19.6307,-110.6543,6.5337
258.0,0.0,-4.2039800000000005,-21.593770000000003,-110.6543,7.18707
258.0,1.0,-11.0912,-38.4276,-221.2812,7.2239
258.0,1.0,-12.200320000000001,-42.270360000000004,-221.2812,7.946290000000001
258.0,2.0,-21.6086,-55.9264,-331.9025,7.9775
258.0,2.0,-23.769460000000002,-61.519040000000004,-331.9025,8.775250000000002
258.0,3.0,-35.3172,-71.7807,-442.5728,8.3433
258.0,3.0,-38.84892,-78.95877,-442.5728,9.17763
258.0,4.0,-51.9336,-85.4606,-553.1899,9.203
258.0,4.0,-57.126960000000004,-94.00666000000001,-553.1899,10.1233
259.0,0.0,-19.6123,-3.8428,30.8673,14.2895
259.0,0.0,-21.57353,-4.22708,30.8673,15.718450000000002
259.0,1.0,-38.5009,-10.8395,61.763,15.159
259.0,1.0,-42.35099,-11.92345,61.763,16.6749
259.0,2.0,-56.2331,-20.9683,92.6371,15.6547
259.0,2.0,-61.856410000000004,-23.06513,92.6371,17.220170000000003
259.0,3.0,-72.4253,-34.0358,123.5367,16.438
259.0,3.0,-79.66783,-37.43938000000001,123.5367,18.0818
259.0,4.0,-86.6919,-49.816,154.4206,17.1073
259.0,4.0,-95.36109000000002,-54.79760000000001,154.4206,18.81803
260.0,0.0,14.6312,13.6422,-34.1607,19.0382
260.0,0.0,16.09432,15.006420000000002,-34.1607,20.942020000000003
260.0,1.0,33.0459,22.518,-68.363,19.7863
260.0,1.0,36.35049000000001,24.769800000000004,-68.363,21.764930000000003
260.0,2.0,54.1178,25.8222,-102.5894,20.4011
260.0,2.0,59.52958000000001,28.404420000000002,-102.5894,22.44121
260.0,3.0,76.5865,23.0926,-136.7186,21.1978
260.0,3.0,84.24515000000001,25.401860000000003,-136.7186,23.317580000000003
260.0,4.0,99.0578,13.9182,-170.9708,21.9574
260.0,4.0,108.96358000000001,15.310020000000002,-170.9708,24.15314
261.0,0.0,4.7959,-19.4247,-13.227,17.9782
261.0,0.0,5.27549,-21.36717,-13.227,19.776020000000003
261.0,1.0,6.7237,-39.4056,-26.4159,18.7385
261.0,1.0,7.396070000000001,-43.346160000000005,-26.4159,20.61235
261.0,2.0,5.8182,-59.6833,-39.6704,19.4546
261.0,2.0,6.4000200000000005,-65.65163000000001,-39.6704,21.40006
261.0,3.0,1.9147,-79.9808,-52.8687,19.8912
261.0,3.0,2.10617,-87.97888,-52.8687,21.880320000000005
261.0,4.0,-4.8378,-99.8552,-66.1317,20.6442
261.0,4.0,-5.32158,-109.84072,-66.1317,22.708620000000003
262.0,0.0,-0.9634,-19.9468,32.8639,4.0114
262.0,0.0,-1.0597400000000001,-21.941480000000002,32.8639,4.412540000000001
262.0,1.0,-3.4082,-39.8625,65.7653,4.4592
262.0,1.0,-3.7490200000000002,-43.84875,65.7653,4.90512
262.0,2.0,-7.401,-59.5743,98.6189,5.2658
262.0,2.0,-8.1411,-65.53173000000001,98.6189,5.79238
262.0,3.0,-12.8905,-78.9397,131.4719,5.7566
262.0,3.0,-14.17955,-86.83367000000001,131.4719,6.33226
262.0,4.0,-19.9008,-98.0261,164.4308,6.5115
262.0,4.0,-21.890880000000003,-107.82871000000002,164.4308,7.16265
263.0,0.0,-2.2928,-19.851,0.2873,19.9411
263.0,0.0,-2.5220800000000003,-21.836100000000002,0.2873,21.93521
263.0,1.0,-5.4391,-39.6231,0.6473,20.3899
263.0,1.0,-5.98301,-43.58541,0.6473,22.428890000000003
263.0,2.0,-9.6151,-59.2278,1.0079,21.0871
263.0,2.0,-10.57661,-65.15058,1.0079,23.19581
263.0,3.0,-14.7263,-78.6283,1.356,21.8778
263.0,3.0,-16.19893,-86.49113,1.356,24.065580000000004
263.0,4.0,-20.7773,-97.8457,1.6442,22.5725
263.0,4.0,-22.855030000000003,-107.63027,1.6442,24.829750000000004
264.0,0.0,-14.8864,13.281,86.5718,1.1081
264.0,0.0,-16.375040000000002,14.609100000000002,86.5718,1.2189100000000002
264.0,1.0,-30.9033,25.4036,173.2001,1.8948
264.0,1.0,-33.99363,27.943960000000004,173.2001,2.08428
264.0,2.0,-47.8174,36.2346,259.8098,2.3787
264.0,2.0,-52.599140000000006,39.85806,259.8098,2.61657
264.0,3.0,-65.6737,45.7147,346.4057,3.1156
264.0,3.0,-72.24107000000001,50.286170000000006,346.4057,3.4271600000000007
264.0,4.0,-84.2978,53.8294,432.937,3.7733
264.0,4.0,-92.72758,59.212340000000005,432.937,4.1506300000000005
265.0,0.0,6.3166,-18.9492,51.7717,5.6453
265.0,0.0,6.948260000000001,-20.844120000000004,51.7717,6.20983
265.0,1.0,13.6913,-37.5921,103.5301,6.208
265.0,1.0,15.060430000000002,-41.351310000000005,103.5301,6.828800000000001
265.0,2.0,22.0199,-55.8019,155.2786,6.7383
265.0,2.0,24.221890000000002,-61.382090000000005,155.2786,7.41213
265.0,3.0,31.3867,-73.5902,207.0765,7.5223
265.0,3.0,34.52537,-80.94922,207.0765,8.27453
265.0,4.0,41.7195,-90.8804,258.8298,8.2122
265.0,4.0,45.89145,-99.96844,258.8298,9.03342
266.0,0.0,-7.6349,18.5055,-39.4691,19.4904
266.0,0.0,-8.398390000000001,20.356050000000003,-39.4691,21.43944
266.0,1.0,-17.57,35.9308,-78.9347,20.248
266.0,1.0,-19.327,39.52388,-78.9347,22.272800000000004
266.0,2.0,-29.7024,52.1072,-118.372,20.8215
266.0,2.0,-32.67264,57.31792,-118.372,22.903650000000003
266.0,3.0,-43.9824,66.8651,-157.8054,21.5698
266.0,3.0,-48.38064,73.55161000000001,-157.8054,23.72678
266.0,4.0,-60.1602,79.8911,-197.2687,22.0619
266.0,4.0,-66.17622000000001,87.88021,-197.2687,24.268090000000004
267.0,0.0,17.8771,8.9709,-108.6388,20.7728
267.0,0.0,19.66481,9.86799,-108.6388,22.850080000000002
267.0,1.0,35.1509,19.0474,-217.3232,21.3416
267.0,1.0,38.66599,20.95214,-217.3232,23.47576
267.0,2.0,51.8186,30.2627,-325.994,22.1969
267.0,2.0,57.00046000000001,33.28897,-325.994,24.416590000000003
267.0,3.0,67.7598,42.5486,-434.6306,22.5959
267.0,3.0,74.53578,46.80346,-434.6306,24.855490000000003
267.0,4.0,82.9277,55.8973,-543.3017,23.3398
267.0,4.0,91.22047,61.487030000000004,-543.3017,25.67378
268.0,0.0,-12.9488,15.2859,-22.8944,11.6101
268.0,0.0,-14.243680000000001,16.814490000000003,-22.8944,12.77111
268.0,1.0,-23.8759,32.1328,-45.7743,12.2991
268.0,1.0,-26.263490000000004,35.34608000000001,-45.7743,13.52901
268.0,2.0,-32.7061,50.3172,-68.6997,12.8519
268.0,2.0,-35.976710000000004,55.34892000000001,-68.6997,14.137090000000002
268.0,3.0,-39.3548,69.6482,-91.5694,13.4755
268.0,3.0,-43.29028,76.61302,-91.5694,14.823050000000002
268.0,4.0,-43.5594,89.9926,-114.4726,14.438
268.0,4.0,-47.91534,98.99186,-114.4726,15.881800000000002
269.0,0.0,-10.014,17.324,-11.0828,22.9395
269.0,0.0,-11.0154,19.056400000000004,-11.0828,25.23345
269.0,1.0,-9.14,38.9043,-22.1596,23.5611
269.0,1.0,-10.054000000000002,42.79473,-22.1596,25.91721
269.0,2.0,3.7672,59.903,-33.3044,24.2127
269.0,2.0,4.1439200000000005,65.89330000000001,-33.3044,26.633970000000005
269.0,3.0,27.9374,74.9543,-44.4331,24.8015
269.0,3.0,30.731140000000003,82.44973000000002,-44.4331,27.281650000000003
269.0,4.0,60.5146,79.5874,-55.4976,25.5094
269.0,4.0,66.56606000000001,87.54614000000001,-55.4976,28.06034
270.0,0.0,-0.3779,19.995,-83.8249,3.2768
270.0,0.0,-0.41569000000000006,21.994500000000002,-83.8249,3.6044800000000006
270.0,1.0,1.5783,39.9482,-167.7178,4.0681
270.0,1.0,1.7361300000000002,43.943020000000004,-167.7178,4.47491
270.0,2.0,5.8435,59.7135,-251.5381,4.7097
270.0,2.0,6.42785,65.68485000000001,-251.5381,5.18067
270.0,3.0,12.4307,79.0135,-335.4016,5.159
270.0,3.0,13.673770000000001,86.91485,-335.4016,5.6749
270.0,4.0,21.2451,97.697,-419.2798,6.2027
270.0,4.0,23.36961,107.46670000000002,-419.2798,6.822970000000001
271.0,0.0,-10.2198,17.1961,-98.8681,13.998
271.0,0.0,-11.24178,18.915710000000004,-98.8681,15.3978
271.0,1.0,-8.4203,39.1015,-197.7206,14.7194
271.0,1.0,-9.26233,43.01165,-197.7206,16.19134
271.0,2.0,6.7296,59.6312,-296.5692,15.402
271.0,2.0,7.40256,65.59432000000001,-296.5692,16.9422
271.0,3.0,33.8236,72.4855,-395.4445,15.775
271.0,3.0,37.205960000000005,79.73405000000001,-395.4445,17.352500000000003
271.0,4.0,68.9378,72.4565,-494.278,16.8962
271.0,4.0,75.83158,79.70215000000002,-494.278,18.585820000000002
272.0,0.0,13.918,14.39,-59.8107,2.2719
272.0,0.0,15.309800000000001,15.829000000000002,-59.8107,2.4990900000000003
272.0,1.0,26.8434,29.6327,-119.52,2.9681
272.0,1.0,29.52774,32.59597,-119.52,3.2649100000000004
272.0,2.0,38.7971,45.7656,-179.3653,3.5874
272.0,2.0,42.67681,50.34216,-179.3653,3.9461400000000006
272.0,3.0,49.7299,62.6994,-239.0931,4.3583
272.0,3.0,54.702890000000004,68.96934,-239.0931,4.79413
272.0,4.0,59.5025,80.3471,-298.9425,4.863
272.0,4.0,65.45275000000001,88.38181,-298.9425,5.349300000000001
273.0,0.0,-13.936,14.365,-77.2608,20.6903
273.0,0.0,-15.329600000000001,15.8015,-77.2608,22.759330000000002
273.0,1.0,-28.7417,27.8645,-154.5106,21.277
273.0,1.0,-31.615870000000005,30.65095,-154.5106,23.404700000000002
273.0,2.0,-44.3119,40.4797,-231.7314,22.0597
273.0,2.0,-48.74309,44.52767000000001,-231.7314,24.26567
273.0,3.0,-60.7007,52.1333,-308.9348,22.7668
273.0,3.0,-66.77077,57.346630000000005,-308.9348,25.043480000000002
273.0,4.0,-77.816,62.813,-386.192,23.4589
273.0,4.0,-85.59760000000001,69.0943,-386.192,25.80479
274.0,0.0,16.0322,-11.934,5.6609,15.3357
274.0,0.0,17.63542,-13.1274,5.6609,16.86927
274.0,1.0,24.0385,-32.0058,11.3209,16.3635
274.0,1.0,26.44235,-35.20638,11.3209,17.99985
274.0,2.0,21.0268,-56.1666,17.0025,16.8291
274.0,2.0,23.129480000000004,-61.783260000000006,17.0025,18.512010000000004
274.0,3.0,5.8125,-79.7667,22.6694,17.5442
274.0,3.0,6.393750000000001,-87.74337000000001,22.6694,19.298620000000003
274.0,4.0,-21.1662,-97.7726,28.3223,18.2448
274.0,4.0,-23.28282,-107.54986000000001,28.3223,20.069280000000003
275.0,0.0,8.2724,18.2555,-101.2948,13.2081
275.0,0.0,9.09964,20.081050000000005,-101.2948,14.528910000000002
275.0,1.0,17.517,35.9141,-202.5875,14.0786
275.0,1.0,19.268700000000003,39.50551,-202.5875,15.486460000000001
275.0,2.0,27.9076,53.1051,-303.8538,14.5566
275.0,2.0,30.69836,58.41561000000001,-303.8538,16.01226
275.0,3.0,39.2775,69.6712,-405.178,15.2208
275.0,3.0,43.20525000000001,76.63832000000001,-405.178,16.742880000000003
275.0,4.0,51.672,85.6461,-506.4248,15.8572
275.0,4.0,56.8392,94.21071,-506.4248,17.44292
276.0,0.0,11.3137,-16.496,40.0105,25.2389
276.0,0.0,12.445070000000001,-18.1456,40.0105,27.762790000000003
276.0,1.0,20.1308,-34.5987,80.0123,25.8211
276.0,1.0,22.143880000000003,-38.05857,80.0123,28.403210000000005
276.0,2.0,26.3639,-53.9044,120.0075,26.6181
276.0,2.0,29.000290000000003,-59.29484000000001,120.0075,29.27991
276.0,3.0,29.7998,-74.252,160.0314,27.3242
276.0,3.0,32.77978,-81.6772,160.0314,30.056620000000002
276.0,4.0,30.4179,-95.26,200.0109,27.9253
276.0,4.0,33.45969,-104.78600000000002,200.0109,30.717830000000003
277.0,0.0,19.5825,4.0587,8.5495,3.4309
277.0,0.0,21.540750000000003,4.46457,8.5495,3.77399
277.0,1.0,39.3855,7.1692,17.1108,4.129
277.0,1.0,43.32405000000001,7.886120000000001,17.1108,4.5419
277.0,2.0,59.2801,9.3119,25.6792,4.9776
277.0,2.0,65.20811,10.24309,25.6792,5.47536
277.0,3.0,79.3352,10.4281,34.232,5.4315
277.0,3.0,87.26872,11.470910000000002,34.232,5.9746500000000005
277.0,4.0,99.4152,10.6597,42.8044,6.1548
277.0,4.0,109.35672000000001,11.725670000000003,42.8044,6.7702800000000005
278.0,0.0,9.9732,-17.3145,73.5749,8.062
278.0,0.0,10.97052,-19.04595,73.5749,8.8682
278.0,1.0,25.6637,-30.6789,147.1243,8.7756
278.0,1.0,28.23007,-33.746790000000004,147.1243,9.653160000000002
278.0,2.0,45.8902,-38.6501,220.6649,9.2024
278.0,2.0,50.479220000000005,-42.51511000000001,220.6649,10.122640000000002
278.0,3.0,69.1973,-40.1779,294.1687,10.0897
278.0,3.0,76.11703,-44.195690000000006,294.1687,11.098670000000002
278.0,4.0,93.8692,-34.5118,367.7802,10.8603
278.0,4.0,103.25612000000001,-37.96298,367.7802,11.946330000000001
279.0,0.0,-19.2841,5.3764,-55.6313,12.874
279.0,0.0,-21.21251,5.914040000000001,-55.6313,14.161400000000002
279.0,1.0,-38.1036,12.0911,-111.3051,13.2049
279.0,1.0,-41.91396,13.300210000000002,-111.3051,14.525390000000002
279.0,2.0,-56.5271,20.0539,-166.9817,14.206
279.0,2.0,-62.17981,22.05929,-166.9817,15.626600000000002
279.0,3.0,-74.3901,29.3905,-222.6224,14.8163
279.0,3.0,-81.82911000000001,32.329550000000005,-222.6224,16.29793
279.0,4.0,-91.6987,39.9428,-278.2876,15.5378
279.0,4.0,-100.86857,43.93708,-278.2876,17.09158
280.0,0.0,-6.475,18.9156,117.7028,1.1753
280.0,0.0,-7.1225000000000005,20.807160000000003,117.7028,1.2928300000000001
280.0,1.0,-13.8757,37.536,235.3726,1.6338
280.0,1.0,-15.263270000000002,41.28960000000001,235.3726,1.79718
280.0,2.0,-22.1948,55.7089,353.0533,2.5195
280.0,2.0,-24.41428,61.279790000000006,353.0533,2.77145
280.0,3.0,-31.5031,73.5507,470.7469,3.0245
280.0,3.0,-34.65341,80.90577000000002,470.7469,3.3269500000000005
280.0,4.0,-41.6421,90.9285,588.4968,3.8701
280.0,4.0,-45.80631,100.02135000000001,588.4968,4.25711
281.0,0.0,19.9037,-2.199,11.2605,11.3304
281.0,0.0,21.894070000000003,-2.4189,11.2605,12.46344
281.0,1.0,39.6365,-5.4516,22.3969,12.1242
281.0,1.0,43.60015,-5.99676,22.3969,13.336620000000002
281.0,2.0,59.1894,-9.845,33.6186,12.8222
281.0,2.0,65.10834,-10.829500000000001,33.6186,14.104420000000001
281.0,3.0,78.4776,-15.2837,44.8498,13.2099
281.0,3.0,86.32536,-16.812070000000002,44.8498,14.530890000000001
281.0,4.0,97.5782,-21.7942,56.128,13.9644
281.0,4.0,107.33602,-23.97362,56.128,15.360840000000001
282.0,0.0,18.6391,7.2512,32.9273,24.9131
282.0,0.0,20.50301,7.97632,32.9273,27.404410000000002
282.0,1.0,37.818,13.0412,65.9106,25.7041
282.0,1.0,41.5998,14.345320000000001,65.9106,28.274510000000003
282.0,2.0,57.4836,17.3563,98.8533,26.3935
282.0,2.0,63.23196000000001,19.09193,98.8533,29.032850000000003
282.0,3.0,77.4355,20.0569,131.7835,26.9704
282.0,3.0,85.17905000000002,22.06259,131.7835,29.667440000000003
282.0,4.0,97.7403,21.2804,164.7799,27.6758
282.0,4.0,107.51433000000002,23.408440000000002,164.7799,30.44338
283.0,0.0,-19.9808,-0.8267,25.1157,22.6334
283.0,0.0,-21.97888,-0.90937,25.1157,24.896740000000005
283.0,1.0,-40.0023,-0.3624,50.2602,23.1422
283.0,1.0,-44.00253,-0.39864000000000005,50.2602,25.45642
283.0,2.0,-59.9855,1.3678,75.341,23.8334
283.0,2.0,-65.98405000000001,1.50458,75.341,26.21674
283.0,3.0,-79.8612,4.3028,100.5164,24.5508
283.0,3.0,-87.84732,4.733080000000001,100.5164,27.00588
283.0,4.0,-99.6367,8.5936,125.6408,25.4628
283.0,4.0,-109.60037000000001,9.452960000000001,125.6408,28.009080000000004
284.0,0.0,-20.0178,-0.2349,-32.4681,13.8535
284.0,0.0,-22.019580000000005,-0.25839,-32.4681,15.238850000000001
284.0,1.0,-39.9833,-2.0674,-64.8822,14.249
284.0,1.0,-43.98163,-2.2741400000000005,-64.8822,15.673900000000001
284.0,2.0,-59.7358,-5.4384,-97.3614,14.9897
284.0,2.0,-65.70938,-5.98224,-97.3614,16.48867
284.0,3.0,-79.386,-10.3884,-129.7923,15.5573
284.0,3.0,-87.3246,-11.427240000000001,-129.7923,17.113030000000002
284.0,4.0,-98.5557,-16.8398,-162.2518,16.3997
284.0,4.0,-108.41127000000002,-18.523780000000002,-162.2518,18.03967
285.0,0.0,6.4942,-18.9622,-24.881,24.1676
285.0,0.0,7.143620000000001,-20.858420000000002,-24.881,26.584360000000004
285.0,1.0,7.7001,-39.2456,-49.7561,24.8587
285.0,1.0,8.47011,-43.17016000000001,-49.7561,27.34457
285.0,2.0,3.3536,-59.9308,-74.5975,25.5975
285.0,2.0,3.6889600000000002,-65.92388,-74.5975,28.15725
285.0,3.0,-6.4237,-79.7356,-99.5015,26.2683
285.0,3.0,-7.066070000000001,-87.70916000000001,-99.5015,28.89513
285.0,4.0,-21.6124,-97.6435,-124.356,26.8024
285.0,4.0,-23.773640000000004,-107.40785000000001,-124.356,29.48264
286.0,0.0,13.9934,14.2739,86.7872,12.0789
286.0,0.0,15.39274,15.70129,86.7872,13.286790000000002
286.0,1.0,28.6973,27.8575,173.6122,12.5454
286.0,1.0,31.567030000000003,30.643250000000005,173.6122,13.799940000000001
286.0,2.0,44.0433,40.7638,260.3853,13.6049
286.0,2.0,48.447630000000004,44.84018000000001,260.3853,14.965390000000001
286.0,3.0,60.0428,52.8374,347.1818,14.0806
286.0,3.0,66.04708000000001,58.121140000000004,347.1818,15.488660000000001
286.0,4.0,76.6583,64.2602,433.9705,14.7497
286.0,4.0,84.32413,70.68622,433.9705,16.224670000000003
287.0,0.0,-17.4241,9.8641,-6.2885,0.8621
287.0,0.0,-19.166510000000002,10.850510000000002,-6.2885,0.9483100000000001
287.0,1.0,-36.1551,17.0427,-12.5345,1.5059
287.0,1.0,-39.77061,18.74697,-12.5345,1.6564900000000002
287.0,2.0,-56.0472,21.4138,-18.8552,2.235
287.0,2.0,-61.651920000000004,23.55518,-18.8552,2.4585
287.0,3.0,-76.6609,22.8743,-25.1217,2.9382
287.0,3.0,-84.32699000000001,25.161730000000002,-25.1217,3.2320200000000003
287.0,4.0,-97.7119,21.3444,-31.4147,3.5456
287.0,4.0,-107.48309,23.47884,-31.4147,3.90016
288.0,0.0,-16.432,-11.3744,-24.8188,22.8096
288.0,0.0,-18.0752,-12.511840000000001,-24.8188,25.09056
288.0,1.0,-32.0947,-23.878,-49.5996,23.42
288.0,1.0,-35.304170000000006,-26.265800000000002,-49.5996,25.762000000000004
288.0,2.0,-46.9238,-37.4315,-74.4776,24.318
288.0,2.0,-51.61618000000001,-41.17465,-74.4776,26.749800000000004
288.0,3.0,-60.8349,-51.9428,-99.2221,24.758
288.0,3.0,-66.91839,-57.137080000000005,-99.2221,27.233800000000002
288.0,4.0,-73.7784,-67.5199,-124.0858,25.4865
288.0,4.0,-81.15624000000001,-74.27189000000001,-124.0858,28.03515
289.0,0.0,-12.5254,-15.5843,-83.4267,23.9051
289.0,0.0,-13.777940000000001,-17.142730000000004,-83.4267,26.295610000000003
289.0,1.0,-33.4667,-21.9256,-166.8772,24.5227
289.0,1.0,-36.813370000000006,-24.11816,-166.8772,26.974970000000003
289.0,2.0,-57.8791,-15.7744,-250.2841,25.0476
289.0,2.0,-63.667010000000005,-17.351840000000003,-250.2841,27.55236
289.0,3.0,-79.9157,3.8147,-333.6795,25.8198
289.0,3.0,-87.90727000000001,4.19617,-333.6795,28.401780000000002
289.0,4.0,-93.5334,35.3649,-417.1161,26.2966
289.0,4.0,-102.88674,38.90139,-417.1161,28.926260000000003
290.0,0.0,-13.4229,14.7693,-57.6465,22.8296
290.0,0.0,-14.765190000000002,16.24623,-57.6465,25.112560000000002
290.0,1.0,-27.651,28.994,-115.2197,23.4835
290.0,1.0,-30.416100000000004,31.893400000000003,-115.2197,25.831850000000003
290.0,2.0,-42.5377,42.3319,-172.8162,24.1564
290.0,2.0,-46.791470000000004,46.56509,-172.8162,26.572040000000005
290.0,3.0,-58.1432,54.9472,-230.4267,24.7786
290.0,3.0,-63.95752,60.44192000000001,-230.4267,27.256460000000004
290.0,4.0,-74.4021,66.8304,-288.0192,25.5426
290.0,4.0,-81.84231000000001,73.51344,-288.0192,28.096860000000003
291.0,0.0,-17.4332,9.8369,-19.8527,15.7384
291.0,0.0,-19.17652,10.820590000000001,-19.8527,17.312240000000003
291.0,1.0,-35.9956,17.4175,-39.654,16.3323
291.0,1.0,-39.59516000000001,19.159250000000004,-39.654,17.96553
291.0,2.0,-55.511,22.7069,-59.4887,17.0392
291.0,2.0,-61.06210000000001,24.977590000000003,-59.4887,18.74312
291.0,3.0,-75.7881,25.5907,-79.321,17.6475
291.0,3.0,-83.36691,28.14977,-79.321,19.412250000000004
291.0,4.0,-96.565,26.071,-99.1848,18.2164
291.0,4.0,-106.2215,28.678100000000004,-99.1848,20.038040000000002
292.0,0.0,5.139,-19.3237,-24.9027,18.6259
292.0,0.0,5.652900000000001,-21.25607,-24.9027,20.488490000000002
292.0,1.0,12.1148,-38.118,-49.7895,19.0956
292.0,1.0,13.326280000000002,-41.92980000000001,-49.7895,21.005160000000004
292.0,2.0,20.7683,-56.3194,-74.673,19.8084
292.0,2.0,22.84513,-61.95134000000001,-74.673,21.78924
292.0,3.0,31.1638,-73.6861,-99.5651,20.4019
292.0,3.0,34.28018,-81.05471,-99.5651,22.442090000000004
292.0,4.0,43.135,-90.1788,-124.4643,21.1035
292.0,4.0,47.4485,-99.19668,-124.4643,23.21385
293.0,0.0,8.0272,-18.376,-26.6903,19.0315
293.0,0.0,8.829920000000001,-20.213600000000003,-26.6903,20.93465
293.0,1.0,17.4042,-36.0687,-53.4078,19.877
293.0,1.0,19.14462,-39.67557,-53.4078,21.8647
293.0,2.0,28.0881,-53.0377,-80.1179,20.5389
293.0,2.0,30.896910000000002,-58.34147000000001,-80.1179,22.592790000000004
293.0,3.0,40.109,-69.2728,-106.825,21.1792
293.0,3.0,44.11990000000001,-76.20008000000001,-106.825,23.297120000000003
293.0,4.0,53.2486,-84.6298,-133.5404,21.8712
293.0,4.0,58.57346000000001,-93.09278,-133.5404,24.058320000000005
294.0,0.0,14.2407,-14.0662,8.7799,6.8082
294.0,0.0,15.664770000000003,-15.472820000000002,8.7799,7.489020000000001
294.0,1.0,31.8158,-24.2632,17.5311,7.5227
294.0,1.0,34.99738,-26.689520000000005,17.5311,8.274970000000001
294.0,2.0,52.0144,-29.9151,26.3183,8.1954
294.0,2.0,57.21584000000001,-32.90661,26.3183,9.01494
294.0,3.0,73.8631,-30.6823,35.034,8.9048
294.0,3.0,81.24941000000001,-33.750530000000005,35.034,9.79528
294.0,4.0,96.5126,-26.1579,43.8432,9.5887
294.0,4.0,106.16386000000001,-28.773690000000006,43.8432,10.54757
295.0,0.0,18.5093,7.592,73.7789,10.0234
295.0,0.0,20.36023,8.3512,73.7789,11.02574
295.0,1.0,36.6304,16.06,147.5861,10.5801
295.0,1.0,40.293440000000004,17.666,147.5861,11.638110000000001
295.0,2.0,54.2717,25.5146,221.3852,11.3608
295.0,2.0,59.69887000000001,28.066060000000004,221.3852,12.49688
295.0,3.0,71.5084,35.8729,295.2451,12.0982
295.0,3.0,78.65924,39.460190000000004,295.2451,13.30802
295.0,4.0,88.2002,47.1347,369.0625,12.7375
295.0,4.0,97.02022000000001,51.84817,369.0625,14.011250000000002
296.0,0.0,10.6287,-16.9425,15.4033,7.5888
296.0,0.0,11.69157,-18.63675,15.4033,8.34768
296.0,1.0,17.6804,-35.8685,30.7974,8.2762
296.0,1.0,19.44844,-39.45535,30.7974,9.10382
296.0,2.0,20.9122,-56.2472,46.2924,8.9929
296.0,2.0,23.003420000000002,-61.87192,46.2924,9.892190000000001
296.0,3.0,20.1275,-77.4169,61.6672,9.5071
296.0,3.0,22.14025,-85.15859,61.6672,10.45781
296.0,4.0,15.2039,-98.8173,77.1209,10.268
296.0,4.0,16.724290000000003,-108.69903000000001,77.1209,11.294800000000002
297.0,0.0,19.9884,-0.8859,-9.785,5.3676
297.0,0.0,21.98724,-0.9744900000000001,-9.785,5.9043600000000005
297.0,1.0,36.4313,-16.4949,-19.5562,6.1726
297.0,1.0,40.07443000000001,-18.14439,-19.5562,6.789860000000001
297.0,2.0,41.4934,-43.3372,-29.2916,7.0168
297.0,2.0,45.64274,-47.67092000000001,-29.2916,7.7184800000000005
297.0,3.0,29.8054,-74.2293,-39.0747,7.5518
297.0,3.0,32.785940000000004,-81.65223,-39.0747,8.306980000000001
297.0,4.0,0.0088,-99.9984,-48.8826,8.1255
297.0,4.0,0.009680000000000001,-109.99824000000001,-48.8826,8.938050000000002
298.0,0.0,8.4881,-18.083,27.3598,14.3012
298.0,0.0,9.33691,-19.8913,27.3598,15.73132
298.0,1.0,19.2208,-35.0783,54.7021,15.0606
298.0,1.0,21.14288,-38.586130000000004,54.7021,16.566660000000002
298.0,2.0,31.9931,-50.7552,82.0567,15.5521
298.0,2.0,35.19241,-55.83072000000001,82.0567,17.107310000000002
298.0,3.0,46.7431,-64.9576,109.415,16.4032
298.0,3.0,51.417410000000004,-71.45336,109.415,18.04352
298.0,4.0,63.2679,-77.447,136.7306,16.8371
298.0,4.0,69.59469,-85.19170000000001,136.7306,18.52081
299.0,0.0,-10.9171,16.7977,-3.1405,20.401
299.0,0.0,-12.00881,18.47747,-3.1405,22.441100000000002
299.0,1.0,-25.2738,30.9961,-6.2863,20.9927
299.0,1.0,-27.801180000000002,34.095710000000004,-6.2863,23.09197
299.0,2.0,-42.7582,42.0641,-9.4705,21.5827
299.0,2.0,-47.034020000000005,46.27051000000001,-9.4705,23.74097
299.0,3.0,-62.8289,49.5153,-12.6553,22.4038
299.0,3.0,-69.11179,54.46683000000001,-12.6553,24.644180000000002
299.0,4.0,-84.8221,52.9079,-15.8083,22.9823
299.0,4.0,-93.30431000000002,58.19869,-15.8083,25.28053
300.0,0.0,-9.0918,-17.8116,-90.4456,17.9046
300.0,0.0,-10.00098,-19.59276,-90.4456,19.69506
300.0,1.0,-26.1289,-30.3199,-180.8279,18.5771
300.0,1.0,-28.741790000000005,-33.351890000000004,-180.8279,20.434810000000002
300.0,2.0,-48.8538,-34.7814,-271.3059,19.1015
300.0,2.0,-53.739180000000005,-38.25954,-271.3059,21.011650000000003
300.0,3.0,-74.3038,-29.5993,-361.734,19.8715
300.0,3.0,-81.73418,-32.55923,-361.734,21.858650000000004
300.0,4.0,-99.0368,-13.9204,-452.1779,20.4435
300.0,4.0,-108.94048000000001,-15.312440000000002,-452.1779,22.48785
301.0,0.0,-15.2961,12.906,90.1294,13.0816
301.0,0.0,-16.82571,14.196600000000002,90.1294,14.38976
301.0,1.0,-26.0732,30.3457,180.2769,13.368
301.0,1.0,-28.68052,33.38027,180.2769,14.704800000000002
301.0,2.0,-31.2332,51.1935,270.419,14.2822
301.0,2.0,-34.35652,56.312850000000005,270.419,15.710420000000001
301.0,3.0,-30.2591,74.0554,360.6114,14.6398
301.0,3.0,-33.28501,81.46094000000001,360.6114,16.10378
301.0,4.0,-22.4954,97.3937,450.7815,15.6369
301.0,4.0,-24.744940000000003,107.13307,450.7815,17.200590000000002
302.0,0.0,19.7256,-3.4264,8.477,22.3477
302.0,0.0,21.69816,-3.7690400000000004,8.477,24.58247
302.0,1.0,39.1573,-8.1858,17.0008,23.0772
302.0,1.0,43.07303,-9.004380000000001,17.0008,25.384920000000005
302.0,2.0,58.2436,-14.288,25.5636,23.7696
302.0,2.0,64.06796,-15.716800000000001,25.5636,26.14656
302.0,3.0,77.0089,-21.7811,34.0287,24.2867
302.0,3.0,84.70979,-23.95921,34.0287,26.715370000000004
302.0,4.0,95.2188,-30.5343,42.6032,25.0102
302.0,4.0,104.74068000000001,-33.58773000000001,42.6032,27.511220000000005
303.0,0.0,19.9309,1.6673,40.0243,4.9794
303.0,0.0,21.923990000000003,1.83403,40.0243,5.477340000000001
303.0,1.0,39.9435,2.302,80.0363,5.6918
303.0,1.0,43.937850000000005,2.5322000000000005,80.0363,6.26098
303.0,2.0,59.9782,1.8248,120.0652,6.4068
303.0,2.0,65.97602,2.00728,120.0652,7.04748
303.0,3.0,80.0185,0.1762,160.0791,7.0581
303.0,3.0,88.02035000000001,0.19382000000000002,160.0791,7.76391
303.0,4.0,99.9754,-2.4917,200.0523,7.899
303.0,4.0,109.97294000000001,-2.74087,200.0523,8.6889
304.0,0.0,10.9346,-16.7095,-43.5056,11.3096
304.0,0.0,12.02806,-18.38045,-43.5056,12.440560000000001
304.0,1.0,20.6344,-34.2625,-87.0108,12.0524
304.0,1.0,22.697840000000003,-37.688750000000006,-87.0108,13.257640000000002
304.0,2.0,29.0358,-52.4842,-130.5379,12.5804
304.0,2.0,31.93938,-57.732620000000004,-130.5379,13.83844
304.0,3.0,36.1757,-71.373,-174.0316,13.2621
304.0,3.0,39.79327,-78.51030000000002,-174.0316,14.588310000000002
304.0,4.0,42.0063,-90.7767,-217.5576,14.1462
304.0,4.0,46.20693000000001,-99.85437000000002,-217.5576,15.560820000000001
305.0,0.0,13.8931,14.406,-15.79,15.1191
305.0,0.0,15.282410000000002,15.846600000000002,-15.79,16.63101
305.0,1.0,28.5517,28.1257,-31.6273,15.7448
305.0,1.0,31.40687,30.93827,-31.6273,17.319280000000003
305.0,2.0,43.8324,40.9209,-47.425,16.5193
305.0,2.0,48.21564,45.01299000000001,-47.425,18.17123
305.0,3.0,59.8786,53.0548,-63.1702,17.0665
305.0,3.0,65.86646,58.36028,-63.1702,18.773150000000005
305.0,4.0,76.5139,64.3919,-78.9995,17.6912
305.0,4.0,84.16529000000001,70.83109000000002,-78.9995,19.46032
306.0,0.0,0.3885,19.9873,-9.1258,21.8702
306.0,0.0,0.42735000000000006,21.986030000000003,-9.1258,24.05722
306.0,1.0,2.2329,39.9526,-18.2191,22.7189
306.0,1.0,2.45619,43.94786,-18.2191,24.990790000000004
306.0,2.0,5.5612,59.7668,-27.2953,23.3268
306.0,2.0,6.117320000000001,65.74348,-27.2953,25.659480000000002
306.0,3.0,10.3863,79.3553,-36.3324,23.9648
306.0,3.0,11.424930000000002,87.29083,-36.3324,26.36128
306.0,4.0,16.5858,98.61,-45.4856,24.596
306.0,4.0,18.24438,108.471,-45.4856,27.055600000000002
307.0,0.0,17.157,-10.2512,-11.8878,2.2255
307.0,0.0,18.872700000000002,-11.276320000000002,-11.8878,2.44805
307.0,1.0,34.8768,-19.5491,-23.6845,2.6764
307.0,1.0,38.36448000000001,-21.50401,-23.6845,2.94404
307.0,2.0,53.1248,-27.8502,-35.5968,3.4708
307.0,2.0,58.43728000000001,-30.635220000000004,-35.5968,3.8178800000000006
307.0,3.0,71.8474,-35.2349,-47.4416,4.0409
307.0,3.0,79.03214,-38.758390000000006,-47.4416,4.44499
307.0,4.0,90.9617,-41.522,-59.2844,4.7131
307.0,4.0,100.05787,-45.6742,-59.2844,5.184410000000001
308.0,0.0,10.3921,-17.079,-38.556,20.4025
308.0,0.0,11.43131,-18.786900000000003,-38.556,22.44275
308.0,1.0,18.4896,-35.4513,-77.1838,20.7399
308.0,1.0,20.33856,-38.996430000000004,-77.1838,22.81389
308.0,2.0,24.0098,-54.9841,-115.7107,21.887
308.0,2.0,26.41078,-60.482510000000005,-115.7107,24.0757
308.0,3.0,26.9463,-75.3496,-154.3157,22.5761
308.0,3.0,29.640930000000004,-82.88456000000001,-154.3157,24.833710000000004
308.0,4.0,27.2668,-96.2165,-192.8954,23.012
308.0,4.0,29.99348,-105.83815,-192.8954,25.313200000000002
309.0,0.0,18.5813,7.4914,-7.5048,25.3315
309.0,0.0,20.43943,8.240540000000001,-7.5048,27.86465
309.0,1.0,35.2469,18.9441,-14.9624,26.1911
309.0,1.0,38.771589999999996,20.83851,-14.9624,28.81021
309.0,2.0,49.4262,33.9821,-22.4768,26.8975
309.0,2.0,54.36882000000001,37.38031000000001,-22.4768,29.587250000000004
309.0,3.0,60.5623,52.207,-29.9381,27.4629
309.0,3.0,66.61853,57.42770000000001,-29.9381,30.209190000000003
309.0,4.0,68.2115,73.0724,-37.4624,28.0302
309.0,4.0,75.03265,80.37964000000001,-37.4624,30.833220000000004
310.0,0.0,-18.1627,8.3297,30.6931,3.7186
310.0,0.0,-19.978970000000004,9.162670000000002,30.6931,4.09046
310.0,1.0,-36.7747,15.6513,61.3632,4.6383
310.0,1.0,-40.45217000000001,17.216430000000003,61.3632,5.102130000000001
310.0,2.0,-55.8184,22.0891,92.0816,5.2635
310.0,2.0,-61.400240000000004,24.29801,92.0816,5.78985
310.0,3.0,-75.1478,27.4637,122.8216,5.8611
310.0,3.0,-82.66258,30.21007,122.8216,6.447210000000001
310.0,4.0,-94.7734,31.8147,153.4724,6.5005
310.0,4.0,-104.25074000000001,34.99617,153.4724,7.15055
311.0,0.0,-16.0743,11.8654,-23.2656,17.25
311.0,0.0,-17.68173,13.05194,-23.2656,18.975
311.0,1.0,-30.5752,25.744,-46.5277,17.686
311.0,1.0,-33.63272,28.3184,-46.5277,19.454600000000003
311.0,2.0,-43.3812,41.4862,-69.8472,18.5323
311.0,2.0,-47.71932,45.63482,-69.8472,20.38553
311.0,3.0,-54.2584,58.8017,-93.0802,19.3293
311.0,3.0,-59.68424000000001,64.68187,-93.0802,21.262230000000002
311.0,4.0,-63.0575,77.6417,-116.325,19.8317
311.0,4.0,-69.36325000000001,85.40587000000001,-116.325,21.814870000000003
312.0,0.0,-2.3678,19.8827,62.3464,8.8148
312.0,0.0,-2.60458,21.87097,62.3464,9.696280000000002
312.0,1.0,-5.8899,39.5455,124.7137,9.4062
312.0,1.0,-6.478890000000001,43.50005,124.7137,10.346820000000001
312.0,2.0,-10.4644,59.1079,187.0228,10.3163
312.0,2.0,-11.51084,65.01869,187.0228,11.347930000000002
312.0,3.0,-16.184,78.3544,249.4122,10.7386
312.0,3.0,-17.802400000000002,86.18984,249.4122,11.812460000000002
312.0,4.0,-22.9473,97.3085,311.7299,11.4825
312.0,4.0,-25.24203,107.03935,311.7299,12.63075
313.0,0.0,-18.4099,7.7971,10.6696,25.1939
313.0,0.0,-20.250890000000002,8.576810000000002,10.6696,27.71329
313.0,1.0,-37.2643,14.5027,21.3168,25.61
313.0,1.0,-40.99073,15.952970000000002,21.3168,28.171000000000003
313.0,2.0,-56.5687,19.9853,32.0189,26.3749
313.0,2.0,-62.225570000000005,21.98383,32.0189,29.012390000000003
313.0,3.0,-76.2256,24.2678,42.7039,26.9249
313.0,3.0,-83.84816000000001,26.694580000000002,42.7039,29.617390000000004
313.0,4.0,-96.1823,27.3797,53.3681,27.6592
313.0,4.0,-105.80053000000001,30.11767,53.3681,30.42512
314.0,0.0,17.0493,10.4202,-95.2803,7.4024
314.0,0.0,18.75423,11.46222,-95.2803,8.14264
314.0,1.0,34.7143,19.8277,-190.5089,8.2064
314.0,1.0,38.18573000000001,21.810470000000002,-190.5089,9.027040000000001
314.0,2.0,52.9401,28.2605,-285.7662,8.8616
314.0,2.0,58.23411000000001,31.086550000000003,-285.7662,9.74776
314.0,3.0,71.622,35.6207,-381.0728,9.6155
314.0,3.0,78.78420000000001,39.182770000000005,-381.0728,10.577050000000002
314.0,4.0,90.7715,41.9385,-476.2725,10.3781
314.0,4.0,99.84865,46.13235,-476.2725,11.41591
315.0,0.0,17.825,-9.0512,10.7876,21.5872
315.0,0.0,19.6075,-9.95632,10.7876,23.74592
315.0,1.0,33.9176,-21.1952,21.6802,22.3572
315.0,1.0,37.309360000000005,-23.31472,21.6802,24.59292
315.0,2.0,47.9336,-36.1243,32.5229,23.0128
315.0,2.0,52.726960000000005,-39.73673,32.5229,25.31408
315.0,3.0,59.4992,-53.5306,43.3429,23.6198
315.0,3.0,65.44912000000001,-58.883660000000006,43.3429,25.981780000000004
315.0,4.0,68.2682,-73.1105,54.2161,24.2993
315.0,4.0,75.09502,-80.42155000000001,54.2161,26.72923
316.0,0.0,-17.5409,-9.597,32.8035,18.5262
316.0,0.0,-19.294990000000002,-10.556700000000001,32.8035,20.37882
316.0,1.0,-34.6258,-20.0016,65.6571,19.495
316.0,1.0,-38.08838,-22.00176,65.6571,21.4445
316.0,2.0,-51.2358,-31.1926,98.4761,19.8891
316.0,2.0,-56.35938,-34.31186,98.4761,21.87801
316.0,3.0,-67.365,-43.1483,131.2831,20.7261
316.0,3.0,-74.1015,-47.46313,131.2831,22.79871
316.0,4.0,-82.9373,-55.9166,164.1332,21.2717
316.0,4.0,-91.23103,-61.50826000000001,164.1332,23.398870000000002
317.0,0.0,-18.6618,7.1938,-9.3235,2.2382
317.0,0.0,-20.52798,7.913180000000001,-9.3235,2.4620200000000003
317.0,1.0,-37.8722,12.8983,-18.5597,2.8416
317.0,1.0,-41.659420000000004,14.188130000000003,-18.5597,3.1257600000000005
317.0,2.0,-57.5217,17.0588,-27.8439,3.6945
317.0,2.0,-63.27387000000001,18.764680000000002,-27.8439,4.06395
317.0,3.0,-77.5621,19.6039,-37.1331,4.2839
317.0,3.0,-85.31831000000001,21.56429,-37.1331,4.71229
317.0,4.0,-97.8474,20.5729,-46.4629,4.7197
317.0,4.0,-107.63214,22.630190000000002,-46.4629,5.19167
318.0,0.0,7.5895,-18.5321,-5.8144,7.0839
318.0,0.0,8.348450000000001,-20.38531,-5.8144,7.79229
318.0,1.0,11.2888,-38.3488,-11.6355,7.7856
318.0,1.0,12.41768,-42.18368,-11.6355,8.564160000000001
318.0,2.0,10.9525,-59.01,-17.462,8.6883
318.0,2.0,12.047750000000002,-64.911,-17.462,9.55713
318.0,3.0,6.488,-79.7195,-23.2925,9.2372
318.0,3.0,7.136800000000001,-87.69145,-23.2925,10.16092
318.0,4.0,-2.1,-99.9849,-29.123,9.7849
318.0,4.0,-2.3100000000000005,-109.98339,-29.123,10.763390000000001
319.0,0.0,-3.2452,-19.7342,95.5479,12.2366
319.0,0.0,-3.5697200000000002,-21.707620000000002,95.5479,13.46026
319.0,1.0,-5.5791,-39.6552,191.0887,12.697
319.0,1.0,-6.137010000000001,-43.620720000000006,191.0887,13.9667
319.0,2.0,-6.9411,-59.5881,286.643,13.557
319.0,2.0,-7.63521,-65.54691,286.643,14.912700000000001
319.0,3.0,-7.5273,-79.6608,382.197,14.2769
319.0,3.0,-8.280030000000002,-87.62688,382.197,15.704590000000001
319.0,4.0,-7.1222,-99.7496,477.7637,14.7628
319.0,4.0,-7.834420000000001,-109.72456000000001,477.7637,16.23908
320.0,0.0,8.4598,18.1271,67.7527,21.9392
320.0,0.0,9.30578,19.93981,67.7527,24.13312
320.0,1.0,17.7978,35.7902,135.5117,22.6624
320.0,1.0,19.57758,39.36922,135.5117,24.928640000000005
320.0,2.0,28.0269,53.0744,203.242,23.4317
320.0,2.0,30.829590000000003,58.381840000000004,203.242,25.77487
320.0,3.0,39.0882,69.7887,270.9967,24.0866
320.0,3.0,42.997020000000006,76.76757,270.9967,26.495260000000002
320.0,4.0,50.9857,86.014,338.7227,24.7687
320.0,4.0,56.084270000000004,94.61540000000001,338.7227,27.24557
321.0,0.0,7.5094,-18.5537,21.9897,3.6341
321.0,0.0,8.260340000000001,-20.40907,21.9897,3.9975100000000006
321.0,1.0,17.4292,-36.0049,43.9657,4.1344
321.0,1.0,19.172120000000003,-39.60539,43.9657,4.547840000000001
321.0,2.0,29.5572,-52.1928,65.9389,4.9794
321.0,2.0,32.51292,-57.41208,65.9389,5.477340000000001
321.0,3.0,43.9185,-66.8568,87.8667,5.6045
321.0,3.0,48.31035000000001,-73.54248000000001,87.8667,6.16495
321.0,4.0,60.2354,-79.8731,109.8213,6.4322
321.0,4.0,66.25894000000001,-87.86041,109.8213,7.07542
322.0,0.0,5.2357,19.3329,0.4847,18.6311
322.0,0.0,5.75927,21.26619,0.4847,20.494210000000002
322.0,1.0,7.7567,39.2562,0.9248,19.4749
322.0,1.0,8.53237,43.18182,0.9248,21.422390000000004
322.0,2.0,7.6493,59.5447,1.3791,20.1344
322.0,2.0,8.414230000000002,65.49917,1.3791,22.147840000000002
322.0,3.0,4.7768,79.8477,1.892,20.5961
322.0,3.0,5.25448,87.83247000000001,1.892,22.655710000000003
322.0,4.0,-0.7422,99.9879,2.3204,21.4801
322.0,4.0,-0.81642,109.98669000000001,2.3204,23.628110000000003
323.0,0.0,4.0876,19.5765,111.9614,14.9082
323.0,0.0,4.49636,21.53415,111.9614,16.399020000000004
323.0,1.0,9.5587,38.8745,223.9565,15.6293
323.0,1.0,10.51457,42.76195,223.9565,17.192230000000002
323.0,2.0,16.2292,57.7589,335.8655,16.3909
323.0,2.0,17.85212,63.53479,335.8655,18.02999
323.0,3.0,24.2815,76.2235,447.8814,17.1897
323.0,3.0,26.709650000000003,83.84585000000001,447.8814,18.90867
323.0,4.0,33.5517,94.1999,559.8623,17.8159
323.0,4.0,36.90687,103.61989000000001,559.8623,19.59749
324.0,0.0,-12.3198,15.7694,14.1522,11.0617
324.0,0.0,-13.551780000000003,17.34634,14.1522,12.16787
324.0,1.0,-22.6263,32.9324,28.3301,11.5583
324.0,1.0,-24.888930000000002,36.225640000000006,28.3301,12.71413
324.0,2.0,-30.7807,51.5174,42.5445,12.4225
324.0,2.0,-33.85877,56.669140000000006,42.5445,13.66475
324.0,3.0,-36.6394,71.0999,56.7184,12.9969
324.0,3.0,-40.303340000000006,78.20989000000002,56.7184,14.296590000000002
324.0,4.0,-40.1558,91.5762,70.8905,13.7351
324.0,4.0,-44.171380000000006,100.73382000000001,70.8905,15.10861
325.0,0.0,9.5155,-17.5867,-40.1902,5.7766
325.0,0.0,10.46705,-19.345370000000003,-40.1902,6.354260000000001
325.0,1.0,18.1795,-35.6002,-80.3801,6.3421
325.0,1.0,19.997450000000004,-39.16022,-80.3801,6.976310000000001
325.0,2.0,25.9575,-54.0664,-120.5338,6.7331
325.0,2.0,28.553250000000002,-59.473040000000005,-120.5338,7.406410000000001
325.0,3.0,32.8542,-72.9258,-160.7442,7.6218
325.0,3.0,36.13962,-80.21838,-160.7442,8.383980000000001
325.0,4.0,38.8492,-92.1166,-200.9355,8.332
325.0,4.0,42.734120000000004,-101.32826000000001,-200.9355,9.165200000000002
326.0,0.0,-3.3426,19.7083,-13.0742,10.7205
326.0,0.0,-3.6768600000000005,21.679130000000004,-13.0742,11.79255
326.0,1.0,-5.5646,39.5806,-26.188,11.2262
326.0,1.0,-6.121060000000001,43.53866,-26.188,12.348820000000002
326.0,2.0,-6.5406,59.6475,-39.3005,12.0822
326.0,2.0,-7.194660000000001,65.61225,-39.3005,13.290420000000001
326.0,3.0,-6.3297,79.7766,-52.3796,12.6462
326.0,3.0,-6.96267,87.75426,-52.3796,13.910820000000001
326.0,4.0,-4.915,99.9046,-65.4501,13.5604
326.0,4.0,-5.4065,109.89506000000002,-65.4501,14.916440000000001
327.0,0.0,17.5988,9.4684,-63.4362,21.1234
327.0,0.0,19.358680000000003,10.415240000000002,-63.4362,23.235740000000003
327.0,1.0,35.9442,17.598,-126.8583,21.8757
327.0,1.0,39.53862000000001,19.3578,-126.8583,24.06327
327.0,2.0,54.8725,24.2245,-190.2408,22.3269
327.0,2.0,60.359750000000005,26.64695,-190.2408,24.55959
327.0,3.0,74.397,29.4818,-253.6885,23.0063
327.0,3.0,81.83670000000001,32.42998,-253.6885,25.30693
327.0,4.0,94.3069,33.2234,-317.1028,24.0292
327.0,4.0,103.73759000000001,36.54574,-317.1028,26.43212
328.0,0.0,8.8937,17.929,34.7481,23.1179
328.0,0.0,9.783070000000002,19.7219,34.7481,25.42969
328.0,1.0,23.6638,32.3018,69.5142,23.9151
328.0,1.0,26.03018,35.531980000000004,69.5142,26.30661
328.0,2.0,43.2754,41.5836,104.2499,24.5771
328.0,2.0,47.602940000000004,45.74196,104.2499,27.034810000000004
328.0,3.0,66.3486,44.7044,139.0288,25.2288
328.0,3.0,72.98346000000001,49.17484,139.0288,27.75168
328.0,4.0,91.314,40.7849,173.7337,25.907
328.0,4.0,100.4454,44.86339,173.7337,28.497700000000002
329.0,0.0,-6.7358,-18.819,52.1811,19.0209
329.0,0.0,-7.4093800000000005,-20.7009,52.1811,20.922990000000002
329.0,1.0,-12.1599,-38.1051,104.3142,19.6089
329.0,1.0,-13.375890000000002,-41.91561,104.3142,21.56979
329.0,2.0,-16.251,-57.7359,156.509,20.2772
329.0,2.0,-17.876100000000005,-63.50949000000001,156.509,22.304920000000003
329.0,3.0,-18.9681,-77.7332,208.7031,21.0132
329.0,3.0,-20.864910000000002,-85.50652000000001,208.7031,23.114520000000002
329.0,4.0,-20.3109,-97.92,260.8884,21.5737
329.0,4.0,-22.341990000000003,-107.71200000000002,260.8884,23.73107
330.0,0.0,-7.7363,-18.4046,-65.2271,5.1864
330.0,0.0,-8.50993,-20.24506,-65.2271,5.70504
330.0,1.0,-13.2898,-37.7377,-130.4818,5.8239
330.0,1.0,-14.618780000000001,-41.51147,-130.4818,6.40629
330.0,2.0,-16.5791,-57.628,-195.6826,6.6631
330.0,2.0,-18.23701,-63.390800000000006,-195.6826,7.32941
330.0,3.0,-17.5379,-78.0779,-260.9538,7.0953
330.0,3.0,-19.291690000000003,-85.88569000000001,-260.9538,7.804830000000001
330.0,4.0,-16.1373,-98.679,-326.1923,7.848
330.0,4.0,-17.75103,-108.54690000000001,-326.1923,8.632800000000001
331.0,0.0,-5.2098,-19.3092,36.26,16.829
331.0,0.0,-5.730780000000001,-21.24012,36.26,18.5119
331.0,1.0,-9.1005,-38.9483,72.496,17.411
331.0,1.0,-10.01055,-42.84313000000001,72.496,19.152100000000004
331.0,2.0,-11.6077,-58.8688,108.7319,18.0969
331.0,2.0,-12.76847,-64.75568000000001,108.7319,19.906590000000005
331.0,3.0,-12.7183,-78.9929,145.0461,18.7391
331.0,3.0,-13.99013,-86.89219000000001,145.0461,20.613010000000003
331.0,4.0,-12.4782,-99.2072,181.2639,19.3761
331.0,4.0,-13.72602,-109.12792,181.2639,21.313710000000004
332.0,0.0,-19.9776,-0.7285,-48.91,10.5843
332.0,0.0,-21.975360000000002,-0.8013500000000001,-48.91,11.642730000000002
332.0,1.0,-39.8904,2.8742,-97.8172,11.3417
332.0,1.0,-43.87944,3.1616200000000005,-97.8172,12.47587
332.0,2.0,-59.0241,10.6875,-146.7568,11.7285
332.0,2.0,-64.92651000000001,11.756250000000001,-146.7568,12.90135
332.0,3.0,-76.7206,22.6507,-195.6599,12.4521
332.0,3.0,-84.39266,24.915770000000002,-195.6599,13.697310000000002
332.0,4.0,-92.2882,38.4682,-244.5669,13.1312
332.0,4.0,-101.51702000000002,42.315020000000004,-244.5669,14.444320000000001
333.0,0.0,-7.4749,18.5708,-61.3988,13.5075
333.0,0.0,-8.22239,20.42788,-61.3988,14.858250000000002
333.0,1.0,-16.1712,36.543,-122.7934,14.107
333.0,1.0,-17.78832,40.197300000000006,-122.7934,15.517700000000001
333.0,2.0,-26.1658,54.0375,-184.1463,14.8606
333.0,2.0,-28.782380000000003,59.441250000000004,-184.1463,16.34666
333.0,3.0,-37.3215,70.7648,-245.4982,15.5644
333.0,3.0,-41.053650000000005,77.84128,-245.4982,17.12084
333.0,4.0,-49.7042,86.767,-306.9116,15.9708
333.0,4.0,-54.674620000000004,95.4437,-306.9116,17.567880000000002
334.0,0.0,18.6984,-7.1069,-22.3882,4.9634
334.0,0.0,20.56824,-7.817590000000001,-22.3882,5.45974
334.0,1.0,37.0536,-15.0534,-44.8639,5.8532
334.0,1.0,40.75896000000001,-16.55874,-44.8639,6.4385200000000005
334.0,2.0,55.0313,-23.8826,-67.2633,6.4749
334.0,2.0,60.53443000000001,-26.270860000000003,-67.2633,7.12239
334.0,3.0,72.6639,-33.5714,-89.6556,6.9201
334.0,3.0,79.93029,-36.92854,-89.6556,7.61211
334.0,4.0,89.7753,-44.0762,-112.0691,7.8319
334.0,4.0,98.75283,-48.48382,-112.0691,8.61509
335.0,0.0,-9.6215,-17.5832,-22.42,6.6331
335.0,0.0,-10.58365,-19.341520000000003,-22.42,7.296410000000001
335.0,1.0,-16.6615,-36.3426,-44.7972,7.0423
335.0,1.0,-18.327650000000002,-39.97686,-44.7972,7.746530000000001
335.0,2.0,-21.0687,-56.1976,-67.2204,7.679
335.0,2.0,-23.17557,-61.81736000000001,-67.2204,8.446900000000001
335.0,3.0,-22.7624,-76.6847,-89.6427,8.5802
335.0,3.0,-25.03864,-84.35317000000002,-89.6427,9.438220000000001
335.0,4.0,-21.5951,-97.6356,-112.0794,8.958
335.0,4.0,-23.75461,-107.39916000000001,-112.0794,9.853800000000001
336.0,0.0,15.5929,12.4956,23.6065,2.8372
336.0,0.0,17.15219,13.74516,23.6065,3.1209200000000004
336.0,1.0,29.0564,27.4888,47.2141,3.5651
336.0,1.0,31.962040000000002,30.237680000000005,47.2141,3.9216100000000007
336.0,2.0,40.0982,44.6579,70.8515,3.9822
336.0,2.0,44.10802,49.12369,70.8515,4.380420000000001
336.0,3.0,48.3697,63.725,94.4267,4.7721
336.0,3.0,53.20667000000001,70.09750000000001,94.4267,5.24931
336.0,4.0,53.7557,84.3213,118.0378,5.3593
336.0,4.0,59.13127,92.75343,118.0378,5.895230000000001
337.0,0.0,5.7464,19.1815,117.6883,6.2889
337.0,0.0,6.321040000000001,21.09965,117.6883,6.91779
337.0,1.0,25.8393,30.5101,235.4506,7.0828
337.0,1.0,28.423230000000004,33.561110000000006,235.4506,7.79108
337.0,2.0,53.83,26.4858,353.0758,7.516
337.0,2.0,59.213,29.134380000000004,353.0758,8.2676
337.0,3.0,79.9019,3.6012,470.7915,8.4172
337.0,3.0,87.89209000000001,3.96132,470.7915,9.25892
337.0,4.0,93.3809,-35.8299,588.4957,9.0847
337.0,4.0,102.71899,-39.412890000000004,588.4957,9.993170000000001
338.0,0.0,7.0351,18.7528,-102.7553,1.3646
338.0,0.0,7.73861,20.62808,-102.7553,1.50106
338.0,1.0,11.4244,38.3337,-205.5336,2.0048
338.0,1.0,12.566840000000001,42.16707,-205.5336,2.20528
338.0,2.0,13.1209,58.5462,-308.3004,2.5761
338.0,2.0,14.432990000000002,64.40082000000001,-308.3004,2.83371
338.0,3.0,12.0972,79.0482,-411.0791,3.3913
338.0,3.0,13.306920000000002,86.95302,-411.0791,3.7304300000000006
338.0,4.0,8.2782,99.6544,-513.8612,3.9329
338.0,4.0,9.106020000000001,109.61984000000001,-513.8612,4.32619
339.0,0.0,19.4619,4.4516,-47.1852,9.4032
339.0,0.0,21.40809,4.8967600000000004,-47.1852,10.343520000000002
339.0,1.0,38.7002,10.2874,-94.4391,9.9377
339.0,1.0,42.570220000000006,11.31614,-94.4391,10.931470000000001
339.0,2.0,57.4269,17.4539,-141.6669,10.6531
339.0,2.0,63.16959000000001,19.19929,-141.6669,11.71841
339.0,3.0,75.665,25.9052,-188.9076,11.3535
339.0,3.0,83.23150000000001,28.495720000000002,-188.9076,12.488850000000001
339.0,4.0,93.432,35.6964,-236.0647,11.9703
339.0,4.0,102.77520000000001,39.26604,-236.0647,13.167330000000002
340.0,0.0,16.8154,-10.8117,-37.7125,19.8821
340.0,0.0,18.496940000000002,-11.89287,-37.7125,21.870310000000003
340.0,1.0,31.853,-24.2235,-75.4232,20.5671
340.0,1.0,35.03830000000001,-26.645850000000003,-75.4232,22.623810000000002
340.0,2.0,44.6896,-40.0522,-113.1584,21.2062
340.0,2.0,49.15856,-44.05742,-113.1584,23.32682
340.0,3.0,55.1184,-57.9954,-150.9188,22.0935
340.0,3.0,60.63024000000001,-63.794940000000004,-150.9188,24.30285
340.0,4.0,62.8294,-77.7752,-188.5986,22.5684
340.0,4.0,69.11234,-85.55272000000001,-188.5986,24.82524
341.0,0.0,19.4417,-4.6195,89.1086,14.0743
341.0,0.0,21.385870000000004,-5.081450000000001,89.1086,15.48173
341.0,1.0,39.8645,3.2578,178.259,14.6033
341.0,1.0,43.850950000000005,3.5835800000000004,178.259,16.063630000000003
341.0,2.0,55.3114,23.2747,267.3535,15.2204
341.0,2.0,60.84254000000001,25.60217,267.3535,16.742440000000002
341.0,3.0,60.4147,52.4342,356.4711,15.9889
341.0,3.0,66.45617000000001,57.677620000000005,356.4711,17.587790000000002
341.0,4.0,51.4159,85.8034,445.5821,16.6375
341.0,4.0,56.55749000000001,94.38374,445.5821,18.30125
342.0,0.0,16.9679,-10.6473,-25.5456,2.3029
342.0,0.0,18.66469,-11.71203,-25.5456,2.5331900000000003
342.0,1.0,34.9006,-19.5026,-51.0507,3.1682
342.0,1.0,38.39066,-21.45286,-51.0507,3.4850200000000005
342.0,2.0,53.8434,-26.4833,-76.5836,3.7044
342.0,2.0,59.227740000000004,-29.13163,-76.5836,4.074840000000001
342.0,3.0,73.5319,-31.5035,-102.1186,4.6007
342.0,3.0,80.88509,-34.65385,-102.1186,5.06077
342.0,4.0,93.8086,-34.5925,-127.6851,5.1068
342.0,4.0,103.18946000000001,-38.051750000000006,-127.6851,5.6174800000000005
343.0,0.0,16.21,11.6713,38.2942,14.6937
343.0,0.0,17.831000000000003,12.83843,38.2942,16.16307
343.0,1.0,31.7008,24.3917,76.5911,15.1055
343.0,1.0,34.87088000000001,26.83087,76.5911,16.61605
343.0,2.0,46.3315,38.0668,114.8732,15.6232
343.0,2.0,50.96465,41.87348,114.8732,17.18552
343.0,3.0,60.1888,52.713,153.1959,16.6629
343.0,3.0,66.20768000000001,57.984300000000005,153.1959,18.32919
343.0,4.0,73.0577,68.3277,191.5127,17.133
343.0,4.0,80.36347,75.16047,191.5127,18.8463
344.0,0.0,-18.3731,-7.9311,102.094,22.5393
344.0,0.0,-20.210410000000003,-8.724210000000001,102.094,24.79323
344.0,1.0,-37.0926,-14.8762,204.1396,23.1565
344.0,1.0,-40.80186,-16.36382,204.1396,25.472150000000003
344.0,2.0,-56.253,-20.8666,306.2185,23.7738
344.0,2.0,-61.8783,-22.95326,306.2185,26.151180000000004
344.0,3.0,-75.6791,-25.808,408.2948,24.4795
344.0,3.0,-83.24701000000002,-28.388800000000003,408.2948,26.927450000000004
344.0,4.0,-95.4634,-29.7777,510.3375,25.1987
344.0,4.0,-105.00974,-32.75547,510.3375,27.71857
345.0,0.0,19.9086,-1.2454,-73.1365,5.2527
345.0,0.0,21.89946,-1.3699400000000002,-73.1365,5.777970000000001
345.0,1.0,39.8034,-4.2924,-146.303,6.0034
345.0,1.0,43.78374000000001,-4.72164,-146.303,6.603740000000001
345.0,2.0,59.294,-9.0854,-219.4131,6.5161
345.0,2.0,65.2234,-9.99394,-219.4131,7.1677100000000005
345.0,3.0,78.4761,-15.5892,-292.5725,7.3129
345.0,3.0,86.32371,-17.148120000000002,-292.5725,8.04419
345.0,4.0,97.1078,-23.8378,-365.7402,8.0699
345.0,4.0,106.81858000000001,-26.221580000000003,-365.7402,8.876890000000001
346.0,0.0,4.7444,19.4177,55.5974,12.3502
346.0,0.0,5.21884,21.35947,55.5974,13.58522
346.0,1.0,7.4931,39.3054,111.2072,13.0451
346.0,1.0,8.242410000000001,43.23594,111.2072,14.34961
346.0,2.0,8.2427,59.4581,166.8269,13.7675
346.0,2.0,9.06697,65.40391000000001,166.8269,15.144250000000001
346.0,3.0,6.976,79.7022,222.4468,14.3601
346.0,3.0,7.6736,87.67242000000002,222.4468,15.79611
346.0,4.0,3.732,99.9259,278.0434,15.0889
346.0,4.0,4.105200000000001,109.91849,278.0434,16.597790000000003
347.0,0.0,-12.4702,-15.6964,-0.8018,21.0933
347.0,0.0,-13.717220000000001,-17.26604,-0.8018,23.202630000000003
347.0,1.0,-23.6767,-32.2581,-1.5571,21.9482
347.0,1.0,-26.04437,-35.48391,-1.5571,24.143020000000003
347.0,2.0,-33.6626,-49.6467,-2.3926,22.5614
347.0,2.0,-37.02886,-54.61137000000001,-2.3926,24.81754
347.0,3.0,-42.4117,-67.8567,-3.2158,23.186
347.0,3.0,-46.65287000000001,-74.64237000000001,-3.2158,25.504600000000003
347.0,4.0,-49.8306,-86.7194,-3.9917,23.8405
347.0,4.0,-54.81366,-95.39134,-3.9917,26.22455
348.0,0.0,-19.885,2.2284,-56.1693,23.4371
348.0,0.0,-21.873500000000003,2.4512400000000003,-56.1693,25.780810000000002
348.0,1.0,-39.5468,6.1906,-112.3575,24.1864
348.0,1.0,-43.50148,6.80966,-112.3575,26.605040000000002
348.0,2.0,-58.8126,11.8089,-168.5303,24.8008
348.0,2.0,-64.69386000000002,12.989790000000001,-168.5303,27.28088
348.0,3.0,-77.6677,19.0467,-224.7296,25.4812
348.0,3.0,-85.43447,20.951370000000004,-224.7296,28.029320000000002
348.0,4.0,-96.0109,27.8653,-280.8739,26.1666
348.0,4.0,-105.61199000000002,30.651830000000004,-280.8739,28.783260000000002
349.0,0.0,-17.5853,9.5609,16.8888,24.6378
349.0,0.0,-19.34383,10.516990000000002,16.8888,27.101580000000002
349.0,1.0,-34.7339,19.8868,33.8294,25.263
349.0,1.0,-38.20729,21.875480000000003,33.8294,27.789300000000004
349.0,2.0,-51.357,31.0286,50.7343,25.9695
349.0,2.0,-56.492700000000006,34.131460000000004,50.7343,28.566450000000003
349.0,3.0,-67.4873,42.9194,67.6605,26.6457
349.0,3.0,-74.23603000000001,47.21134000000001,67.6605,29.310270000000003
349.0,4.0,-83.1363,55.5814,84.5682,27.4049
349.0,4.0,-91.44993000000001,61.139540000000004,84.5682,30.145390000000003
350.0,0.0,17.6302,9.3711,8.274,22.9603
350.0,0.0,19.39322,10.30821,8.274,25.256330000000002
350.0,1.0,34.6301,20.0315,16.5957,23.6822
350.0,1.0,38.09311,22.034650000000003,16.5957,26.050420000000003
350.0,2.0,50.8468,31.8168,24.9067,24.2212
350.0,2.0,55.93148000000001,34.99848,24.9067,26.643320000000003
350.0,3.0,66.2813,44.8089,33.2634,24.9031
350.0,3.0,72.90943000000001,49.28979,33.2634,27.39341
350.0,4.0,80.8363,58.8957,41.5536,25.3314
350.0,4.0,88.91993000000001,64.78527,41.5536,27.86454
351.0,0.0,-19.2395,-5.4319,-39.6922,17.9976
351.0,0.0,-21.16345,-5.97509,-39.6922,19.79736
351.0,1.0,-39.8949,-2.8925,-79.3544,18.6379
351.0,1.0,-43.88439,-3.1817500000000005,-79.3544,20.50169
351.0,2.0,-59.4773,7.9285,-119.0415,19.3387
351.0,2.0,-65.42503,8.721350000000001,-119.0415,21.27257
351.0,3.0,-75.5063,26.4007,-158.7488,19.9908
351.0,3.0,-83.05693000000001,29.040770000000002,-158.7488,21.989880000000003
351.0,4.0,-85.7489,51.441,-198.4177,20.8329
351.0,4.0,-94.32379000000002,56.585100000000004,-198.4177,22.91619
352.0,0.0,3.6442,-19.6173,119.7294,22.0065
352.0,0.0,4.0086200000000005,-21.579030000000003,119.7294,24.207150000000002
352.0,1.0,9.201,-38.9327,239.3884,22.5659
352.0,1.0,10.121100000000002,-42.82597,239.3884,24.822490000000002
352.0,2.0,16.5595,-57.6859,359.037,23.0649
352.0,2.0,18.21545,-63.45449,359.037,25.371390000000005
352.0,3.0,25.831,-75.7529,478.7114,23.9831
352.0,3.0,28.4141,-83.32819,478.7114,26.381410000000002
352.0,4.0,36.7847,-92.9826,598.3943,24.4852
352.0,4.0,40.463170000000005,-102.28086000000002,598.3943,26.93372
353.0,0.0,-19.997,0.6541,-85.6511,4.5184
353.0,0.0,-21.9967,0.7195100000000001,-85.6511,4.97024
353.0,1.0,-40.0031,0.0748,-171.3677,5.1417
353.0,1.0,-44.00341000000001,0.08228,-171.3677,5.655870000000001
353.0,2.0,-59.9581,-1.6906,-257.0555,6.0424
353.0,2.0,-65.95391000000001,-1.8596600000000003,-257.0555,6.6466400000000005
353.0,3.0,-79.8423,-4.6824,-342.774,6.5729
353.0,3.0,-87.82653,-5.150640000000001,-342.774,7.23019
353.0,4.0,-99.567,-8.8623,-428.4603,7.1738
353.0,4.0,-109.5237,-9.74853,-428.4603,7.89118
354.0,0.0,-7.7406,-18.4414,20.9207,19.6793
354.0,0.0,-8.514660000000001,-20.285540000000005,20.9207,21.647230000000004
354.0,1.0,-13.947,-37.5058,41.7826,20.4159
354.0,1.0,-15.3417,-41.25638000000001,41.7826,22.457490000000004
354.0,2.0,-18.5101,-57.1057,62.6724,21.0998
354.0,2.0,-20.361110000000004,-62.81627,62.6724,23.20978
354.0,3.0,-21.3971,-77.0783,83.558,21.7387
354.0,3.0,-23.53681,-84.78613,83.558,23.912570000000002
354.0,4.0,-22.6189,-97.3957,104.4438,22.629
354.0,4.0,-24.88079,-107.13527000000002,104.4438,24.891900000000003
355.0,0.0,-18.574,-7.4596,-18.4401,21.5088
355.0,0.0,-20.431400000000004,-8.20556,-18.4401,23.65968
355.0,1.0,-37.4409,-13.9787,-36.7705,22.1931
355.0,1.0,-41.18499,-15.376570000000001,-36.7705,24.412410000000005
355.0,2.0,-56.6908,-19.6578,-55.2462,22.9343
355.0,2.0,-62.35988000000001,-21.623580000000004,-55.2462,25.22773
355.0,3.0,-76.1684,-24.4152,-73.6251,23.5921
355.0,3.0,-83.78524000000002,-26.85672,-73.6251,25.95131
355.0,4.0,-95.9139,-28.2293,-92.0479,24.1361
355.0,4.0,-105.50529,-31.05223,-92.0479,26.54971
356.0,0.0,-19.9465,-1.4038,-61.5196,17.3558
356.0,0.0,-21.94115,-1.54418,-61.5196,19.09138
356.0,1.0,-40.015,-0.0674,-123.0854,18.1681
356.0,1.0,-44.01650000000001,-0.07414000000000001,-123.0854,19.98491
356.0,2.0,-59.8329,4.0943,-184.6363,18.8625
356.0,2.0,-65.81619,4.50373,-184.6363,20.74875
356.0,3.0,-79.2345,11.0411,-246.2311,19.4309
356.0,3.0,-87.15795,12.14521,-246.2311,21.373990000000003
356.0,4.0,-97.8524,20.6365,-307.7685,20.0553
356.0,4.0,-107.63764000000002,22.700150000000004,-307.7685,22.06083
357.0,0.0,-15.2658,-12.8848,0.8926,3.2842
357.0,0.0,-16.79238,-14.173280000000002,0.8926,3.61262
357.0,1.0,-38.1975,-11.7691,1.881,3.6283
357.0,1.0,-42.017250000000004,-12.946010000000001,1.881,3.99113
357.0,2.0,-59.6895,6.1748,2.8728,4.2733
357.0,2.0,-65.65845,6.792280000000001,2.8728,4.70063
357.0,3.0,-70.0303,38.7151,3.7792,5.0508
357.0,3.0,-77.03333,42.58661,3.7792,5.55588
357.0,4.0,-61.5519,78.8136,4.7382,5.7233
357.0,4.0,-67.70709000000001,86.69496,4.7382,6.295630000000001
358.0,0.0,-8.4609,-18.143,14.4551,22.3641
358.0,0.0,-9.30699,-19.957300000000004,14.4551,24.600510000000003
358.0,1.0,-17.865,-35.8005,28.9267,22.851
358.0,1.0,-19.6515,-39.38055,28.9267,25.136100000000003
358.0,2.0,-28.2275,-52.9136,43.3969,23.633
358.0,2.0,-31.050250000000002,-58.20496000000001,43.3969,25.9963
358.0,3.0,-39.5806,-69.5465,57.8457,24.3342
358.0,3.0,-43.53866,-76.50115,57.8457,26.76762
358.0,4.0,-51.8004,-85.5118,72.3187,24.8277
358.0,4.0,-56.98044000000001,-94.06298,72.3187,27.310470000000002
359.0,0.0,14.1417,-14.1141,-97.3062,12.9421
359.0,0.0,15.555870000000002,-15.525510000000002,-97.3062,14.236310000000001
359.0,1.0,26.7861,-29.7032,-194.6294,13.6013
359.0,1.0,29.464710000000004,-32.67352,-194.6294,14.961430000000002
359.0,2.0,37.7749,-46.5857,-291.956,14.2396
359.0,2.0,41.55239,-51.24427000000001,-291.956,15.66356
359.0,3.0,46.9994,-64.708,-389.2774,14.8809
359.0,3.0,51.69934000000001,-71.17880000000001,-389.2774,16.36899
359.0,4.0,54.4305,-83.8578,-486.6298,15.493
359.0,4.0,59.87355000000001,-92.24358000000001,-486.6298,17.0423
360.0,0.0,-18.2047,-8.284,-18.7536,14.1177
360.0,0.0,-20.02517,-9.112400000000001,-18.7536,15.52947
360.0,1.0,-35.7055,-18.0071,-37.5876,14.8238
360.0,1.0,-39.276050000000005,-19.807810000000003,-37.5876,16.30618
360.0,2.0,-52.4509,-29.0944,-56.3972,15.5455
360.0,2.0,-57.69599,-32.003840000000004,-56.3972,17.100050000000003
360.0,3.0,-68.3698,-41.4818,-75.1141,16.2529
360.0,3.0,-75.20678000000001,-45.62998,-75.1141,17.878190000000004
360.0,4.0,-83.4445,-55.1488,-93.95,16.8578
360.0,4.0,-91.78895000000001,-60.66368000000001,-93.95,18.543580000000002
361.0,0.0,4.8094,-19.4474,27.4095,23.2993
361.0,0.0,5.2903400000000005,-21.39214,27.4095,25.62923
361.0,1.0,8.5455,-39.1052,54.7294,23.7877
361.0,1.0,9.400050000000002,-43.01572000000001,54.7294,26.166470000000004
361.0,2.0,11.1848,-58.9553,82.0702,24.6827
361.0,2.0,12.30328,-64.85083,82.0702,27.150970000000004
361.0,3.0,12.7584,-78.9701,109.4104,25.3297
361.0,3.0,14.03424,-86.86711000000001,109.4104,27.86267
361.0,4.0,13.3117,-99.0994,136.7978,25.9334
361.0,4.0,14.642870000000002,-109.00934000000001,136.7978,28.52674
362.0,0.0,19.7737,-3.0493,-95.0602,23.1731
362.0,0.0,21.751070000000002,-3.3542300000000003,-95.0602,25.490410000000004
362.0,1.0,39.682,-4.9599,-190.1492,23.7104
362.0,1.0,43.650200000000005,-5.455890000000001,-190.1492,26.08144
362.0,2.0,59.7473,-5.7094,-285.2359,24.6072
362.0,2.0,65.72203,-6.28034,-285.2359,27.06792
362.0,3.0,79.7918,-5.2728,-380.3368,25.0849
362.0,3.0,87.77098,-5.80008,-380.3368,27.593390000000003
362.0,4.0,99.9229,-3.6228,-475.3594,25.8562
362.0,4.0,109.91519000000001,-3.98508,-475.3594,28.441820000000003
363.0,0.0,18.2757,8.1457,85.304,14.8715
363.0,0.0,20.103270000000002,8.960270000000001,85.304,16.35865
363.0,1.0,37.0928,15.0451,170.6073,15.4119
363.0,1.0,40.80208,16.54961,170.6073,16.95309
363.0,2.0,56.369,20.6906,255.891,16.1011
363.0,2.0,62.005900000000004,22.75966,255.891,17.71121
363.0,3.0,75.9581,25.1313,341.2102,16.9993
363.0,3.0,83.55391,27.644430000000003,341.2102,18.699230000000004
363.0,4.0,95.9042,28.2923,426.5296,17.3807
363.0,4.0,105.49462000000001,31.121530000000003,426.5296,19.11877
364.0,0.0,11.9035,16.1024,-23.8574,6.118
364.0,0.0,13.09385,17.71264,-23.8574,6.729800000000001
364.0,1.0,22.1229,33.3096,-47.7891,6.5772
364.0,1.0,24.335190000000004,36.64056000000001,-47.7891,7.234920000000001
364.0,2.0,30.5429,51.6268,-71.6797,7.5624
364.0,2.0,33.597190000000005,56.789480000000005,-71.6797,8.31864
364.0,3.0,37.2242,70.8228,-95.5634,8.3049
364.0,3.0,40.94662000000001,77.90508000000001,-95.5634,9.135390000000001
364.0,4.0,41.8764,90.8153,-119.4464,8.8997
364.0,4.0,46.06404,99.89683,-119.4464,9.78967
365.0,0.0,-19.8016,-3.0363,-7.1025,24.7608
365.0,0.0,-21.781760000000002,-3.3399300000000007,-7.1025,27.236880000000003
365.0,1.0,-39.6948,-4.8954,-14.1856,25.3538
365.0,1.0,-43.664280000000005,-5.384940000000001,-14.1856,27.889180000000003
365.0,2.0,-59.758,-5.4696,-21.2978,26.0675
365.0,2.0,-65.7338,-6.01656,-21.2978,28.67425
365.0,3.0,-79.8691,-4.8353,-28.3391,26.4592
365.0,3.0,-87.85601000000001,-5.31883,-28.3391,29.105120000000003
365.0,4.0,-99.9559,-2.8948,-35.4375,27.4883
365.0,4.0,-109.95149,-3.18428,-35.4375,30.23713
366.0,0.0,19.9504,1.6834,28.24,2.5002
366.0,0.0,21.94544,1.8517400000000002,28.24,2.75022
366.0,1.0,39.6736,4.8935,56.5126,2.8445
366.0,1.0,43.64096000000001,5.382850000000001,56.5126,3.12895
366.0,2.0,59.2087,9.7952,84.7622,3.6158
366.0,2.0,65.12957,10.77472,84.7622,3.9773800000000006
366.0,3.0,78.3157,16.2923,112.9949,4.504
366.0,3.0,86.14727000000002,17.921530000000004,112.9949,4.9544
366.0,4.0,97.0102,24.3272,141.2453,4.9177
366.0,4.0,106.71122000000001,26.759920000000005,141.2453,5.409470000000001
367.0,0.0,19.3891,-4.866,37.2256,17.3337
367.0,0.0,21.32801,-5.3526,37.2256,19.06707
367.0,1.0,38.4449,-11.0193,74.3889,18.0282
367.0,1.0,42.28939,-12.12123,74.3889,19.83102
367.0,2.0,57.0862,-18.4243,111.5521,18.6346
367.0,2.0,62.79482,-20.26673,111.5521,20.49806
367.0,3.0,75.3061,-27.0796,148.7404,19.3987
367.0,3.0,82.83671000000001,-29.787560000000003,148.7404,21.338570000000004
367.0,4.0,92.9053,-36.9751,185.9303,20.1262
367.0,4.0,102.19583,-40.67261,185.9303,22.138820000000003
368.0,0.0,-8.6439,18.0114,16.8584,4.6678
368.0,0.0,-9.50829,19.81254,16.8584,5.13458
368.0,1.0,-19.3768,34.976,33.6955,5.4582
368.0,1.0,-21.31448,38.473600000000005,33.6955,6.004020000000001
368.0,2.0,-32.2242,50.6178,50.5205,6.2227
368.0,2.0,-35.44662000000001,55.67958000000001,50.5205,6.84497
368.0,3.0,-46.9477,64.7893,67.3779,6.7903
368.0,3.0,-51.64247,71.26823,67.3779,7.469330000000001
368.0,4.0,-63.3971,77.3346,84.1908,7.5948
368.0,4.0,-69.73681,85.06806,84.1908,8.354280000000001
369.0,0.0,-15.9214,-12.0811,17.3606,6.6547
369.0,0.0,-17.513540000000003,-13.28921,17.3606,7.320170000000001
369.0,1.0,-32.3956,-23.4624,34.7327,7.1073
369.0,1.0,-35.635160000000006,-25.80864,34.7327,7.818030000000001
369.0,2.0,-49.4129,-34.0537,52.0922,7.7878
369.0,2.0,-54.35419,-37.459070000000004,52.0922,8.56658
369.0,3.0,-66.9438,-43.8124,69.4313,8.5356
369.0,3.0,-73.63818,-48.19364,69.4313,9.389160000000002
369.0,4.0,-84.9302,-52.777,86.7981,9.2199
369.0,4.0,-93.42322,-58.054700000000004,86.7981,10.141890000000002
370.0,0.0,9.5103,-17.5765,-62.5559,23.1349
370.0,0.0,10.461330000000002,-19.33415,-62.5559,25.44839
370.0,1.0,19.8831,-34.7421,-125.1513,24.1359
370.0,1.0,21.87141,-38.21631000000001,-125.1513,26.549490000000002
370.0,2.0,30.9892,-51.3913,-187.7073,24.7326
370.0,2.0,34.08812,-56.53043,-187.7073,27.205860000000005
370.0,3.0,42.8823,-67.5438,-250.259,25.2086
370.0,3.0,47.17053000000001,-74.29818000000002,-250.259,27.729460000000003
370.0,4.0,55.5931,-83.1674,-312.879,25.7399
370.0,4.0,61.15241,-91.48414000000001,-312.879,28.31389
371.0,0.0,16.8493,10.7493,-38.0449,3.4377
371.0,0.0,18.53423,11.82423,-38.0449,3.78147
371.0,1.0,29.3668,27.1885,-76.0247,3.8493
371.0,1.0,32.30348000000001,29.907350000000005,-76.0247,4.23423
371.0,2.0,35.9551,48.0357,-114.1153,4.5993
371.0,2.0,39.550610000000006,52.839270000000006,-114.1153,5.059230000000001
371.0,3.0,35.6533,71.6344,-152.1432,5.22
371.0,3.0,39.218630000000005,78.79784000000001,-152.1432,5.742
371.0,4.0,27.7634,96.0177,-190.2037,5.8768
371.0,4.0,30.539740000000002,105.61947000000002,-190.2037,6.464480000000001
372.0,0.0,-16.1002,11.8955,34.8715,21.0062
372.0,0.0,-17.710220000000003,13.08505,34.8715,23.106820000000003
372.0,1.0,-32.9537,22.7041,69.7596,21.7538
372.0,1.0,-36.24907,24.974510000000002,69.7596,23.92918
372.0,2.0,-50.4642,32.4796,104.6433,22.3338
372.0,2.0,-55.51062,35.727560000000004,104.6433,24.56718
372.0,3.0,-68.6447,41.0824,139.4848,23.1174
372.0,3.0,-75.50917000000001,45.19064,139.4848,25.42914
372.0,4.0,-87.4306,48.5398,174.3664,23.6873
372.0,4.0,-96.17366000000001,53.39378000000001,174.3664,26.056030000000003
373.0,0.0,-3.8816,19.6389,-0.729,6.2083
373.0,0.0,-4.269760000000001,21.602790000000002,-0.729,6.829130000000001
373.0,1.0,-6.8856,39.4411,-1.4065,7.049
373.0,1.0,-7.574160000000001,43.38521,-1.4065,7.753900000000001
373.0,2.0,-8.878,59.3428,-2.1572,7.3673
373.0,2.0,-9.7658,65.27708,-2.1572,8.104030000000002
373.0,3.0,-9.9332,79.3772,-2.8994,8.2404
373.0,3.0,-10.92652,87.31492000000001,-2.8994,9.06444
373.0,4.0,-10.1075,99.5031,-3.6575,8.9194
373.0,4.0,-11.118250000000002,109.45341000000002,-3.6575,9.81134
374.0,0.0,-5.7664,19.1602,-33.9665,14.8036
374.0,0.0,-6.34304,21.076220000000003,-33.9665,16.28396
374.0,1.0,-4.768,39.7003,-67.888,15.5725
374.0,1.0,-5.244800000000001,43.67033,-67.888,17.12975
374.0,2.0,3.3473,59.8867,-101.8973,16.2125
374.0,2.0,3.6820300000000006,65.87537,-101.8973,17.83375
374.0,3.0,18.3074,77.8965,-135.8424,16.9046
374.0,3.0,20.138140000000003,85.68615000000001,-135.8424,18.59506
374.0,4.0,39.4586,91.8737,-169.767,17.6735
374.0,4.0,43.40446,101.06107,-169.767,19.44085
375.0,0.0,-19.4556,-4.6501,-1.7661,24.7817
375.0,0.0,-21.40116,-5.1151100000000005,-1.7661,27.259870000000003
375.0,1.0,-39.9831,-0.3424,-3.5716,25.6507
375.0,1.0,-43.981410000000004,-0.37664000000000003,-3.5716,28.215770000000003
375.0,2.0,-58.626,12.907,-5.3512,26.26
375.0,2.0,-64.4886,14.197700000000001,-5.3512,28.886000000000003
375.0,3.0,-72.2828,34.268,-7.1082,26.8594
375.0,3.0,-79.51108,37.6948,-7.1082,29.545340000000003
375.0,4.0,-78.4053,62.082,-8.8795,27.6093
375.0,4.0,-86.24583,68.29020000000001,-8.8795,30.370230000000003
376.0,0.0,19.1042,-5.8689,110.0958,19.2158
376.0,0.0,21.01462,-6.45579,110.0958,21.137380000000004
376.0,1.0,37.2687,-14.5326,220.2263,19.7208
376.0,1.0,40.99557000000001,-15.985860000000002,220.2263,21.692880000000002
376.0,2.0,54.1383,-25.8296,330.3674,20.4823
376.0,2.0,59.552130000000005,-28.412560000000003,330.3674,22.53053
376.0,3.0,69.4116,-39.6869,440.4999,21.0066
376.0,3.0,76.35276000000002,-43.655590000000004,440.4999,23.10726
376.0,4.0,82.9151,-55.8857,550.567,21.7682
376.0,4.0,91.20661,-61.474270000000004,550.567,23.945020000000003
377.0,0.0,-18.4066,-7.8498,-107.3915,3.5967
377.0,0.0,-20.247260000000004,-8.634780000000001,-107.3915,3.95637
377.0,1.0,-37.2382,-14.6511,-214.78,4.1386
377.0,1.0,-40.96202,-16.116210000000002,-214.78,4.552460000000001
377.0,2.0,-56.4481,-20.2349,-322.1753,4.8579
377.0,2.0,-62.09291,-22.258390000000002,-322.1753,5.3436900000000005
377.0,3.0,-76.0944,-24.7263,-429.6093,5.4998
377.0,3.0,-83.70384,-27.19893,-429.6093,6.04978
377.0,4.0,-96.0049,-28.0227,-536.95,6.1855
377.0,4.0,-105.60539000000001,-30.824970000000004,-536.95,6.804050000000001
378.0,0.0,19.3182,-5.2088,52.284,1.5582
378.0,0.0,21.250020000000003,-5.729680000000001,52.284,1.71402
378.0,1.0,37.776,-13.106,104.5377,1.8592
378.0,1.0,41.55360000000001,-14.4166,104.5377,2.0451200000000003
378.0,2.0,55.175,-23.598,156.7634,2.7465
378.0,2.0,60.6925,-25.957800000000002,156.7634,3.0211500000000004
378.0,3.0,71.1617,-36.5534,209.0481,3.3125
378.0,3.0,78.27787000000001,-40.208740000000006,209.0481,3.6437500000000003
378.0,4.0,85.5163,-51.838,261.3179,4.0547
378.0,4.0,94.06793,-57.021800000000006,261.3179,4.460170000000001
379.0,0.0,5.556,19.154,75.1371,4.3772
379.0,0.0,6.1116,21.0694,75.1371,4.814920000000001
379.0,1.0,13.7575,37.5618,150.2839,4.9278
379.0,1.0,15.133250000000002,41.31798,150.2839,5.420580000000001
379.0,2.0,24.5316,54.766,225.4301,5.7626
379.0,2.0,26.984760000000005,60.2426,225.4301,6.33886
379.0,3.0,37.5609,70.5855,300.5887,6.4109
379.0,3.0,41.31699,77.64405000000001,300.5887,7.05199
379.0,4.0,53.0161,84.7967,375.7293,7.2209
379.0,4.0,58.317710000000005,93.27637000000001,375.7293,7.942990000000001
380.0,0.0,3.5906,-19.6522,27.8314,9.3972
380.0,0.0,3.94966,-21.617420000000003,27.8314,10.336920000000001
380.0,1.0,5.665,-39.6027,55.6235,10.0316
380.0,1.0,6.2315000000000005,-43.56297,55.6235,11.03476
380.0,2.0,6.2547,-59.6525,83.4628,10.8109
380.0,2.0,6.880170000000001,-65.61775000000002,83.4628,11.891990000000002
380.0,3.0,5.3306,-79.8225,111.2891,11.3214
380.0,3.0,5.86366,-87.80475000000001,111.2891,12.453540000000002
380.0,4.0,2.8778,-100.0048,139.1712,12.1425
380.0,4.0,3.1655800000000003,-110.00528000000001,139.1712,13.356750000000002
381.0,0.0,-19.3506,-4.9964,98.0198,4.0458
381.0,0.0,-21.28566,-5.496040000000001,98.0198,4.45038
381.0,1.0,-38.9829,-8.9951,196.0222,4.8305
381.0,1.0,-42.881190000000004,-9.894610000000002,196.0222,5.31355
381.0,2.0,-58.8101,-11.9735,294.0785,5.1569
381.0,2.0,-64.69111000000001,-13.17085,294.0785,5.6725900000000005
381.0,3.0,-78.8191,-13.8924,392.0905,6.0432
381.0,3.0,-86.70101000000001,-15.281640000000001,392.0905,6.64752
381.0,4.0,-98.9181,-14.7714,490.1289,6.5854
381.0,4.0,-108.80991,-16.248540000000002,490.1289,7.24394
382.0,0.0,4.891,-19.4213,1.1182,15.4052
382.0,0.0,5.3801000000000005,-21.36343,1.1182,16.94572
382.0,1.0,10.8395,-38.5005,2.2491,16.1539
382.0,1.0,11.92345,-42.350550000000005,2.2491,17.76929
382.0,2.0,17.8081,-57.2983,3.3797,16.744
382.0,2.0,19.588910000000002,-63.028130000000004,3.3797,18.418400000000002
382.0,3.0,25.8512,-75.6866,4.4891,17.3351
382.0,3.0,28.436320000000002,-83.25526,4.4891,19.068610000000003
382.0,4.0,34.8805,-93.7052,5.5953,18.0839
382.0,4.0,38.36855,-103.07572000000002,5.5953,19.892290000000003
383.0,0.0,19.6157,-4.0034,21.6807,2.7211
383.0,0.0,21.577270000000002,-4.403740000000001,21.6807,2.99321
383.0,1.0,38.9737,-8.95,43.3169,3.4123
383.0,1.0,42.87107,-9.845,43.3169,3.7535300000000005
383.0,2.0,58.1165,-14.8415,64.9628,4.0494
383.0,2.0,63.92815000000001,-16.32565,64.9628,4.454340000000001
383.0,3.0,76.9807,-21.763,86.6222,4.5527
383.0,3.0,84.67877,-23.939300000000003,86.6222,5.00797
383.0,4.0,95.5009,-29.5518,108.29,5.1984
383.0,4.0,105.05099000000001,-32.506980000000006,108.29,5.718240000000001
384.0,0.0,19.1662,-5.683,37.7064,1.0511
384.0,0.0,21.08282,-6.2513000000000005,37.7064,1.15621
384.0,1.0,38.7041,-10.1118,75.3968,1.8308
384.0,1.0,42.57451,-11.122980000000002,75.3968,2.0138800000000003
384.0,2.0,58.4938,-13.3422,113.0892,2.3555
384.0,2.0,64.34318,-14.676420000000002,113.0892,2.5910500000000005
384.0,3.0,78.4955,-15.314,150.8249,3.0868
384.0,3.0,86.34505000000001,-16.8454,150.8249,3.3954800000000005
384.0,4.0,98.7167,-16.0163,188.5026,3.7802
384.0,4.0,108.58837000000001,-17.61793,188.5026,4.15822
385.0,0.0,-7.3819,-18.6073,-48.8229,15.3237
385.0,0.0,-8.120090000000001,-20.46803,-48.8229,16.856070000000003
385.0,1.0,-16.1252,-36.6233,-97.5999,15.8425
385.0,1.0,-17.73772,-40.285630000000005,-97.5999,17.426750000000002
385.0,2.0,-26.1184,-54.0197,-146.4474,16.4582
385.0,2.0,-28.730240000000002,-59.421670000000006,-146.4474,18.104020000000002
385.0,3.0,-37.4123,-70.7107,-195.2594,17.1862
385.0,3.0,-41.15353,-77.78177000000001,-195.2594,18.90482
385.0,4.0,-49.9146,-86.6511,-244.0624,17.7412
385.0,4.0,-54.906060000000004,-95.31621000000001,-244.0624,19.51532
386.0,0.0,-17.9904,8.7409,-14.0505,21.6124
386.0,0.0,-19.789440000000003,9.61499,-14.0505,23.773640000000004
386.0,1.0,-36.5199,16.1824,-28.0945,22.3953
386.0,1.0,-40.171890000000005,17.80064,-28.0945,24.63483
386.0,2.0,-55.8055,22.1315,-42.1725,23.1046
386.0,2.0,-61.386050000000004,24.34465,-42.1725,25.415060000000004
386.0,3.0,-75.4404,26.6564,-56.1572,23.7575
386.0,3.0,-82.98444,29.322040000000005,-56.1572,26.133250000000004
386.0,4.0,-95.4664,29.7342,-70.2004,24.1793
386.0,4.0,-105.01304,32.707620000000006,-70.2004,26.597230000000003
387.0,0.0,19.3388,5.1213,10.4322,20.1404
387.0,0.0,21.27268,5.633430000000001,10.4322,22.15444
387.0,1.0,38.3706,11.2474,20.8567,21.0187
387.0,1.0,42.207660000000004,12.372140000000002,20.8567,23.12057
387.0,2.0,57.1334,18.3823,31.322,21.386
387.0,2.0,62.846740000000004,20.220530000000004,31.322,23.5246
387.0,3.0,75.4389,26.53,41.761,21.9685
387.0,3.0,82.98279000000001,29.183000000000003,41.761,24.16535
387.0,4.0,93.3938,35.7213,52.1937,22.622
387.0,4.0,102.73318,39.29343,52.1937,24.884200000000003
388.0,0.0,18.5201,7.5295,17.4823,1.8064
388.0,0.0,20.37211,8.28245,17.4823,1.9870400000000001
388.0,1.0,36.609,16.106,34.9346,2.4173
388.0,1.0,40.26990000000001,17.716600000000003,34.9346,2.65903
388.0,2.0,54.1582,25.7783,52.4322,3.1139
388.0,2.0,59.574020000000004,28.356130000000004,52.4322,3.4252900000000004
388.0,3.0,71.1539,36.5712,69.8771,3.9656
388.0,3.0,78.26929,40.228320000000004,69.8771,4.36216
388.0,4.0,87.5041,48.3061,87.4082,4.4443
388.0,4.0,96.25451,53.13671000000001,87.4082,4.888730000000001
389.0,0.0,18.1078,8.4603,-12.9602,3.1085
389.0,0.0,19.918580000000002,9.30633,-12.9602,3.41935
389.0,1.0,33.6601,21.6046,-25.9023,3.7572
389.0,1.0,37.02611,23.765060000000002,-25.9023,4.13292
389.0,2.0,45.8344,38.7405,-38.8492,4.3946
389.0,2.0,50.417840000000005,42.61455,-38.8492,4.83406
389.0,3.0,53.7502,59.2791,-51.7549,5.1216
389.0,3.0,59.125220000000006,65.20701000000001,-51.7549,5.6337600000000005
389.0,4.0,56.798,82.2956,-64.7265,5.5886
389.0,4.0,62.47780000000001,90.52516,-64.7265,6.14746
390.0,0.0,-18.8195,-6.773,-34.8563,9.1931
390.0,0.0,-20.701450000000005,-7.4503,-34.8563,10.11241
390.0,1.0,-37.2857,-14.448,-69.699,10.1675
390.0,1.0,-41.01427,-15.892800000000001,-69.699,11.184250000000002
390.0,2.0,-55.3899,-23.0533,-104.5358,10.72
390.0,2.0,-60.92889,-25.35863,-104.5358,11.792000000000002
390.0,3.0,-73.1324,-32.4666,-139.3948,11.3759
390.0,3.0,-80.44564000000001,-35.713260000000005,-139.3948,12.513490000000001
390.0,4.0,-90.3576,-42.7606,-174.2284,12.0596
390.0,4.0,-99.39336000000002,-47.03666,-174.2284,13.26556
391.0,0.0,-3.8815,-19.6243,107.1753,11.9408
391.0,0.0,-4.26965,-21.586730000000003,107.1753,13.13488
391.0,1.0,-11.7441,-38.2366,214.3689,12.7022
391.0,1.0,-12.918510000000001,-42.06026000000001,214.3689,13.972420000000001
391.0,2.0,-23.3437,-55.2675,321.4913,13.1489
391.0,2.0,-25.67807,-60.794250000000005,321.4913,14.463790000000001
391.0,3.0,-38.5327,-70.1044,428.7013,13.9218
391.0,3.0,-42.38597,-77.11484,428.7013,15.31398
391.0,4.0,-56.8657,-82.2128,535.8831,14.5656
391.0,4.0,-62.55227,-90.43408000000001,535.8831,16.02216
392.0,0.0,-14.2654,-14.0472,-60.7341,14.4888
392.0,0.0,-15.69194,-15.451920000000001,-60.7341,15.93768
392.0,1.0,-27.3626,-29.2124,-121.4924,15.2079
392.0,1.0,-30.098860000000002,-32.13364,-121.4924,16.72869
392.0,2.0,-39.2046,-45.429,-182.1754,15.8435
392.0,2.0,-43.125060000000005,-49.971900000000005,-182.1754,17.427850000000003
392.0,3.0,-49.7584,-62.6326,-242.9756,16.5
392.0,3.0,-54.73424000000001,-68.89586,-242.9756,18.150000000000002
392.0,4.0,-58.9298,-80.8065,-303.6511,17.1723
392.0,4.0,-64.82278000000001,-88.88715,-303.6511,18.88953
393.0,0.0,2.8966,-19.7651,-13.9791,1.3997
393.0,0.0,3.18626,-21.74161,-13.9791,1.53967
393.0,1.0,6.8232,-39.418,-27.975,1.8848
393.0,1.0,7.505520000000001,-43.3598,-27.975,2.07328
393.0,2.0,11.7499,-58.8356,-41.9471,2.5265
393.0,2.0,12.924890000000001,-64.71916,-41.9471,2.77915
393.0,3.0,17.7012,-77.9993,-55.9623,3.2705
393.0,3.0,19.471320000000002,-85.79923000000001,-55.9623,3.5975500000000005
393.0,4.0,24.7039,-96.9244,-69.9345,3.9398
393.0,4.0,27.174290000000003,-106.61684000000001,-69.9345,4.33378
394.0,0.0,-15.3612,-12.8266,-86.3001,3.2882
394.0,0.0,-16.89732,-14.10926,-86.3001,3.61702
394.0,1.0,-23.3872,-32.4265,-172.6125,3.8023
394.0,1.0,-25.725920000000002,-35.66915,-172.6125,4.18253
394.0,2.0,-21.8169,-55.8968,-258.8856,4.5163
394.0,2.0,-23.998590000000004,-61.48648,-258.8856,4.967930000000001
394.0,3.0,-9.6086,-79.3855,-345.2312,5.1658
394.0,3.0,-10.56946,-87.32405,-345.2312,5.68238
394.0,4.0,13.0159,-99.1522,-431.5034,5.8973
394.0,4.0,14.317490000000001,-109.06742,-431.5034,6.487030000000001
395.0,0.0,9.8996,-17.388,-62.4281,6.5792
395.0,0.0,10.88956,-19.126800000000003,-62.4281,7.237120000000001
395.0,1.0,17.5281,-35.9312,-124.824,7.0412
395.0,1.0,19.28091,-39.52432,-124.824,7.74532
395.0,2.0,22.8185,-55.5046,-187.1997,7.7198
395.0,2.0,25.100350000000002,-61.05506000000001,-187.1997,8.49178
395.0,3.0,25.685,-75.7939,-249.5786,8.6287
395.0,3.0,28.253500000000003,-83.37329,-249.5786,9.491570000000001
395.0,4.0,25.9825,-96.5811,-312.0534,9.1727
395.0,4.0,28.580750000000005,-106.23921000000001,-312.0534,10.089970000000001
396.0,0.0,2.8284,19.8053,-36.5443,6.8194
396.0,0.0,3.11124,21.78583,-36.5443,7.501340000000001
396.0,1.0,1.2934,39.9445,-73.0839,7.4148
396.0,1.0,1.4227400000000003,43.93895,-73.0839,8.15628
396.0,2.0,-4.6027,59.807,-109.5914,8.2315
396.0,2.0,-5.06297,65.7877,-109.5914,9.05465
396.0,3.0,-14.7494,78.6149,-146.1018,9.0194
396.0,3.0,-16.22434,86.47639000000001,-146.1018,9.92134
396.0,4.0,-29.0601,95.6875,-182.6262,9.63
396.0,4.0,-31.96611,105.25625000000001,-182.6262,10.593000000000002
397.0,0.0,-16.1911,-11.7173,-28.3537,14.9508
397.0,0.0,-17.81021,-12.88903,-28.3537,16.44588
397.0,1.0,-32.9481,-22.6915,-56.6863,15.7811
397.0,1.0,-36.24291,-24.960650000000005,-56.6863,17.35921
397.0,2.0,-50.2498,-32.7703,-85.046,16.2301
397.0,2.0,-55.27478000000001,-36.04733,-85.046,17.85311
397.0,3.0,-68.0576,-42.0473,-113.3876,17.0771
397.0,3.0,-74.86336,-46.252030000000005,-113.3876,18.784810000000004
397.0,4.0,-86.3385,-50.438,-141.7133,17.5342
397.0,4.0,-94.97235,-55.48180000000001,-141.7133,19.28762
398.0,0.0,1.9887,19.8894,-46.6432,23.9617
398.0,0.0,2.18757,21.87834,-46.6432,26.357870000000002
398.0,1.0,5.073,39.6428,-93.2427,24.5502
398.0,1.0,5.580300000000001,43.60708,-93.2427,27.00522
398.0,2.0,9.2394,59.2533,-139.8031,25.1021
398.0,2.0,10.16334,65.17863000000001,-139.8031,27.61231
398.0,3.0,14.4734,78.6825,-186.4183,25.8429
398.0,3.0,15.92074,86.55075000000001,-186.4183,28.427190000000003
398.0,4.0,20.7971,97.8234,-233.0167,26.5465
398.0,4.0,22.876810000000003,107.60574000000001,-233.0167,29.201150000000005
399.0,0.0,-18.8411,-6.6362,-42.8415,9.6308
399.0,0.0,-20.725210000000004,-7.29982,-42.8415,10.593880000000002
399.0,1.0,-39.8725,-3.4614,-85.6825,10.2922
399.0,1.0,-43.859750000000005,-3.80754,-85.6825,11.32142
399.0,2.0,-59.2039,9.7997,-128.5379,10.8868
399.0,2.0,-65.12429,10.779670000000001,-128.5379,11.97548
399.0,3.0,-73.2457,32.2391,-171.3455,11.6471
399.0,3.0,-80.57027000000001,35.463010000000004,-171.3455,12.811810000000001
399.0,4.0,-78.6506,61.7489,-214.174,12.2985
399.0,4.0,-86.51566,67.92379000000001,-214.174,13.528350000000001
400.0,0.0,-12.9346,15.2908,1.8466,4.9182
400.0,0.0,-14.228060000000001,16.81988,1.8466,5.41002
400.0,1.0,-27.7771,28.8007,3.7455,5.4355
400.0,1.0,-30.554810000000003,31.680770000000003,3.7455,5.979050000000001
400.0,2.0,-44.3031,40.4516,5.5913,6.184
400.0,2.0,-48.733410000000006,44.49676,5.5913,6.8024000000000004
400.0,3.0,-62.3352,50.0664,7.4467,6.9081
400.0,3.0,-68.56872,55.073040000000006,7.4467,7.598910000000001
400.0,4.0,-81.8002,57.5714,9.3255,7.4433
400.0,4.0,-89.98022000000002,63.328540000000004,9.3255,8.18763
401.0,0.0,-18.2356,8.1841,42.4349,3.0311
401.0,0.0,-20.059160000000002,9.002510000000001,42.4349,3.33421
401.0,1.0,-35.7254,17.9789,84.8834,3.6189
401.0,1.0,-39.297940000000004,19.776790000000002,84.8834,3.9807900000000003
401.0,2.0,-52.3354,29.359,127.3004,4.3264
401.0,2.0,-57.568940000000005,32.294900000000005,127.3004,4.75904
401.0,3.0,-67.9889,42.1712,169.7425,4.904
401.0,3.0,-74.78779,46.38832,169.7425,5.3944
401.0,4.0,-82.5895,56.3801,212.1684,5.48
401.0,4.0,-90.84845000000001,62.01811000000001,212.1684,6.028000000000001
402.0,0.0,18.0131,8.6409,4.1029,3.3811
402.0,0.0,19.814410000000002,9.504990000000001,4.1029,3.7192100000000003
402.0,1.0,36.4987,16.3168,8.2279,3.9035
402.0,1.0,40.14857,17.948480000000004,8.2279,4.293850000000001
402.0,2.0,55.4084,22.9909,12.3427,4.7516
402.0,2.0,60.94924,25.289990000000003,12.3427,5.2267600000000005
402.0,3.0,74.6683,28.6405,16.4379,5.2317
402.0,3.0,82.13513,31.504550000000002,16.4379,5.75487
402.0,4.0,94.29,33.3164,20.5598,6.0061
402.0,4.0,103.71900000000001,36.64804,20.5598,6.6067100000000005
403.0,0.0,18.6611,7.2521,-49.1079,20.3959
403.0,0.0,20.527210000000004,7.977310000000001,-49.1079,22.43549
403.0,1.0,37.8723,12.9637,-98.1351,21.121
403.0,1.0,41.659530000000004,14.26007,-98.1351,23.2331
403.0,2.0,57.5324,16.9825,-147.2772,21.9078
403.0,2.0,63.28564000000001,18.680750000000003,-147.2772,24.098580000000005
403.0,3.0,77.5983,19.4139,-196.3103,22.401
403.0,3.0,85.35813,21.355290000000004,-196.3103,24.6411
403.0,4.0,97.9353,20.1652,-245.3778,23.1466
403.0,4.0,107.72883,22.181720000000002,-245.3778,25.461260000000003
404.0,0.0,0.4272,20.0106,53.7558,13.5359
404.0,0.0,0.46992000000000006,22.011660000000003,53.7558,14.88949
404.0,1.0,-0.0328,40.005,107.536,14.1312
404.0,1.0,-0.03608000000000001,44.005500000000005,107.536,15.54432
404.0,2.0,-1.4741,59.9739,161.2881,14.7684
404.0,2.0,-1.62151,65.97129000000001,161.2881,16.245240000000003
404.0,3.0,-3.7782,79.9219,215.0536,15.4178
404.0,3.0,-4.156020000000001,87.91409,215.0536,16.959580000000003
404.0,4.0,-7.0417,99.7606,268.8343,16.2258
404.0,4.0,-7.74587,109.73666,268.8343,17.848380000000002
405.0,0.0,-19.6033,-3.9949,-32.7092,23.9223
405.0,0.0,-21.563630000000003,-4.3943900000000005,-32.7092,26.31453
405.0,1.0,-38.8485,-9.5196,-65.4399,24.4754
405.0,1.0,-42.73335,-10.471560000000002,-65.4399,26.922940000000004
405.0,2.0,-57.6896,-16.4184,-98.1797,25.0018
405.0,2.0,-63.458560000000006,-18.06024,-98.1797,27.501980000000003
405.0,3.0,-76.0705,-24.7544,-130.9364,25.8256
405.0,3.0,-83.67755,-27.229840000000003,-130.9364,28.408160000000002
405.0,4.0,-93.8435,-34.4754,-163.6356,26.5258
405.0,4.0,-103.22785000000002,-37.922940000000004,-163.6356,29.178380000000004
406.0,0.0,6.7029,18.8302,48.2078,5.267
406.0,0.0,7.37319,20.713220000000003,48.2078,5.793700000000001
406.0,1.0,14.8352,37.1731,96.3896,5.9564
406.0,1.0,16.318720000000003,40.89041,96.3896,6.552040000000001
406.0,2.0,24.2834,54.8201,144.6045,6.6507
406.0,2.0,26.711740000000002,60.30211,144.6045,7.3157700000000006
406.0,3.0,35.0814,71.8732,192.7759,7.3972
406.0,3.0,38.58954000000001,79.06052,192.7759,8.13692
406.0,4.0,47.1459,88.1842,240.9855,7.9862
406.0,4.0,51.86049,97.00262000000001,240.9855,8.784820000000002
407.0,0.0,-9.5795,-17.5712,14.5917,20.1233
407.0,0.0,-10.53745,-19.32832,14.5917,22.135630000000003
407.0,1.0,-17.6314,-35.9103,29.1613,20.4464
407.0,1.0,-19.39454,-39.50133,29.1613,22.49104
407.0,2.0,-24.107,-54.9484,43.746,21.0377
407.0,2.0,-26.5177,-60.44324,43.746,23.14147
407.0,3.0,-28.9933,-74.5447,58.3146,21.8795
407.0,3.0,-31.892630000000004,-81.99917,58.3146,24.06745
407.0,4.0,-32.2443,-94.6218,72.9101,22.4493
407.0,4.0,-35.46873000000001,-104.08398,72.9101,24.694230000000005
408.0,0.0,0.2724,20.0265,57.7739,3.1474
408.0,0.0,0.29964,22.02915,57.7739,3.4621400000000007
408.0,1.0,3.9718,39.8166,115.5701,3.9062
408.0,1.0,4.3689800000000005,43.798260000000006,115.5701,4.29682
408.0,2.0,11.0059,58.9952,173.3388,4.4036
408.0,2.0,12.10649,64.89472,173.3388,4.84396
408.0,3.0,21.2996,77.0753,231.1028,5.2034
408.0,3.0,23.429560000000002,84.78283,231.1028,5.723740000000001
408.0,4.0,34.7605,93.7622,288.8745,5.8677
408.0,4.0,38.23655,103.13842000000001,288.8745,6.454470000000001
409.0,0.0,16.4961,-11.2639,8.9113,11.2324
409.0,0.0,18.14571,-12.39029,8.9113,12.355640000000001
409.0,1.0,32.3877,-23.5147,17.8698,11.8872
409.0,1.0,35.626470000000005,-25.866170000000004,17.8698,13.075920000000002
409.0,2.0,47.4563,-36.7118,26.7777,12.5431
409.0,2.0,52.201930000000004,-40.382979999999996,26.7777,13.797410000000003
409.0,3.0,61.8356,-50.7348,35.7498,13.2364
409.0,3.0,68.01916,-55.80828,35.7498,14.56004
409.0,4.0,75.4076,-65.6521,44.6207,13.8091
409.0,4.0,82.94836000000001,-72.21731000000001,44.6207,15.190010000000003
410.0,0.0,9.6365,-17.5236,17.5067,10.5907
410.0,0.0,10.600150000000001,-19.27596,17.5067,11.64977
410.0,1.0,20.6633,-34.2608,35.0126,11.4926
410.0,1.0,22.72963,-37.68688000000001,35.0126,12.641860000000001
410.0,2.0,33.0223,-50.0983,52.5256,12.0741
410.0,2.0,36.32453,-55.10813000000001,52.5256,13.28151
410.0,3.0,46.6118,-65.0021,70.0741,12.8863
410.0,3.0,51.272980000000004,-71.50231000000001,70.0741,14.174930000000002
410.0,4.0,61.4629,-78.8628,87.5213,13.3108
410.0,4.0,67.60919,-86.74907999999999,87.5213,14.641880000000002
411.0,0.0,15.5328,12.5871,25.6658,7.6559
411.0,0.0,17.086080000000003,13.84581,25.6658,8.42149
411.0,1.0,36.6862,15.969,51.2743,8.4595
411.0,1.0,40.354820000000004,17.5659,51.2743,9.30545
411.0,2.0,59.3977,8.2823,76.9679,9.2419
411.0,2.0,65.33747000000001,9.11053,76.9679,10.16609
411.0,3.0,79.2923,-10.6466,102.6512,9.7696
411.0,3.0,87.22153,-11.711260000000001,102.6512,10.74656
411.0,4.0,91.8602,-39.4462,128.2876,10.406
411.0,4.0,101.04622000000002,-43.39082,128.2876,11.446600000000002
412.0,0.0,-19.902,1.7949,-41.2965,2.6187
412.0,0.0,-21.892200000000003,1.97439,-41.2965,2.88057
412.0,1.0,-37.9315,12.7834,-82.5857,3.2608
412.0,1.0,-41.724650000000004,14.061740000000002,-82.5857,3.5868800000000003
412.0,2.0,-50.819,31.8967,-123.8404,3.9786
412.0,2.0,-55.90090000000001,35.08637,-123.8404,4.376460000000001
412.0,3.0,-56.0321,57.1249,-165.0965,4.5369
412.0,3.0,-61.635310000000004,62.83739,-165.0965,4.990590000000001
412.0,4.0,-51.4952,85.7176,-206.4014,5.1825
412.0,4.0,-56.64472,94.28936000000002,-206.4014,5.70075
413.0,0.0,0.4133,-19.9596,25.9141,4.6578
413.0,0.0,0.45463000000000003,-21.95556,25.9141,5.1235800000000005
413.0,1.0,-2.5758,-39.9281,51.8338,5.5603
413.0,1.0,-2.8333800000000005,-43.920910000000006,51.8338,6.1163300000000005
413.0,2.0,-9.0328,-59.3166,77.767,5.8984
413.0,2.0,-9.93608,-65.24826,77.767,6.48824
413.0,3.0,-18.7915,-77.7589,103.7017,6.6982
413.0,3.0,-20.670650000000002,-85.53479,103.7017,7.3680200000000005
413.0,4.0,-31.7662,-94.8281,129.6408,7.46
413.0,4.0,-34.942820000000005,-104.31091000000002,129.6408,8.206000000000001
414.0,0.0,9.481,17.5854,-34.9515,7.7999
414.0,0.0,10.4291,19.34394,-34.9515,8.57989
414.0,1.0,17.6214,35.9203,-69.9629,8.3224
414.0,1.0,19.383540000000004,39.51233,-69.9629,9.15464
414.0,2.0,24.3387,54.8407,-104.8945,9.0653
414.0,2.0,26.77257,60.32477,-104.8945,9.97183
414.0,3.0,29.6411,74.3152,-139.9328,9.6134
414.0,3.0,32.60521000000001,81.74672000000001,-139.9328,10.574740000000002
414.0,4.0,33.4528,94.206,-174.8812,10.3524
414.0,4.0,36.798080000000006,103.62660000000001,-174.8812,11.387640000000001
415.0,0.0,10.1667,-17.2493,0.5002,9.2615
415.0,0.0,11.183370000000002,-18.974230000000002,0.5002,10.187650000000001
415.0,1.0,22.4912,-33.0732,1.1192,9.9678
415.0,1.0,24.74032,-36.380520000000004,1.1192,10.964580000000002
415.0,2.0,37.0799,-47.1589,1.6699,10.679
415.0,2.0,40.787890000000004,-51.874790000000004,1.6699,11.746900000000002
415.0,3.0,53.6452,-59.346,2.2169,11.3309
415.0,3.0,59.00972000000001,-65.2806,2.2169,12.46399
415.0,4.0,71.9724,-69.4317,2.7812,12.0552
415.0,4.0,79.16964,-76.37487000000002,2.7812,13.260720000000001
416.0,0.0,-7.9399,18.3169,-0.1015,3.7013
416.0,0.0,-8.73389,20.148590000000002,-0.1015,4.07143
416.0,1.0,-16.9582,36.2262,-0.2477,4.5574
416.0,1.0,-18.654020000000003,39.84882,-0.2477,5.013140000000001
416.0,2.0,-26.9524,53.641,-0.3747,5.2139
416.0,2.0,-29.647640000000003,59.005100000000006,-0.3747,5.73529
416.0,3.0,-37.9269,70.4294,-0.512,5.6314
416.0,3.0,-41.719590000000004,77.47234,-0.512,6.194540000000001
416.0,4.0,-49.9103,86.693,-0.6433,6.5465
416.0,4.0,-54.90133,95.3623,-0.6433,7.20115
417.0,0.0,-5.9172,19.1421,2.0719,22.2139
417.0,0.0,-6.508920000000001,21.05631,2.0719,24.435290000000002
417.0,1.0,-12.9462,37.8107,4.1124,23.2082
417.0,1.0,-14.240820000000001,41.59177,4.1124,25.529020000000003
417.0,2.0,-21.1401,56.1389,6.183,23.6386
417.0,2.0,-23.25411,61.752790000000005,6.183,26.002460000000003
417.0,3.0,-30.5009,73.9662,8.2971,24.4794
417.0,3.0,-33.550990000000006,81.36282000000001,8.2971,26.92734
417.0,4.0,-41.0074,91.2123,10.3172,25.2103
417.0,4.0,-45.10814,100.33353000000001,10.3172,27.731330000000003
418.0,0.0,1.7191,19.9092,-27.5028,0.9928
418.0,0.0,1.8910100000000003,21.90012,-27.5028,1.0920800000000002
418.0,1.0,-13.3013,37.768,-55.0719,1.8621
418.0,1.0,-14.63143,41.5448,-55.0719,2.0483100000000003
418.0,2.0,-41.5785,43.2768,-82.6175,2.4451
418.0,2.0,-45.73635,47.60448,-82.6175,2.68961
418.0,3.0,-74.2847,29.6631,-110.1685,3.229
418.0,3.0,-81.71317,32.62941,-110.1685,3.5519000000000003
418.0,4.0,-99.8637,-4.5665,-137.6929,4.0447
418.0,4.0,-109.85007,-5.02315,-137.6929,4.4491700000000005
419.0,0.0,16.9829,-10.564,-92.3594,4.4116
419.0,0.0,18.68119,-11.620400000000002,-92.3594,4.85276
419.0,1.0,32.8716,-22.7642,-184.6915,5.0612
419.0,1.0,36.15876,-25.04062,-184.6915,5.5673200000000005
419.0,2.0,47.5421,-36.5786,-277.0794,5.8613
419.0,2.0,52.29631,-40.23646000000001,-277.0794,6.447430000000001
419.0,3.0,60.9128,-51.8129,-369.4213,6.5207
419.0,3.0,67.00408,-56.99419,-369.4213,7.17277
419.0,4.0,72.9136,-68.4429,-461.7839,7.0851
419.0,4.0,80.20496000000001,-75.28719,-461.7839,7.79361
420.0,0.0,-3.9262,-19.6124,118.715,1.0525
420.0,0.0,-4.3188200000000005,-21.57364,118.715,1.15775
420.0,1.0,-20.9564,-34.0696,237.4867,1.8344
420.0,1.0,-23.05204,-37.476560000000006,237.4867,2.01784
420.0,2.0,-47.212,-37.0293,356.2028,2.4681
420.0,2.0,-51.93320000000001,-40.73223,356.2028,2.7149100000000006
420.0,3.0,-76.1975,-24.4297,474.9492,3.0883
420.0,3.0,-83.81725000000002,-26.872670000000003,474.9492,3.39713
420.0,4.0,-99.9313,4.4301,593.6636,3.652
420.0,4.0,-109.92443,4.8731100000000005,593.6636,4.017200000000001
421.0,0.0,19.9675,1.6062,20.9648,13.5688
421.0,0.0,21.964250000000003,1.7668200000000003,20.9648,14.92568
421.0,1.0,39.962,1.4675,41.8869,14.4192
421.0,1.0,43.958200000000005,1.6142500000000002,41.8869,15.861120000000001
421.0,2.0,59.9404,-0.2716,62.8602,14.8824
421.0,2.0,65.93444,-0.29876,62.8602,16.37064
421.0,3.0,79.9038,-3.6587,83.7922,15.6884
421.0,3.0,87.89418,-4.024570000000001,83.7922,17.25724
421.0,4.0,99.6116,-8.7105,104.7482,16.3619
421.0,4.0,109.57276,-9.58155,104.7482,17.99809
422.0,0.0,-17.2584,10.0734,11.9582,19.6524
422.0,0.0,-18.984240000000003,11.08074,11.9582,21.61764
422.0,1.0,-33.9278,21.1058,23.8826,20.1897
422.0,1.0,-37.32058,23.21638,23.8826,22.20867
422.0,2.0,-50.049,33.117,35.8379,20.8795
422.0,2.0,-55.053900000000006,36.4287,35.8379,22.967450000000003
422.0,3.0,-65.5068,45.9591,47.7645,21.7103
422.0,3.0,-72.05748,50.55501,47.7645,23.881330000000002
422.0,4.0,-80.1716,59.7547,59.6916,22.2563
422.0,4.0,-88.18876,65.73017,59.6916,24.481930000000002
423.0,0.0,13.8933,-14.404,-53.1784,13.3234
423.0,0.0,15.282630000000001,-15.844400000000002,-53.1784,14.65574
423.0,1.0,22.65,-32.9487,-106.3941,14.1223
423.0,1.0,24.915,-36.243570000000005,-106.3941,15.53453
423.0,2.0,25.4429,-54.3172,-159.5779,14.7384
423.0,2.0,27.987190000000005,-59.748920000000005,-159.5779,16.21224
423.0,3.0,21.6315,-76.9894,-212.7544,15.3891
423.0,3.0,23.79465,-84.68834000000001,-212.7544,16.92801
423.0,4.0,10.9143,-99.3899,-265.9259,16.1444
423.0,4.0,12.005730000000002,-109.32889,-265.9259,17.758840000000003
424.0,0.0,-19.8312,-2.4903,36.06,8.7766
424.0,0.0,-21.814320000000002,-2.7393300000000003,36.06,9.65426
424.0,1.0,-39.9025,-2.6104,72.1176,9.5277
424.0,1.0,-43.89275000000001,-2.87144,72.1176,10.48047
424.0,2.0,-60.0089,-0.3297,108.1378,10.2529
424.0,2.0,-66.00979,-0.36267000000000005,108.1378,11.278190000000002
424.0,3.0,-79.8643,4.3707,144.2484,10.7422
424.0,3.0,-87.85073000000001,4.8077700000000005,144.2484,11.81642
424.0,4.0,-99.3449,11.3803,180.2603,11.7244
424.0,4.0,-109.27939,12.51833,180.2603,12.896840000000001
425.0,0.0,-13.5636,-14.679,3.5483,20.8894
425.0,0.0,-14.91996,-16.146900000000002,3.5483,22.97834
425.0,1.0,-27.9662,-28.5826,7.2132,21.6211
425.0,1.0,-30.76282,-31.44086,7.2132,23.78321
425.0,2.0,-43.2511,-41.6094,10.7869,22.4233
425.0,2.0,-47.57621,-45.770340000000004,10.7869,24.665630000000004
425.0,3.0,-59.3111,-53.6568,14.416,22.8943
425.0,3.0,-65.24221000000001,-59.02248,14.416,25.183730000000004
425.0,4.0,-76.1136,-64.841,17.9876,23.7252
425.0,4.0,-83.72496000000001,-71.3251,17.9876,26.097720000000002
426.0,0.0,14.05,-14.2344,9.0483,1.6451
426.0,0.0,15.455000000000002,-15.657840000000002,9.0483,1.8096100000000002
426.0,1.0,27.2941,-29.2519,18.0937,2.3508
426.0,1.0,30.02351,-32.17709,18.0937,2.5858800000000004
426.0,2.0,39.6154,-45.0929,27.1601,2.9941
426.0,2.0,43.57694000000001,-49.60219000000001,27.1601,3.2935100000000004
426.0,3.0,51.0642,-61.6574,36.2059,3.6594
426.0,3.0,56.17062000000001,-67.82314000000001,36.2059,4.025340000000001
426.0,4.0,61.4269,-78.8663,45.2706,4.2799
426.0,4.0,67.56959,-86.75293,45.2706,4.70789
427.0,0.0,2.0174,-19.8846,72.4835,16.1752
427.0,0.0,2.21914,-21.87306,72.4835,17.792720000000003
427.0,1.0,2.0325,-39.9713,145.0103,16.6303
427.0,1.0,2.2357500000000003,-43.968430000000005,145.0103,18.29333
427.0,2.0,-0.0511,-59.9884,217.485,17.2944
427.0,2.0,-0.05621,-65.98724,217.485,19.02384
427.0,3.0,-4.0609,-79.8757,289.9862,18.0666
427.0,3.0,-4.466990000000001,-87.86327,289.9862,19.873260000000002
427.0,4.0,-10.233,-99.4763,362.4802,18.8609
427.0,4.0,-11.256300000000001,-109.42393,362.4802,20.746990000000004
428.0,0.0,-5.0655,-19.3399,-10.6333,17.2003
428.0,0.0,-5.572050000000001,-21.27389,-10.6333,18.92033
428.0,1.0,-1.2335,-39.9633,-21.2428,17.8445
428.0,1.0,-1.3568500000000001,-43.95963,-21.2428,19.628950000000003
428.0,2.0,11.4502,-58.8818,-31.8624,18.5346
428.0,2.0,12.595220000000001,-64.76998,-31.8624,20.388060000000003
428.0,3.0,32.3353,-73.158,-42.5028,19.2261
428.0,3.0,35.56883,-80.47380000000001,-42.5028,21.14871
428.0,4.0,59.7042,-80.2056,-53.1539,19.8545
428.0,4.0,65.67462,-88.22616000000001,-53.1539,21.83995
429.0,0.0,-12.7749,-15.3728,-52.7554,17.0038
429.0,0.0,-14.052390000000003,-16.91008,-52.7554,18.70418
429.0,1.0,-27.0717,-29.47,-105.4455,17.9346
429.0,1.0,-29.77887,-32.417,-105.4455,19.728060000000003
429.0,2.0,-42.7387,-42.1329,-158.2209,18.4785
429.0,2.0,-47.012570000000004,-46.34619,-158.2209,20.32635
429.0,3.0,-59.674,-53.2923,-210.9395,19.1657
429.0,3.0,-65.6414,-58.62153,-210.9395,21.08227
429.0,4.0,-77.8543,-62.7484,-263.6597,19.8313
429.0,4.0,-85.63973,-69.02324,-263.6597,21.81443
430.0,0.0,-12.2864,-15.7986,-80.4815,1.0033
430.0,0.0,-13.51504,-17.37846,-80.4815,1.10363
430.0,1.0,-25.5321,-30.79,-160.9377,1.8123
430.0,1.0,-28.085310000000003,-33.869,-160.9377,1.9935300000000002
430.0,2.0,-39.5886,-45.0305,-241.3778,2.4575
430.0,2.0,-43.54746,-49.533550000000005,-241.3778,2.70325
430.0,3.0,-54.5137,-58.5316,-321.8125,3.0708
430.0,3.0,-59.965070000000004,-64.38476,-321.8125,3.3778800000000007
430.0,4.0,-70.179,-71.2294,-402.3442,3.4964
430.0,4.0,-77.19690000000001,-78.35234,-402.3442,3.8460400000000003
431.0,0.0,-17.0333,10.5195,28.1939,2.1034
431.0,0.0,-18.73663,11.571450000000002,28.1939,2.3137400000000006
431.0,1.0,-33.5642,21.8408,56.4411,2.801
431.0,1.0,-36.92062,24.024880000000003,56.4411,3.0811000000000006
431.0,2.0,-49.5653,33.8478,84.6742,3.4244
431.0,2.0,-54.52183000000001,37.232580000000006,84.6742,3.76684
431.0,3.0,-64.9881,46.6297,112.9317,4.1177
431.0,3.0,-71.48691000000001,51.29267,112.9317,4.529470000000001
431.0,4.0,-79.8856,60.1815,141.1446,4.6606
431.0,4.0,-87.87416,66.19965,141.1446,5.12666
432.0,0.0,-5.8779,19.1274,13.9647,6.8892
432.0,0.0,-6.465690000000001,21.040140000000005,13.9647,7.57812
432.0,1.0,-10.8274,38.531,27.9601,7.3537
432.0,1.0,-11.910140000000002,42.384100000000004,27.9601,8.089070000000001
432.0,2.0,-14.7764,58.1607,41.877,8.1658
432.0,2.0,-16.254040000000003,63.97677,41.877,8.982380000000001
432.0,3.0,-17.8045,77.9929,55.836,8.7208
432.0,3.0,-19.584950000000003,85.79219000000002,55.836,9.592880000000001
432.0,4.0,-19.8818,98.0394,69.8251,9.4882
432.0,4.0,-21.869979999999998,107.84334000000001,69.8251,10.437020000000002
433.0,0.0,19.6791,-3.4502,-0.3568,14.8165
433.0,0.0,21.647009999999998,-3.7952200000000005,-0.3568,16.29815
433.0,1.0,39.7351,-4.8155,-0.7384,15.3305
433.0,1.0,43.70861000000001,-5.2970500000000005,-0.7384,16.863550000000004
433.0,2.0,59.838,-3.9785,-1.0791,16.1038
433.0,2.0,65.82180000000001,-4.37635,-1.0791,17.714180000000002
433.0,3.0,79.9817,-0.9884,-1.4548,16.4161
433.0,3.0,87.97987,-1.08724,-1.4548,18.05771
433.0,4.0,99.8984,4.119,-1.7881,17.3708
433.0,4.0,109.88824000000001,4.5309,-1.7881,19.10788
434.0,0.0,12.443,15.6598,21.01,13.3758
434.0,0.0,13.6873,17.22578,21.01,14.71338
434.0,1.0,26.4603,30.0272,41.9917,13.9195
434.0,1.0,29.106330000000003,33.029920000000004,41.9917,15.31145
434.0,2.0,41.9824,42.8761,63.0393,14.6756
434.0,2.0,46.180640000000004,47.16371,63.0393,16.14316
434.0,3.0,58.8854,54.162,84.0549,15.2218
434.0,3.0,64.77394,59.5782,84.0549,16.74398
434.0,4.0,77.0604,63.7446,105.0198,15.8884
434.0,4.0,84.76644,70.11906,105.0198,17.477240000000002
435.0,0.0,-19.9725,-1.3086,-49.4714,23.9056
435.0,0.0,-21.96975,-1.4394600000000002,-49.4714,26.29616
435.0,1.0,-39.8042,-3.537,-98.9747,24.5332
435.0,1.0,-43.784620000000004,-3.8907000000000003,-98.9747,26.986520000000002
435.0,2.0,-59.6164,-6.7244,-148.5205,25.2059
435.0,2.0,-65.57804,-7.396840000000001,-148.5205,27.726490000000002
435.0,3.0,-79.2653,-10.8348,-197.9931,25.6632
435.0,3.0,-87.19183,-11.918280000000001,-197.9931,28.22952
435.0,4.0,-98.7878,-15.8089,-247.5095,26.4083
435.0,4.0,-108.66658000000001,-17.38979,-247.5095,29.04913
436.0,0.0,19.7832,-2.5996,-35.0184,16.2781
436.0,0.0,21.76152,-2.8595600000000005,-35.0184,17.90591
436.0,1.0,39.8779,-3.2119,-70.009,16.8165
436.0,1.0,43.86569,-3.53309,-70.009,18.498150000000003
436.0,2.0,59.9657,-1.8724,-105.0555,17.6942
436.0,2.0,65.96227,-2.0596400000000004,-105.0555,19.46362
436.0,3.0,80.018,1.4031,-140.0551,18.4324
436.0,3.0,88.0198,1.5434100000000002,-140.0551,20.275640000000003
436.0,4.0,99.7856,6.646,-175.0862,18.8611
436.0,4.0,109.76416000000002,7.310600000000001,-175.0862,20.747210000000003
437.0,0.0,-9.0418,17.82,37.9547,19.66
437.0,0.0,-9.94598,19.602,37.9547,21.626
437.0,1.0,-17.1013,36.1599,75.907,20.3009
437.0,1.0,-18.81143,39.775890000000004,75.907,22.33099
437.0,2.0,-24.241,54.8743,113.8528,20.9719
437.0,2.0,-26.665100000000002,60.36173,113.8528,23.069090000000003
437.0,3.0,-30.3571,73.9724,151.7665,21.6697
437.0,3.0,-33.392810000000004,81.36964,151.7665,23.83667
437.0,4.0,-35.4693,93.5219,189.7333,22.3547
437.0,4.0,-39.01623,102.87409000000001,189.7333,24.590170000000004
438.0,0.0,9.9783,-17.3396,-53.0948,4.9581
438.0,0.0,10.976130000000001,-19.073560000000004,-53.0948,5.4539100000000005
438.0,1.0,19.0755,-35.1487,-106.127,5.7415
438.0,1.0,20.983050000000002,-38.66357,-106.127,6.315650000000001
438.0,2.0,27.2686,-53.4306,-159.1494,6.2676
438.0,2.0,29.99546,-58.77366,-159.1494,6.894360000000001
438.0,3.0,34.534,-72.1871,-212.2348,7.0375
438.0,3.0,37.9874,-79.40581,-212.2348,7.74125
438.0,4.0,40.7626,-91.2943,-265.2638,7.6318
438.0,4.0,44.838860000000004,-100.42373000000002,-265.2638,8.39498
439.0,0.0,6.4035,-18.9415,64.5218,17.9212
439.0,0.0,7.043850000000001,-20.835650000000005,64.5218,19.71332
439.0,1.0,13.7469,-37.5585,128.9817,18.4811
439.0,1.0,15.121590000000001,-41.314350000000005,128.9817,20.329210000000003
439.0,2.0,22.0097,-55.7984,193.5395,18.9712
439.0,2.0,24.21067,-61.378240000000005,193.5395,20.86832
439.0,3.0,31.1548,-73.6755,258.0252,19.8432
439.0,3.0,34.27028000000001,-81.04305000000001,258.0252,21.82752
439.0,4.0,41.2335,-91.0994,322.52,20.5131
439.0,4.0,45.35685,-100.20934000000001,322.52,22.564410000000002
440.0,0.0,6.3835,18.9352,-1.5026,17.5993
440.0,0.0,7.021850000000001,20.82872,-1.5026,19.35923
440.0,1.0,11.9652,38.1876,-2.9572,18.1551
440.0,1.0,13.16172,42.00636000000001,-2.9572,19.970610000000004
440.0,2.0,16.5643,57.644,-4.3913,18.9589
440.0,2.0,18.22073,63.4084,-4.3913,20.85479
440.0,3.0,20.3594,77.3423,-5.8127,19.7096
440.0,3.0,22.395340000000004,85.07653,-5.8127,21.68056
440.0,4.0,23.1704,97.2858,-7.3488,20.0475
440.0,4.0,25.487440000000003,107.01438,-7.3488,22.05225
441.0,0.0,-13.8586,-14.424,-119.3904,9.9605
441.0,0.0,-15.24446,-15.8664,-119.3904,10.95655
441.0,1.0,-26.5744,-29.8844,-238.808,10.655
441.0,1.0,-29.231840000000002,-32.872840000000004,-238.808,11.7205
441.0,2.0,-38.1352,-46.3889,-358.1735,11.1523
441.0,2.0,-41.94872,-51.02779,-358.1735,12.26753
441.0,3.0,-48.3289,-63.763,-477.5452,11.8526
441.0,3.0,-53.16179,-70.1393,-477.5452,13.037860000000002
441.0,4.0,-57.1974,-82.0004,-596.955,12.4788
441.0,4.0,-62.91714000000001,-90.20044,-596.955,13.72668
442.0,0.0,14.3094,13.9996,6.2797,9.5439
442.0,0.0,15.740340000000002,15.399560000000001,6.2797,10.49829
442.0,1.0,33.8947,21.1706,12.4755,10.1022
442.0,1.0,37.28417,23.287660000000002,12.4755,11.11242
442.0,2.0,56.4772,20.2037,18.7453,10.7822
442.0,2.0,62.12492000000001,22.224070000000005,18.7453,11.860420000000001
442.0,3.0,79.3686,10.1932,24.9461,11.363
442.0,3.0,87.30546000000001,11.21252,24.9461,12.4993
442.0,4.0,99.6206,-8.7036,31.2089,12.092
442.0,4.0,109.58266,-9.573960000000001,31.2089,13.301200000000001
443.0,0.0,13.0649,15.1298,52.0301,24.5983
443.0,0.0,14.371390000000002,16.642780000000002,52.0301,27.058130000000002
443.0,1.0,25.3937,30.8936,104.0845,25.1638
443.0,1.0,27.93307,33.98296,104.0845,27.68018
443.0,2.0,36.9382,47.2532,156.0992,25.8672
443.0,2.0,40.632020000000004,51.97852,156.0992,28.453920000000004
443.0,3.0,47.7127,64.2092,208.1582,26.5821
443.0,3.0,52.48397,70.63012,208.1582,29.240310000000004
443.0,4.0,57.6552,81.6839,260.1865,27.1713
443.0,4.0,63.42072,89.85229,260.1865,29.88843
444.0,0.0,19.595,4.0464,107.9513,16.7847
444.0,0.0,21.5545,4.451040000000001,107.9513,18.46317
444.0,1.0,38.807,9.6523,215.9658,17.3411
444.0,1.0,42.68770000000001,10.61753,215.9658,19.075210000000002
444.0,2.0,57.62,16.7876,323.9192,17.9678
444.0,2.0,63.382000000000005,18.46636,323.9192,19.764580000000002
444.0,3.0,75.8492,25.4514,431.9017,18.4205
444.0,3.0,83.43412000000001,27.996540000000003,431.9017,20.26255
444.0,4.0,93.4609,35.5613,539.8697,19.2869
444.0,4.0,102.80699,39.117430000000006,539.8697,21.215590000000002
445.0,0.0,14.8825,-13.3349,-14.0139,6.464
445.0,0.0,16.37075,-14.66839,-14.0139,7.110400000000001
445.0,1.0,30.4739,-25.8624,-28.0054,7.1256
445.0,1.0,33.52129,-28.448640000000005,-28.0054,7.838160000000001
445.0,2.0,46.9471,-37.3852,-42.0423,7.8541
445.0,2.0,51.64181,-41.12372,-42.0423,8.639510000000001
445.0,3.0,64.0883,-47.874,-56.0609,8.6248
445.0,3.0,70.49713000000001,-52.66140000000001,-56.0609,9.487280000000002
445.0,4.0,81.8906,-57.3422,-70.0441,9.1978
445.0,4.0,90.07966000000002,-63.076420000000006,-70.0441,10.117580000000002
446.0,0.0,-4.3089,19.5636,-2.584,10.3527
446.0,0.0,-4.739790000000001,21.51996,-2.584,11.387970000000001
446.0,1.0,-6.3989,39.5091,-5.1482,11.1078
446.0,1.0,-7.0387900000000005,43.46001,-5.1482,12.21858
446.0,2.0,-6.2597,59.6418,-7.7815,11.6836
446.0,2.0,-6.88567,65.60598,-7.7815,12.851960000000002
446.0,3.0,-3.8223,79.9149,-10.397,12.0981
446.0,3.0,-4.20453,87.90639000000002,-10.397,13.307910000000001
446.0,4.0,0.8494,100.0487,-12.9599,12.9855
446.0,4.0,0.9343400000000002,110.05357000000001,-12.9599,14.28405
447.0,0.0,-19.2806,5.2682,-3.5718,1.9355
447.0,0.0,-21.208660000000002,5.795020000000001,-3.5718,2.1290500000000003
447.0,1.0,-38.9855,8.8817,-7.1349,2.3308
447.0,1.0,-42.88405,9.769870000000001,-7.1349,2.56388
447.0,2.0,-59.0463,10.7098,-10.6667,3.3537
447.0,2.0,-64.95093000000001,11.78078,-10.6667,3.68907
447.0,3.0,-79.2813,10.8163,-14.2141,3.9932
447.0,3.0,-87.20943000000001,11.89793,-14.2141,4.39252
447.0,4.0,-99.6023,9.1387,-17.7558,4.5176
447.0,4.0,-109.56253000000001,10.052570000000001,-17.7558,4.96936
448.0,0.0,19.3735,4.8192,30.2137,15.7099
448.0,0.0,21.310850000000002,5.301120000000001,30.2137,17.28089
448.0,1.0,39.897,2.8489,60.4939,16.4496
448.0,1.0,43.886700000000005,3.1337900000000003,60.4939,18.09456
448.0,2.0,59.6904,-6.0637,90.775,17.0739
448.0,2.0,65.65944,-6.670070000000001,90.775,18.78129
448.0,3.0,77.0004,-21.6063,120.9969,17.6247
448.0,3.0,84.70044,-23.766930000000002,120.9969,19.38717
448.0,4.0,90.2441,-43.1226,151.2843,18.5178
448.0,4.0,99.26851,-47.43486,151.2843,20.369580000000003
449.0,0.0,19.737,-3.2617,-26.3846,7.0099
449.0,0.0,21.7107,-3.58787,-26.3846,7.710890000000001
449.0,1.0,39.2079,-7.7164,-52.7305,7.7978
449.0,1.0,43.128690000000006,-8.488040000000002,-52.7305,8.577580000000001
449.0,2.0,58.4605,-13.3196,-79.0995,8.4692
449.0,2.0,64.30655000000002,-14.65156,-79.0995,9.316120000000002
449.0,3.0,77.4119,-20.1419,-105.4571,9.2364
449.0,3.0,85.15309,-22.156090000000003,-105.4571,10.16004
449.0,4.0,95.9698,-28.1358,-131.7843,9.9258
449.0,4.0,105.56678000000001,-30.94938,-131.7843,10.91838
450.0,0.0,12.2097,15.8243,-17.1424,18.9074
450.0,0.0,13.430670000000001,17.40673,-17.1424,20.79814
450.0,1.0,23.4123,32.4285,-34.284,19.4804
450.0,1.0,25.75353,35.671350000000004,-34.284,21.428440000000002
450.0,2.0,33.4636,49.8002,-51.409,20.2689
450.0,2.0,36.809960000000004,54.78022,-51.409,22.29579
450.0,3.0,42.3977,67.7933,-68.572,20.9935
450.0,3.0,46.63747000000001,74.57263,-68.572,23.092850000000002
450.0,4.0,50.2058,86.504,-85.7013,21.6203
450.0,4.0,55.226380000000006,95.15440000000001,-85.7013,23.78233
451.0,0.0,-17.6162,-9.5058,2.8741,16.6145
451.0,0.0,-19.37782,-10.456380000000001,2.8741,18.27595
451.0,1.0,-39.04,-8.8296,5.7847,17.2901
451.0,1.0,-42.944,-9.71256,5.7847,19.01911
451.0,2.0,-59.9177,3.0398,8.692,17.8883
451.0,2.0,-65.90947000000001,3.34378,8.692,19.677130000000002
451.0,3.0,-75.857,25.411,11.5589,18.5152
451.0,3.0,-83.4427,27.952100000000005,11.5589,20.36672
451.0,4.0,-82.7383,56.0977,14.4631,19.1999
451.0,4.0,-91.01213,61.70747000000001,14.4631,21.11989
452.0,0.0,8.553,18.0637,103.2207,24.4972
452.0,0.0,9.408300000000002,19.870070000000002,103.2207,26.946920000000002
452.0,1.0,19.0239,35.1875,206.4016,25.0068
452.0,1.0,20.92629,38.706250000000004,206.4016,27.50748
452.0,2.0,31.3066,51.1728,309.6504,25.7337
452.0,2.0,34.43726,56.29008000000001,309.6504,28.30707
452.0,3.0,45.4186,65.8628,412.8639,26.4093
452.0,3.0,49.960460000000005,72.44908,412.8639,29.050230000000003
452.0,4.0,61.1257,79.1442,516.1015,27.0015
452.0,4.0,67.23827000000001,87.05862,516.1015,29.70165
453.0,0.0,17.002,10.5672,-24.9648,16.2731
453.0,0.0,18.7022,11.62392,-24.9648,17.90041
453.0,1.0,34.9488,19.4146,-49.9643,16.887
453.0,1.0,38.44368,21.356060000000003,-49.9643,18.5757
453.0,2.0,53.8329,26.5067,-74.8863,17.3719
453.0,2.0,59.216190000000005,29.15737,-74.8863,19.109090000000002
453.0,3.0,73.4133,31.757,-99.8498,18.1807
453.0,3.0,80.75463000000002,34.932700000000004,-99.8498,19.998770000000004
453.0,4.0,93.6285,35.1264,-124.8055,18.9169
453.0,4.0,102.99135000000001,38.63904,-124.8055,20.80859
454.0,0.0,-19.9892,0.2617,-18.2548,24.4984
454.0,0.0,-21.988120000000002,0.28787,-18.2548,26.948240000000002
454.0,1.0,-39.9342,-2.3837,-36.4507,25.0072
454.0,1.0,-43.92762,-2.6220700000000003,-36.4507,27.507920000000002
454.0,2.0,-59.4909,-7.8222,-54.7236,25.7654
454.0,2.0,-65.43999000000001,-8.604420000000001,-54.7236,28.34194
454.0,3.0,-78.3987,-16.1604,-72.9142,26.5073
454.0,3.0,-86.23857000000001,-17.77644,-72.9142,29.158030000000004
454.0,4.0,-96.2621,-27.151,-91.2217,27.066
454.0,4.0,-105.88831000000002,-29.866100000000003,-91.2217,29.7726
455.0,0.0,-10.7446,16.9058,40.4799,1.5618
455.0,0.0,-11.81906,18.59638,40.4799,1.7179800000000003
455.0,1.0,-26.7689,29.6741,80.9191,2.2436
455.0,1.0,-29.445790000000002,32.641510000000004,80.9191,2.46796
455.0,2.0,-47.0709,37.196,121.4181,3.106
455.0,2.0,-51.77799,40.9156,121.4181,3.4166000000000003
455.0,3.0,-70.1597,38.4028,161.8763,3.4885
455.0,3.0,-77.17567000000001,42.24308,161.8763,3.8373500000000003
455.0,4.0,-94.4953,32.7546,202.2961,4.5417
455.0,4.0,-103.94483000000001,36.030060000000006,202.2961,4.99587
456.0,0.0,10.184,-17.2088,17.0071,25.2918
456.0,0.0,11.2024,-18.92968,17.0071,27.820980000000002
456.0,1.0,22.1127,-33.3484,34.0674,26.1077
456.0,1.0,24.323970000000003,-36.68324,34.0674,28.718470000000003
456.0,2.0,35.6272,-48.3196,51.1294,26.6648
456.0,2.0,39.18992000000001,-53.15156,51.1294,29.331280000000003
456.0,3.0,50.6649,-61.9589,68.1208,27.3009
456.0,3.0,55.731390000000005,-68.15479,68.1208,30.03099
456.0,4.0,67.0874,-74.1384,85.1847,28.1498
456.0,4.0,73.79614000000001,-81.55224000000001,85.1847,30.96478
457.0,0.0,17.9352,8.8426,-98.7627,21.9081
457.0,0.0,19.72872,9.72686,-98.7627,24.098910000000004
457.0,1.0,34.2538,20.6166,-197.5522,22.3684
457.0,1.0,37.67918,22.67826,-197.5522,24.605240000000002
457.0,2.0,48.5517,35.2518,-296.3512,22.9923
457.0,2.0,53.40687,38.77698000000001,-296.3512,25.29153
457.0,3.0,60.5121,52.286,-395.0859,23.5711
457.0,3.0,66.56331,57.51460000000001,-395.0859,25.928210000000004
457.0,4.0,69.8211,71.5766,-493.8447,24.2818
457.0,4.0,76.80321,78.73426,-493.8447,26.70998
458.0,0.0,10.6806,16.8507,11.6682,5.5517
458.0,0.0,11.748660000000001,18.535770000000003,11.6682,6.106870000000001
458.0,1.0,20.0383,34.6315,23.3455,6.3437
458.0,1.0,22.04213,38.09465000000001,23.3455,6.978070000000001
458.0,2.0,27.8229,53.1728,34.9537,6.9658
458.0,2.0,30.605190000000004,58.490080000000006,34.9537,7.662380000000001
458.0,3.0,34.0867,72.3492,46.6744,7.6052
458.0,3.0,37.49537,79.58412,46.6744,8.365720000000001
458.0,4.0,38.7555,92.1764,58.3276,8.3133
458.0,4.0,42.63105,101.39404,58.3276,9.144630000000001
459.0,0.0,16.8538,10.7052,-26.6442,17.8392
459.0,0.0,18.53918,11.77572,-26.6442,19.623120000000004
459.0,1.0,31.635,24.411,-53.2181,18.5329
459.0,1.0,34.798500000000004,26.852100000000004,-53.2181,20.386190000000003
459.0,2.0,43.9995,40.7762,-79.8376,19.137
459.0,2.0,48.39945,44.853820000000006,-79.8376,21.050700000000003
459.0,3.0,53.5142,59.5138,-106.5201,19.8509
459.0,3.0,58.86562000000001,65.46518,-106.5201,21.835990000000002
459.0,4.0,59.8544,80.1507,-133.1275,20.5733
459.0,4.0,65.83984000000001,88.16577000000001,-133.1275,22.63063
460.0,0.0,12.5485,-15.585,-96.4543,0.5982
460.0,0.0,13.803350000000002,-17.143500000000003,-96.4543,0.65802
460.0,1.0,24.0118,-31.9885,-192.8609,1.4068
460.0,1.0,26.412980000000005,-35.18735,-192.8609,1.5474800000000002
460.0,2.0,34.3785,-49.1615,-289.323,1.9101
460.0,2.0,37.81635000000001,-54.07765,-289.323,2.1011100000000003
460.0,3.0,43.6398,-67.0606,-385.7899,2.7016
460.0,3.0,48.003780000000006,-73.76666,-385.7899,2.97176
460.0,4.0,51.6471,-85.6189,-482.2086,3.4216
460.0,4.0,56.81181000000001,-94.18079,-482.2086,3.7637600000000004
461.0,0.0,1.4569,19.9686,111.1879,18.7268
461.0,0.0,1.6025900000000002,21.96546,111.1879,20.599480000000003
461.0,1.0,6.2358,39.5309,222.4083,19.3489
461.0,1.0,6.859380000000001,43.483990000000006,222.4083,21.283790000000003
461.0,2.0,14.317,58.2589,333.6303,20.1028
461.0,2.0,15.748700000000001,64.08479,333.6303,22.11308
461.0,3.0,25.5697,75.8132,444.7799,20.7226
461.0,3.0,28.126670000000004,83.39452,444.7799,22.794860000000003
461.0,4.0,39.8072,91.7518,555.9786,21.3435
461.0,4.0,43.78792000000001,100.92698000000001,555.9786,23.47785
462.0,0.0,-3.7208,-19.6628,14.3198,22.9085
462.0,0.0,-4.09288,-21.629080000000002,14.3198,25.199350000000003
462.0,1.0,-6.4033,-39.4841,28.6738,23.5334
462.0,1.0,-7.04363,-43.43251,28.6738,25.886740000000003
462.0,2.0,-8.1784,-59.4659,42.9855,24.4368
462.0,2.0,-8.99624,-65.41249,42.9855,26.880480000000006
462.0,3.0,-8.9615,-79.5011,57.3037,24.7614
462.0,3.0,-9.85765,-87.45121,57.3037,27.23754
462.0,4.0,-8.7419,-99.6299,71.621,25.4151
462.0,4.0,-9.61609,-109.59289000000001,71.621,27.95661
463.0,0.0,19.6739,-3.5181,13.806,2.9515
463.0,0.0,21.64129,-3.8699100000000004,13.806,3.24665
463.0,1.0,39.5317,-5.9373,27.6929,3.8498
463.0,1.0,43.48487,-6.53103,27.6929,4.234780000000001
463.0,2.0,59.5132,-7.3575,41.5559,4.3984
463.0,2.0,65.46452000000001,-8.093250000000001,41.5559,4.83824
463.0,3.0,79.6516,-7.7739,55.3687,5.074
463.0,3.0,87.61676000000001,-8.551290000000002,55.3687,5.5814
463.0,4.0,99.7103,-7.1177,69.2296,5.6624
463.0,4.0,109.68133000000002,-7.829470000000001,69.2296,6.22864
464.0,0.0,9.5158,-17.6069,79.9164,4.0149
464.0,0.0,10.467380000000002,-19.36759,79.9164,4.416390000000001
464.0,1.0,21.6384,-33.6696,159.7834,4.5695
464.0,1.0,23.80224,-37.03656000000001,159.7834,5.02645
464.0,2.0,36.2648,-47.8018,239.6476,5.3204
464.0,2.0,39.89128,-52.58198,239.6476,5.8524400000000005
464.0,3.0,53.1539,-59.8014,319.5187,6.0445
464.0,3.0,58.46929000000001,-65.78154,319.5187,6.648950000000001
464.0,4.0,72.0323,-69.3524,399.4434,6.4617
464.0,4.0,79.23553000000001,-76.28764000000001,399.4434,7.107870000000001
465.0,0.0,6.3806,-18.9463,-6.3603,7.8476
465.0,0.0,7.018660000000001,-20.840930000000004,-6.3603,8.63236
465.0,1.0,11.6039,-38.2831,-12.6604,8.4239
465.0,1.0,12.76429,-42.11141,-12.6604,9.26629
465.0,2.0,15.5366,-57.9338,-18.999,9.2354
465.0,2.0,17.09026,-63.727180000000004,-18.999,10.158940000000001
465.0,3.0,18.1653,-77.8981,-25.338,9.8984
465.0,3.0,19.98183,-85.68791,-25.338,10.888240000000001
465.0,4.0,19.5224,-98.051,-31.6403,10.6233
465.0,4.0,21.474640000000004,-107.85610000000001,-31.6403,11.685630000000002
466.0,0.0,-5.3916,19.2761,-1.2935,20.0295
466.0,0.0,-5.930760000000001,21.20371,-1.2935,22.03245
466.0,1.0,-9.2392,38.8901,-2.5741,20.5659
466.0,1.0,-10.163120000000001,42.77911,-2.5741,22.622490000000003
466.0,2.0,-11.6243,58.873,-3.8083,21.4517
466.0,2.0,-12.78673,64.7603,-3.8083,23.59687
466.0,3.0,-12.4909,79.0106,-5.069,21.9759
466.0,3.0,-13.73999,86.91166,-5.069,24.17349
466.0,4.0,-11.8136,99.2695,-6.3255,22.5751
466.0,4.0,-12.99496,109.19645,-6.3255,24.832610000000003
467.0,0.0,-13.7332,-14.5029,-7.0519,17.6161
467.0,0.0,-15.106520000000002,-15.953190000000001,-7.0519,19.37771
467.0,1.0,-30.2053,-26.2153,-14.1498,18.1546
467.0,1.0,-33.22583,-28.836830000000003,-14.1498,19.97006
467.0,2.0,-49.0057,-34.6447,-21.1992,18.9203
467.0,2.0,-53.90627,-38.109170000000006,-21.1992,20.812330000000003
467.0,3.0,-69.5912,-39.4589,-28.2309,19.6723
467.0,3.0,-76.55032000000001,-43.404790000000006,-28.2309,21.63953
467.0,4.0,-91.4147,-40.4877,-35.3011,20.1552
467.0,4.0,-100.55617000000001,-44.53647,-35.3011,22.170720000000003
468.0,0.0,19.2958,-5.2281,115.671,2.747
468.0,0.0,21.22538,-5.750910000000001,115.671,3.0217
468.0,1.0,38.9694,-9.0939,231.3541,3.3186
468.0,1.0,42.86634,-10.00329,231.3541,3.6504600000000003
468.0,2.0,58.9067,-11.4928,347.0127,4.0714
468.0,2.0,64.79737,-12.642080000000002,347.0127,4.47854
468.0,3.0,79.0335,-12.4339,462.6703,4.787
468.0,3.0,86.93685,-13.677290000000001,462.6703,5.265700000000001
468.0,4.0,99.3169,-11.9028,578.3369,5.4953
468.0,4.0,109.24859000000001,-13.09308,578.3369,6.044830000000001
469.0,0.0,-13.1585,15.0985,-6.3121,17.5384
469.0,0.0,-14.474350000000001,16.60835,-6.3121,19.29224
469.0,1.0,-27.3796,29.1851,-12.6848,18.3322
469.0,1.0,-30.11756,32.10361,-12.6848,20.16542
469.0,2.0,-42.7056,42.1748,-18.9613,18.9449
469.0,2.0,-46.97616,46.39228,-18.9613,20.83939
469.0,3.0,-59.0345,53.9986,-25.3141,19.6151
469.0,3.0,-64.93795,59.39846000000001,-25.3141,21.576610000000002
469.0,4.0,-76.2977,64.6419,-31.6314,20.203
469.0,4.0,-83.92747000000001,71.10609000000001,-31.6314,22.223300000000002
470.0,0.0,2.5457,19.8153,-21.05,15.6324
470.0,0.0,2.8002700000000003,21.796830000000003,-21.05,17.19564
470.0,1.0,3.7674,39.8054,-42.092,16.4255
470.0,1.0,4.14414,43.785940000000004,-42.092,18.06805
470.0,2.0,3.6485,59.9179,-63.1863,16.9395
470.0,2.0,4.01335,65.90969000000001,-63.1863,18.63345
470.0,3.0,2.2595,79.9664,-84.2526,17.642
470.0,3.0,2.48545,87.96303999999999,-84.2526,19.406200000000002
470.0,4.0,-0.5148,99.9882,-105.3413,18.3435
470.0,4.0,-0.5662800000000001,109.98702000000002,-105.3413,20.17785
471.0,0.0,12.3681,15.7288,31.1815,10.8341
471.0,0.0,13.604910000000002,17.30168,31.1815,11.91751
471.0,1.0,25.9564,30.389,62.3604,11.6468
471.0,1.0,28.55204,33.4279,62.3604,12.811480000000001
471.0,2.0,40.837,43.9314,93.566,12.2034
471.0,2.0,44.92070000000001,48.32454,93.566,13.423740000000002
471.0,3.0,56.8553,56.26,124.7347,13.0869
471.0,3.0,62.54083000000001,61.886,124.7347,14.39559
471.0,4.0,73.9691,67.2806,155.9667,13.5918
471.0,4.0,81.36601,74.00866000000002,155.9667,14.95098
472.0,0.0,4.3985,-19.5078,-85.1813,18.0477
472.0,0.0,4.838350000000001,-21.45858,-85.1813,19.85247
472.0,1.0,6.9826,-39.4012,-170.3416,18.7681
472.0,1.0,7.68086,-43.34132,-170.3416,20.644910000000003
472.0,2.0,7.8373,-59.5096,-255.4989,19.3454
472.0,2.0,8.621030000000001,-65.46056,-255.4989,21.279940000000003
472.0,3.0,6.8528,-79.6996,-340.6952,20.1002
472.0,3.0,7.538080000000001,-87.66956,-340.6952,22.11022
472.0,4.0,4.1171,-99.9309,-425.8283,20.6664
472.0,4.0,4.52881,-109.92399,-425.8283,22.733040000000003
473.0,0.0,-19.6104,-3.8298,-41.6204,13.7803
473.0,0.0,-21.57144,-4.21278,-41.6204,15.158330000000001
473.0,1.0,-39.4395,-6.3816,-83.2367,14.5868
473.0,1.0,-43.38345,-7.019760000000001,-83.2367,16.04548
473.0,2.0,-59.5095,-7.6769,-124.8614,15.2064
473.0,2.0,-65.46045000000001,-8.44459,-124.8614,16.727040000000002
473.0,3.0,-79.617,-7.6426,-166.4485,15.8046
473.0,3.0,-87.57870000000001,-8.40686,-166.4485,17.385060000000003
473.0,4.0,-99.8062,-6.3759,-208.1073,16.5773
473.0,4.0,-109.78682000000002,-7.01349,-208.1073,18.235030000000002
474.0,0.0,-2.2897,19.8635,-19.5498,13.0353
474.0,0.0,-2.51867,21.84985,-19.5498,14.33883
474.0,1.0,-21.1846,33.9126,-39.0798,13.8065
474.0,1.0,-23.303060000000002,37.30386,-39.0798,15.18715
474.0,2.0,-50.5584,32.3164,-58.589,14.4362
474.0,2.0,-55.61424,35.54804000000001,-58.589,15.87982
474.0,3.0,-79.3618,10.0805,-78.1584,14.9701
474.0,3.0,-87.29798000000001,11.088550000000001,-78.1584,16.46711
474.0,4.0,-95.0671,-31.117,-97.7191,15.5265
474.0,4.0,-104.57381000000001,-34.2287,-97.7191,17.079150000000002
475.0,0.0,-10.2208,-17.1912,-24.7589,13.2945
475.0,0.0,-11.242880000000001,-18.91032,-24.7589,14.62395
475.0,1.0,-22.1033,-33.3488,-49.4416,14.1124
475.0,1.0,-24.313630000000003,-36.68368,-49.4416,15.52364
475.0,2.0,-35.6349,-48.2619,-74.1999,14.5444
475.0,2.0,-39.19839,-53.08809,-74.1999,15.998840000000001
475.0,3.0,-50.6296,-61.8994,-98.9507,15.4924
475.0,3.0,-55.69256000000001,-68.08934,-98.9507,17.04164
475.0,4.0,-67.1355,-74.1433,-123.6667,15.969
475.0,4.0,-73.84905,-81.55763,-123.6667,17.5659
476.0,0.0,13.8416,14.4565,-109.7692,5.141
476.0,0.0,15.225760000000001,15.90215,-109.7692,5.655100000000001
476.0,1.0,28.3981,28.1593,-219.516,6.0293
476.0,1.0,31.237910000000003,30.975230000000003,-219.516,6.632230000000001
476.0,2.0,43.6502,41.1014,-329.3098,6.4496
476.0,2.0,48.01522,45.21154,-329.3098,7.09456
476.0,3.0,59.648,53.2751,-439.0042,7.3358
476.0,3.0,65.61280000000001,58.602610000000006,-439.0042,8.06938
476.0,4.0,76.3,64.6625,-548.7837,8.0279
476.0,4.0,83.93,71.12875,-548.7837,8.830690000000002
477.0,0.0,-12.2304,15.8142,25.9374,8.956
477.0,0.0,-13.45344,17.39562,25.9374,9.8516
477.0,1.0,-26.6854,29.844,51.8857,9.8639
477.0,1.0,-29.353940000000005,32.8284,51.8857,10.85029
477.0,2.0,-43.0388,41.8164,77.8113,10.5462
477.0,2.0,-47.34268000000001,45.99804,77.8113,11.600820000000002
477.0,3.0,-61.1302,51.5761,103.7694,11.2013
477.0,3.0,-67.24322000000001,56.73371,103.7694,12.321430000000001
477.0,4.0,-80.7694,58.9606,129.7021,11.6605
477.0,4.0,-88.84634000000001,64.85666,129.7021,12.826550000000001
478.0,0.0,-3.0386,19.7631,39.175,1.055
478.0,0.0,-3.3424600000000004,21.739410000000003,39.175,1.1605
478.0,1.0,-6.9925,39.3782,78.436,1.9113
478.0,1.0,-7.69175,43.31602,78.436,2.10243
478.0,2.0,-11.8389,58.8199,117.6279,2.6058
478.0,2.0,-13.022790000000002,64.70189,117.6279,2.86638
478.0,3.0,-17.6502,78.0448,156.8488,3.1997
478.0,3.0,-19.415220000000005,85.84928000000001,156.8488,3.51967
478.0,4.0,-24.3812,96.9733,196.0757,3.9876
478.0,4.0,-26.81932,106.67063,196.0757,4.386360000000001
479.0,0.0,-3.3744,-19.7293,-68.9081,6.8843
479.0,0.0,-3.7118400000000005,-21.70223,-68.9081,7.57273
479.0,1.0,-5.8196,-39.5421,-137.8819,7.8221
479.0,1.0,-6.401560000000001,-43.49631,-137.8819,8.60431
479.0,2.0,-7.217,-59.5614,-206.8145,8.3517
479.0,2.0,-7.9387,-65.51754000000001,-206.8145,9.18687
479.0,3.0,-7.6851,-79.5906,-275.7113,8.9635
479.0,3.0,-8.453610000000001,-87.54966,-275.7113,9.85985
479.0,4.0,-7.1612,-99.7133,-344.5965,9.8055
479.0,4.0,-7.877320000000001,-109.68463000000001,-344.5965,10.786050000000001
480.0,0.0,19.3813,4.9086,19.3651,8.006
480.0,0.0,21.31943,5.39946,19.3651,8.806600000000001
480.0,1.0,38.2492,11.685,38.7643,8.3718
480.0,1.0,42.07412000000001,12.853500000000002,38.7643,9.20898
480.0,2.0,56.4507,20.2291,58.1825,9.1327
480.0,2.0,62.09577,22.252010000000002,58.1825,10.04597
480.0,3.0,73.9172,30.5308,77.5291,9.7708
480.0,3.0,81.30892,33.58388,77.5291,10.74788
480.0,4.0,90.528,42.5234,96.9016,10.5868
480.0,4.0,99.58080000000001,46.775740000000006,96.9016,11.645480000000001
481.0,0.0,19.9945,-0.0852,-68.4306,11.5631
481.0,0.0,21.99395,-0.09372000000000001,-68.4306,12.719410000000002
481.0,1.0,40.0284,0.8057,-136.8127,12.2756
481.0,1.0,44.031240000000004,0.88627,-136.8127,13.503160000000001
481.0,2.0,59.9352,2.7599,-205.2344,12.9875
481.0,2.0,65.92872000000001,3.03589,-205.2344,14.286250000000003
481.0,3.0,79.8108,5.7709,-273.5669,13.8584
481.0,3.0,87.79188,6.34799,-273.5669,15.244240000000001
481.0,4.0,99.5516,9.8164,-342.0086,14.1927
481.0,4.0,109.50676,10.79804,-342.0086,15.611970000000001
482.0,0.0,-20.0199,0.1401,37.5012,23.0302
482.0,0.0,-22.021890000000003,0.15411000000000002,37.5012,25.333220000000004
482.0,1.0,-39.9801,1.4801,75.0629,23.9246
482.0,1.0,-43.97811,1.6281100000000002,75.0629,26.317060000000005
482.0,2.0,-59.8651,4.0863,112.5556,24.4846
482.0,2.0,-65.85161000000001,4.49493,112.5556,26.93306
482.0,3.0,-79.6316,7.8623,150.0862,25.3214
482.0,3.0,-87.59476000000001,8.648530000000001,150.0862,27.853540000000002
482.0,4.0,-99.1764,12.7927,187.6158,25.7714
482.0,4.0,-109.09404,14.07197,187.6158,28.348540000000003
483.0,0.0,-11.3558,-16.4618,43.2728,15.085
483.0,0.0,-12.491380000000001,-18.10798,43.2728,16.593500000000002
483.0,1.0,-21.5544,-33.7068,86.5829,15.6133
483.0,1.0,-23.709840000000003,-37.07748,86.5829,17.17463
483.0,2.0,-30.5891,-51.5825,129.8912,16.4026
483.0,2.0,-33.64801,-56.740750000000006,129.8912,18.04286
483.0,3.0,-38.3642,-70.1688,173.2001,16.7927
483.0,3.0,-42.20062,-77.18568,173.2001,18.471970000000002
483.0,4.0,-44.9737,-89.3054,216.5235,17.8907
483.0,4.0,-49.471070000000005,-98.23594000000001,216.5235,19.67977
484.0,0.0,-12.9912,-15.2177,61.0667,2.3045
484.0,0.0,-14.29032,-16.73947,61.0667,2.5349500000000003
484.0,1.0,-24.5962,-31.5186,122.1544,2.6248
484.0,1.0,-27.05582,-34.67046,122.1544,2.88728
484.0,2.0,-34.6931,-48.928,183.2218,3.419
484.0,2.0,-38.16241,-53.8208,183.2218,3.7609000000000004
484.0,3.0,-43.3347,-67.2798,244.3238,3.9412
484.0,3.0,-47.66817,-74.00778,244.3238,4.33532
484.0,4.0,-50.3254,-86.4533,305.4291,4.7705
484.0,4.0,-55.357940000000006,-95.09863,305.4291,5.24755
485.0,0.0,-14.9692,13.2787,-10.0207,0.9349
485.0,0.0,-16.466120000000004,14.606570000000001,-10.0207,1.0283900000000001
485.0,1.0,-30.7619,25.5868,-20.0597,1.5466
485.0,1.0,-33.83809,28.145480000000003,-20.0597,1.7012600000000002
485.0,2.0,-47.309,36.8743,-30.0938,2.2698
485.0,2.0,-52.0399,40.561730000000004,-30.0938,2.49678
485.0,3.0,-64.6548,47.0779,-40.1397,2.9716
485.0,3.0,-71.12028,51.78569,-40.1397,3.2687600000000003
485.0,4.0,-82.7128,56.1779,-50.1903,3.6902
485.0,4.0,-90.98408,61.79569000000001,-50.1903,4.05922
486.0,0.0,-19.9613,0.936,10.8388,3.6934
486.0,0.0,-21.957430000000002,1.0296,10.8388,4.062740000000001
486.0,1.0,-39.904,2.9183,21.698,4.5501
486.0,1.0,-43.894400000000005,3.21013,21.698,5.00511
486.0,2.0,-59.6817,5.9867,32.5217,5.2271
486.0,2.0,-65.64987,6.58537,32.5217,5.749810000000001
486.0,3.0,-79.3535,10.0344,43.3921,5.7719
486.0,3.0,-87.28885,11.037840000000001,43.3921,6.34909
486.0,4.0,-98.8234,15.226,54.2505,6.4847
486.0,4.0,-108.70574000000002,16.748600000000003,54.2505,7.133170000000001
487.0,0.0,-18.3248,7.9704,-73.3682,14.9276
487.0,0.0,-20.15728,8.76744,-73.3682,16.420360000000002
487.0,1.0,-36.2674,16.8579,-146.7958,15.6792
487.0,1.0,-39.89414000000001,18.54369,-146.7958,17.247120000000002
487.0,2.0,-53.6975,26.7657,-220.1181,16.2766
487.0,2.0,-59.06725,29.44227,-220.1181,17.90426
487.0,3.0,-70.6495,37.5525,-293.5018,16.9959
487.0,3.0,-77.71445000000001,41.307750000000006,-293.5018,18.69549
487.0,4.0,-86.9938,49.2497,-366.8576,17.6897
487.0,4.0,-95.69318,54.17467,-366.8576,19.45867
488.0,0.0,19.6648,-3.4174,14.7134,15.1354
488.0,0.0,21.63128,-3.7591400000000004,14.7134,16.648940000000003
488.0,1.0,39.8951,-2.2435,29.4069,15.8074
488.0,1.0,43.88461,-2.4678500000000003,29.4069,17.38814
488.0,2.0,59.9118,3.4924,44.1506,16.5755
488.0,2.0,65.90298,3.8416400000000004,44.1506,18.233050000000002
488.0,3.0,78.826,13.7494,58.7919,17.2773
488.0,3.0,86.7086,15.12434,58.7919,19.00503
488.0,4.0,95.9258,28.2823,73.5216,17.8526
488.0,4.0,105.51838000000001,31.11053,73.5216,19.63786
489.0,0.0,15.8435,-12.237,6.5604,2.5504
489.0,0.0,17.427850000000003,-13.460700000000001,6.5604,2.80544
489.0,1.0,25.6489,-30.7083,13.1421,3.2877
489.0,1.0,28.213790000000003,-33.77913,13.1421,3.6164700000000005
489.0,2.0,27.5398,-53.3182,19.7613,3.9373
489.0,2.0,30.29378,-58.650020000000005,19.7613,4.33103
489.0,3.0,20.4969,-77.3072,26.2904,4.6994
489.0,3.0,22.546590000000002,-85.03792,26.2904,5.16934
489.0,4.0,4.0973,-99.9429,32.8879,5.1365
489.0,4.0,4.50703,-109.93719,32.8879,5.65015
490.0,0.0,0.9703,-19.9853,-7.8887,15.4306
490.0,0.0,1.0673300000000001,-21.98383,-7.8887,16.973660000000002
490.0,1.0,3.1079,-39.9151,-15.7784,16.4175
490.0,1.0,3.4186900000000002,-43.90661000000001,-15.7784,18.059250000000002
490.0,2.0,6.4377,-59.6657,-23.7291,17.1696
490.0,2.0,7.081470000000001,-65.63227,-23.7291,18.88656
490.0,3.0,11.0159,-79.225,-31.6357,17.4654
490.0,3.0,12.117490000000002,-87.1475,-31.6357,19.211940000000002
490.0,4.0,16.7097,-98.5586,-39.5024,18.2534
490.0,4.0,18.380670000000002,-108.41446,-39.5024,20.07874
491.0,0.0,-0.4777,-19.9865,30.607,24.8019
491.0,0.0,-0.5254700000000001,-21.98515,30.607,27.282090000000004
491.0,1.0,0.4965,-39.9687,61.2181,25.3367
491.0,1.0,0.54615,-43.96557,61.2181,27.87037
491.0,2.0,2.8326,-59.9374,91.7721,26.1346
491.0,2.0,3.11586,-65.93114,91.7721,28.748060000000002
491.0,3.0,6.5205,-79.7493,122.3502,26.7975
491.0,3.0,7.172550000000001,-87.72423,122.3502,29.47725
491.0,4.0,11.6066,-99.3146,152.9641,27.4553
491.0,4.0,12.767260000000002,-109.24606000000001,152.9641,30.200830000000003
492.0,0.0,18.2228,-8.1716,-0.0344,1.0391
492.0,0.0,20.045080000000002,-8.988760000000001,-0.0344,1.14301
492.0,1.0,35.9966,-17.5027,-0.1088,1.6485
492.0,1.0,39.59626,-19.25297,-0.1088,1.8133500000000002
492.0,2.0,53.1758,-27.7794,-0.1472,2.3439
492.0,2.0,58.49338000000001,-30.55734,-0.1472,2.5782900000000004
492.0,3.0,69.8071,-39.0845,-0.2578,3.0355
492.0,3.0,76.78781000000001,-42.99295,-0.2578,3.3390500000000003
492.0,4.0,85.788,-51.442,-0.28,3.7351
492.0,4.0,94.3668,-56.586200000000005,-0.28,4.1086100000000005
493.0,0.0,-12.3786,-15.7219,86.0323,19.8239
493.0,0.0,-13.616460000000002,-17.29409,86.0323,21.80629
493.0,1.0,-25.5181,-30.7915,172.1032,20.4255
493.0,1.0,-28.069910000000004,-33.870650000000005,172.1032,22.46805
493.0,2.0,-39.4359,-45.2166,258.1885,21.1067
493.0,2.0,-43.37949,-49.738260000000004,258.1885,23.217370000000003
493.0,3.0,-54.0997,-58.9126,344.2359,21.843
493.0,3.0,-59.50967,-64.80386,344.2359,24.0273
493.0,4.0,-69.5215,-71.9206,430.3121,22.3779
493.0,4.0,-76.47365,-79.11266,430.3121,24.61569
494.0,0.0,20.0156,0.1727,88.7055,3.147
494.0,0.0,22.01716,0.18997,88.7055,3.4617
494.0,1.0,39.9767,-0.6015,177.3727,3.8324
494.0,1.0,43.97437000000001,-0.6616500000000001,177.3727,4.2156400000000005
494.0,2.0,59.9674,-2.4521,266.0846,4.2406
494.0,2.0,65.96414,-2.6973100000000003,266.0846,4.6646600000000005
494.0,3.0,79.815,-5.2033,354.7824,5.2313
494.0,3.0,87.79650000000001,-5.72363,354.7824,5.75443
494.0,4.0,99.5888,-9.0233,443.4667,5.7859
494.0,4.0,109.54768000000001,-9.925630000000002,443.4667,6.36449
495.0,0.0,18.3861,-7.9496,-70.7665,19.211
495.0,0.0,20.22471,-8.744560000000002,-70.7665,21.1321
495.0,1.0,35.8953,-17.6052,-141.5081,19.8027
495.0,1.0,39.48483,-19.365720000000003,-141.5081,21.782970000000002
495.0,2.0,52.5269,-28.937,-212.236,20.5361
495.0,2.0,57.77959,-31.830700000000004,-212.236,22.589710000000004
495.0,3.0,68.1538,-41.9085,-283.0459,21.3113
495.0,3.0,74.96918000000001,-46.09935,-283.0459,23.44243
495.0,4.0,82.5943,-56.4008,-353.7935,22.0689
495.0,4.0,90.85373000000001,-62.04088,-353.7935,24.27579
496.0,0.0,-10.2062,-17.2135,101.5242,12.4396
496.0,0.0,-11.226820000000002,-18.93485,101.5242,13.683560000000002
496.0,1.0,-21.2036,-33.9464,203.085,13.3131
496.0,1.0,-23.323960000000003,-37.34104,203.085,14.644410000000002
496.0,2.0,-32.9461,-50.1688,304.6014,13.8408
496.0,2.0,-36.24071000000001,-55.185680000000005,304.6014,15.22488
496.0,3.0,-45.5032,-65.8356,406.2013,14.4182
496.0,3.0,-50.053520000000006,-72.41916,406.2013,15.860020000000002
496.0,4.0,-58.742,-80.924,507.7427,15.0957
496.0,4.0,-64.6162,-89.01640000000002,507.7427,16.60527
497.0,0.0,13.249,-14.9647,2.4653,4.8262
497.0,0.0,14.573900000000002,-16.461170000000003,2.4653,5.308820000000001
497.0,1.0,25.7154,-30.6428,4.8688,5.514
497.0,1.0,28.28694,-33.707080000000005,4.8688,6.0654
497.0,2.0,37.3273,-47.0019,7.3784,6.1322
497.0,2.0,41.060030000000005,-51.702090000000005,7.3784,6.745420000000001
497.0,3.0,48.085,-63.9529,9.7782,6.9527
497.0,3.0,52.8935,-70.34819,9.7782,7.647970000000001
497.0,4.0,57.9534,-81.5069,12.1823,7.4367
497.0,4.0,63.748740000000005,-89.65759000000001,12.1823,8.18037
498.0,0.0,-18.5011,7.7278,-33.5845,3.7909
498.0,0.0,-20.351210000000002,8.500580000000001,-33.5845,4.16999
498.0,1.0,-37.6182,13.5426,-67.2003,4.6118
498.0,1.0,-41.38002,14.896860000000002,-67.2003,5.07298
498.0,2.0,-57.4332,17.3111,-100.804,4.9975
498.0,2.0,-63.176520000000004,19.04221,-100.804,5.49725
498.0,3.0,-77.6737,19.1433,-134.3636,5.9141
498.0,3.0,-85.44107,21.057630000000003,-134.3636,6.505510000000001
498.0,4.0,-98.2241,18.8434,-167.9878,6.5552
498.0,4.0,-108.04651000000001,20.72774,-167.9878,7.210720000000001
499.0,0.0,-5.3937,19.2692,18.615,13.7057
499.0,0.0,-5.933070000000001,21.196120000000004,18.615,15.076270000000001
499.0,1.0,-12.4931,38.005,37.2608,14.3581
499.0,1.0,-13.742410000000001,41.80550000000001,37.2608,15.793910000000002
499.0,2.0,-21.2155,56.1432,55.8806,14.7261
499.0,2.0,-23.33705,61.75752000000001,55.8806,16.198710000000002
499.0,3.0,-31.5175,73.5327,74.5068,15.5671
499.0,3.0,-34.66925,80.88597000000001,74.5068,17.123810000000002
499.0,4.0,-43.3394,90.1444,93.1666,16.3228
499.0,4.0,-47.67334,99.15884000000001,93.1666,17.955080000000002
500.0,0.0,6.7659,18.8328,24.1623,14.8752
500.0,0.0,7.442490000000001,20.71608,24.1623,16.36272
500.0,1.0,4.1894,39.8008,48.3041,15.6606
500.0,1.0,4.60834,43.78088,48.3041,17.226660000000003
500.0,2.0,-8.0333,59.4666,72.4064,16.2138
500.0,2.0,-8.836630000000001,65.41326000000001,72.4064,17.83518
500.0,3.0,-29.1687,74.4942,96.5929,16.9345
500.0,3.0,-32.085570000000004,81.94362000000001,96.5929,18.627950000000002
500.0,4.0,-57.4883,81.794,120.691,17.7533
500.0,4.0,-63.23713000000001,89.9734,120.691,19.52863
501.0,0.0,-19.064,-5.9745,-45.7842,13.2589
501.0,0.0,-20.9704,-6.57195,-45.7842,14.584790000000002
501.0,1.0,-38.5633,-10.6209,-91.6056,13.9127
501.0,1.0,-42.41963,-11.682990000000002,-91.6056,15.30397
501.0,2.0,-58.3804,-13.9415,-137.3922,14.6868
501.0,2.0,-64.21844,-15.335650000000001,-137.3922,16.15548
501.0,3.0,-78.4639,-15.8221,-183.1743,15.317
501.0,3.0,-86.31029,-17.404310000000002,-183.1743,16.8487
501.0,4.0,-98.6249,-16.3806,-229.0195,15.9413
501.0,4.0,-108.48739,-18.018660000000004,-229.0195,17.53543
502.0,0.0,15.2913,-12.8779,34.0572,20.882
502.0,0.0,16.82043,-14.165690000000001,34.0572,22.970200000000002
502.0,1.0,31.2805,-24.9392,68.1341,21.6271
502.0,1.0,34.408550000000005,-27.433120000000002,68.1341,23.78981
502.0,2.0,47.9167,-36.0855,102.2358,22.273
502.0,2.0,52.70837,-39.694050000000004,102.2358,24.500300000000003
502.0,3.0,65.1953,-46.3551,136.2936,22.867
502.0,3.0,71.71483,-50.990610000000004,136.2936,25.153700000000004
502.0,4.0,83.0431,-55.7054,170.353,23.5709
502.0,4.0,91.34741,-61.27594,170.353,25.927990000000005
503.0,0.0,11.3665,16.4191,-32.2071,7.5813
503.0,0.0,12.503150000000002,18.061010000000003,-32.2071,8.33943
503.0,1.0,25.8294,30.5073,-64.4016,8.1027
503.0,1.0,28.41234,33.55803,-64.4016,8.912970000000001
503.0,2.0,43.1104,41.7509,-96.564,8.8193
503.0,2.0,47.421440000000004,45.925990000000006,-96.564,9.70123
503.0,3.0,62.665,49.7728,-128.7746,9.4119
503.0,3.0,68.9315,54.750080000000004,-128.7746,10.35309
503.0,4.0,84.0499,54.2314,-160.9774,10.2765
503.0,4.0,92.45489,59.654540000000004,-160.9774,11.304150000000002
504.0,0.0,-17.8991,-8.8797,-105.4296,19.9799
504.0,0.0,-19.689010000000003,-9.76767,-105.4296,21.977890000000002
504.0,1.0,-34.9065,-19.4786,-210.8613,20.9924
504.0,1.0,-38.39715,-21.426460000000002,-210.8613,23.09164
504.0,2.0,-50.9141,-31.8172,-316.3262,21.4406
504.0,2.0,-56.00551,-34.998920000000005,-316.3262,23.584660000000003
504.0,3.0,-65.6464,-45.6973,-421.7544,22.2257
504.0,3.0,-72.21104000000001,-50.267030000000005,-421.7544,24.44827
504.0,4.0,-79.1484,-61.1292,-527.1546,22.8943
504.0,4.0,-87.06324000000001,-67.24212,-527.1546,25.183730000000004
505.0,0.0,19.4226,4.7986,118.0335,17.9803
505.0,0.0,21.36486,5.278460000000001,118.0335,19.77833
505.0,1.0,39.3928,6.8479,236.0935,18.6013
505.0,1.0,43.332080000000005,7.5326900000000006,236.0935,20.46143
505.0,2.0,59.7109,5.986,354.1446,19.2718
505.0,2.0,65.68199000000001,6.5846,354.1446,21.19898
505.0,3.0,79.9883,2.2564,472.187,20.0762
505.0,3.0,87.98713000000001,2.4820400000000005,472.187,22.083820000000003
505.0,4.0,99.9087,-4.3071,590.2375,20.5102
505.0,4.0,109.89957000000001,-4.7378100000000005,590.2375,22.561220000000002
506.0,0.0,17.2824,-10.0925,35.0203,21.5926
506.0,0.0,19.010640000000002,-11.101750000000001,35.0203,23.751860000000004
506.0,1.0,35.9088,-17.5584,70.0588,22.1911
506.0,1.0,39.499680000000005,-19.31424,70.0588,24.41021
506.0,2.0,55.7171,-22.2751,105.0337,22.9845
506.0,2.0,61.288810000000005,-24.50261,105.0337,25.282950000000003
506.0,3.0,76.2785,-24.1708,140.0096,23.7945
506.0,3.0,83.90635,-26.587880000000002,140.0096,26.17395
506.0,4.0,97.3046,-23.0904,175.0095,24.352
506.0,4.0,107.03506,-25.399440000000002,175.0095,26.787200000000002
507.0,0.0,11.5343,-16.3137,69.5306,5.0339
507.0,0.0,12.68773,-17.94507,69.5306,5.5372900000000005
507.0,1.0,31.6616,-24.4652,139.068,5.6137
507.0,1.0,34.827760000000005,-26.911720000000003,139.068,6.17507
507.0,2.0,56.2006,-21.0919,208.5813,6.3675
507.0,2.0,61.820660000000004,-23.20109,208.5813,7.00425
507.0,3.0,79.8409,-4.8297,278.1189,7.3038
507.0,3.0,87.82499000000001,-5.312670000000001,278.1189,8.034180000000001
507.0,4.0,97.1647,23.5974,347.6201,7.8728
507.0,4.0,106.88117000000001,25.957140000000003,347.6201,8.66008
508.0,0.0,-10.2033,17.2191,-2.5433,13.0076
508.0,0.0,-11.223630000000002,18.941010000000002,-2.5433,14.30836
508.0,1.0,-19.2133,35.1113,-5.1183,13.6925
508.0,1.0,-21.13463,38.62243,-5.1183,15.061750000000002
508.0,2.0,-26.9839,53.595,-7.6623,14.2804
508.0,2.0,-29.682290000000002,58.9545,-7.6623,15.708440000000001
508.0,3.0,-33.5913,72.5958,-10.1816,15.0225
508.0,3.0,-36.95043,79.85538,-10.1816,16.52475
508.0,4.0,-38.9425,92.0927,-12.7752,15.6589
508.0,4.0,-42.83675000000001,101.30197,-12.7752,17.22479
509.0,0.0,18.3334,7.9481,75.3555,8.2816
509.0,0.0,20.166740000000004,8.74291,75.3555,9.10976
509.0,1.0,36.0781,17.2278,150.6967,8.609
509.0,1.0,39.68591,18.95058,150.6967,9.4699
509.0,2.0,53.2086,27.738,226.0773,9.4358
509.0,2.0,58.52946,30.5118,226.0773,10.379380000000001
509.0,3.0,69.6053,39.4879,301.3821,10.0339
509.0,3.0,76.56583,43.436690000000006,301.3821,11.03729
509.0,4.0,85.1488,52.411,376.7716,10.8058
509.0,4.0,93.66368,57.652100000000004,376.7716,11.88638
510.0,0.0,-1.4868,19.9394,117.3642,5.489
510.0,0.0,-1.63548,21.93334,117.3642,6.0379000000000005
510.0,1.0,-4.0635,39.8223,234.753,6.2308
510.0,1.0,-4.469850000000001,43.80453,234.753,6.853880000000001
510.0,2.0,-7.6207,59.5019,352.0961,6.7411
510.0,2.0,-8.38277,65.45209,352.0961,7.415210000000001
510.0,3.0,-12.0759,79.0718,469.4282,7.4107
510.0,3.0,-13.283490000000002,86.97898,469.4282,8.15177
510.0,4.0,-17.6635,98.4235,586.7937,8.1935
510.0,4.0,-19.429850000000002,108.26585000000001,586.7937,9.01285
511.0,0.0,-14.4697,-13.7737,-84.021,18.4827
511.0,0.0,-15.916670000000002,-15.15107,-84.021,20.330970000000004
511.0,1.0,-31.4773,-24.6976,-168.0303,19.1569
511.0,1.0,-34.62503,-27.167360000000002,-168.0303,21.07259
511.0,2.0,-50.5785,-32.2807,-252.091,19.9333
511.0,2.0,-55.63635,-35.508770000000005,-252.091,21.92663
511.0,3.0,-71.2429,-36.3852,-336.1188,20.6055
511.0,3.0,-78.36719000000001,-40.02372,-336.1188,22.666050000000002
511.0,4.0,-93.0134,-36.7442,-420.1152,21.1955
511.0,4.0,-102.31474000000001,-40.418620000000004,-420.1152,23.31505
512.0,0.0,10.6414,-16.9441,25.6334,22.8595
512.0,0.0,11.705540000000003,-18.63851,25.6334,25.145450000000004
512.0,1.0,20.4645,-34.3589,51.2566,23.382
512.0,1.0,22.510950000000005,-37.79479,51.2566,25.720200000000002
512.0,2.0,29.5052,-52.2286,76.95,23.9534
512.0,2.0,32.45572,-57.451460000000004,76.95,26.34874
512.0,3.0,37.7089,-70.5248,102.5999,24.8239
512.0,3.0,41.47979,-77.57728,102.5999,27.30629
512.0,4.0,45.1001,-89.2595,128.288,25.6114
512.0,4.0,49.61011,-98.18545000000002,128.288,28.17254
513.0,0.0,16.7676,10.876,-66.7491,7.3123
513.0,0.0,18.444360000000003,11.9636,-66.7491,8.04353
513.0,1.0,36.5551,16.2196,-133.455,7.734
513.0,1.0,40.21061000000001,17.84156,-133.455,8.5074
513.0,2.0,58.038,15.2451,-200.2155,8.2594
513.0,2.0,63.8418,16.769610000000004,-200.2155,9.08534
513.0,3.0,79.5778,7.7869,-266.9505,9.1581
513.0,3.0,87.53558,8.56559,-266.9505,10.07391
513.0,4.0,99.8289,-6.2188,-333.6785,9.8313
513.0,4.0,109.81179000000002,-6.840680000000001,-333.6785,10.814430000000002
514.0,0.0,-15.8895,12.2048,22.6205,12.2134
514.0,0.0,-17.478450000000002,13.425280000000003,22.6205,13.434740000000001
514.0,1.0,-29.7786,26.6615,45.2993,12.9303
514.0,1.0,-32.756460000000004,29.327650000000002,45.2993,14.223330000000002
514.0,2.0,-41.6317,43.2259,67.9139,13.5954
514.0,2.0,-45.79487,47.54849000000001,67.9139,14.95494
514.0,3.0,-51.0668,61.5523,90.5465,14.2395
514.0,3.0,-56.173480000000005,67.70753,90.5465,15.663450000000001
514.0,4.0,-57.9703,81.5012,113.2081,14.9817
514.0,4.0,-63.76733000000001,89.65132,113.2081,16.479870000000002
515.0,0.0,-15.5201,12.6042,48.6475,11.5686
515.0,0.0,-17.072110000000002,13.864620000000002,48.6475,12.725460000000002
515.0,1.0,-30.0408,26.415,97.3606,12.1613
515.0,1.0,-33.044880000000006,29.0565,97.3606,13.377430000000002
515.0,2.0,-43.4577,41.3506,145.9789,12.9779
515.0,2.0,-47.803470000000004,45.48566,145.9789,14.27569
515.0,3.0,-55.7142,57.4271,194.7148,13.6288
515.0,3.0,-61.28562,63.169810000000005,194.7148,14.99168
515.0,4.0,-66.7868,74.4614,243.3001,14.257
515.0,4.0,-73.46548,81.90754,243.3001,15.6827
516.0,0.0,-18.8643,-6.8046,88.6008,20.0822
516.0,0.0,-20.75073,-7.485060000000001,88.6008,22.09042
516.0,1.0,-36.8072,-15.6649,177.0945,20.6794
516.0,1.0,-40.48792,-17.23139,177.0945,22.747340000000005
516.0,2.0,-53.7474,-26.5762,265.6189,21.5582
516.0,2.0,-59.12214,-29.23382,265.6189,23.71402
516.0,3.0,-69.6401,-39.4106,354.2005,22.023
516.0,3.0,-76.60411,-43.35166,354.2005,24.2253
516.0,4.0,-84.1058,-54.0389,442.786,22.6065
516.0,4.0,-92.51638000000001,-59.44279,442.786,24.867150000000002
517.0,0.0,14.1934,14.1357,35.702,13.3823
517.0,0.0,15.612740000000002,15.549270000000002,35.702,14.720530000000002
517.0,1.0,36.1168,17.213,71.4415,14.0585
517.0,1.0,39.72848,18.934300000000004,71.4415,15.464350000000001
517.0,2.0,59.6577,6.2069,107.2198,14.9378
517.0,2.0,65.62347,6.827590000000001,107.2198,16.43158
517.0,3.0,77.7771,-18.681,142.9067,15.2863
517.0,3.0,85.55481000000002,-20.549100000000003,142.9067,16.81493
517.0,4.0,83.8555,-54.4678,178.5879,16.0152
517.0,4.0,92.24105000000002,-59.91458,178.5879,17.61672
518.0,0.0,11.9239,16.0524,31.4619,20.3006
518.0,0.0,13.116290000000001,17.65764,31.4619,22.33066
518.0,1.0,26.6128,29.8572,62.9233,20.9807
518.0,1.0,29.27408,32.84292,62.9233,23.078770000000002
518.0,2.0,43.7256,41.0634,94.3893,21.5331
518.0,2.0,48.09816000000001,45.169740000000004,94.3893,23.686410000000002
518.0,3.0,62.9315,49.3781,125.8402,22.1837
518.0,3.0,69.22465000000001,54.31591000000001,125.8402,24.402070000000005
518.0,4.0,83.8695,54.4885,157.3195,22.8321
518.0,4.0,92.25645000000002,59.93735000000001,157.3195,25.11531
519.0,0.0,14.3243,-13.9776,-38.8218,25.1446
519.0,0.0,15.756730000000001,-15.375360000000002,-38.8218,27.659060000000004
519.0,1.0,27.5661,-29.0596,-77.6434,26.0572
519.0,1.0,30.32271,-31.965560000000004,-77.6434,28.662920000000003
519.0,2.0,39.6551,-45.0062,-116.4451,26.5198
519.0,2.0,43.62061,-49.506820000000005,-116.4451,29.171780000000002
519.0,3.0,50.7172,-61.9181,-155.2689,27.3537
519.0,3.0,55.788920000000005,-68.10991000000001,-155.2689,30.089070000000003
519.0,4.0,60.5484,-79.5856,-194.0583,27.9195
519.0,4.0,66.60324,-87.54416,-194.0583,30.711450000000003
520.0,0.0,7.9452,18.3975,83.9316,14.4341
520.0,0.0,8.73972,20.237250000000003,83.9316,15.877510000000003
520.0,1.0,16.8924,36.2654,167.793,14.7751
520.0,1.0,18.58164,39.891940000000005,167.793,16.25261
520.0,2.0,26.9386,53.5599,251.7233,15.8058
520.0,2.0,29.632460000000002,58.915890000000005,251.7233,17.386380000000003
520.0,3.0,38.0666,70.3984,335.5864,16.4367
520.0,3.0,41.87326,77.43824000000001,335.5864,18.08037
520.0,4.0,50.102,86.5139,419.5706,17.0432
520.0,4.0,55.1122,95.16529000000001,419.5706,18.74752
521.0,0.0,17.6434,-9.4578,-30.0885,12.1829
521.0,0.0,19.40774,-10.403580000000002,-30.0885,13.401190000000001
521.0,1.0,33.4016,-21.9726,-60.1032,13.1007
521.0,1.0,36.741760000000006,-24.169860000000003,-60.1032,14.410770000000001
521.0,2.0,46.8682,-37.4178,-90.1659,13.5241
521.0,2.0,51.555020000000006,-41.159580000000005,-90.1659,14.876510000000001
521.0,3.0,57.7363,-55.4748,-120.2164,14.2945
521.0,3.0,63.509930000000004,-61.02228000000001,-120.2164,15.72395
521.0,4.0,65.4172,-75.6469,-150.2615,15.0018
521.0,4.0,71.95892,-83.21159000000002,-150.2615,16.50198
522.0,0.0,7.8032,18.4198,-44.379,22.5597
522.0,0.0,8.583520000000002,20.26178,-44.379,24.81567
522.0,1.0,4.9769,39.6996,-88.74,23.3778
522.0,1.0,5.47459,43.66956,-88.74,25.715580000000003
522.0,2.0,-9.0151,59.3197,-133.0991,23.9074
522.0,2.0,-9.91661,65.25167,-133.0991,26.29814
522.0,3.0,-33.0778,72.819,-177.4776,24.5827
522.0,3.0,-36.385580000000004,80.10090000000001,-177.4776,27.04097
522.0,4.0,-64.5284,76.4062,-221.8779,25.4286
522.0,4.0,-70.98124000000001,84.04682000000001,-221.8779,27.97146
523.0,0.0,-13.2168,15.0035,54.1237,10.3699
523.0,0.0,-14.53848,16.503850000000003,54.1237,11.40689
523.0,1.0,-27.8254,28.7422,108.265,11.1492
523.0,1.0,-30.60794,31.61642,108.265,12.264120000000002
523.0,2.0,-43.6424,41.1264,162.4284,11.6153
523.0,2.0,-48.006640000000004,45.23904,162.4284,12.77683
523.0,3.0,-60.7582,52.0363,216.5703,12.2777
523.0,3.0,-66.83402000000001,57.23993,216.5703,13.50547
523.0,4.0,-78.8559,61.4619,270.6858,12.8815
523.0,4.0,-86.74149000000001,67.60809,270.6858,14.169650000000003
524.0,0.0,11.3215,-16.4942,-93.6977,20.854
524.0,0.0,12.453650000000001,-18.143620000000002,-93.6977,22.939400000000003
524.0,1.0,21.8533,-33.4788,-187.4835,21.4794
524.0,1.0,24.03863,-36.82668,-187.4835,23.62734
524.0,2.0,31.6159,-50.9423,-281.2136,22.2294
524.0,2.0,34.77749,-56.036530000000006,-281.2136,24.45234
524.0,3.0,40.6203,-68.9582,-374.9487,22.6501
524.0,3.0,44.68233000000001,-75.85402,-374.9487,24.91511
524.0,4.0,48.74,-87.3274,-468.7203,23.3452
524.0,4.0,53.614000000000004,-96.06014,-468.7203,25.67972
525.0,0.0,14.9927,13.2839,-44.1283,1.4594
525.0,0.0,16.491970000000002,14.61229,-44.1283,1.6053400000000002
525.0,1.0,31.398,24.8286,-88.2733,2.1854
525.0,1.0,34.537800000000004,27.311460000000004,-88.2733,2.4039400000000004
525.0,2.0,49.0118,34.6387,-132.432,2.7876
525.0,2.0,53.912980000000005,38.10257,-132.432,3.06636
525.0,3.0,67.7205,42.5848,-176.5437,3.5348
525.0,3.0,74.49255000000001,46.84328000000001,-176.5437,3.8882800000000004
525.0,4.0,87.3848,48.6353,-220.7199,4.1696
525.0,4.0,96.12328000000001,53.498830000000005,-220.7199,4.58656
526.0,0.0,-15.8348,12.2623,-33.9591,20.4981
526.0,0.0,-17.41828,13.48853,-33.9591,22.54791
526.0,1.0,-28.9269,27.6091,-67.9452,21.1533
526.0,1.0,-31.81959,30.370010000000004,-67.9452,23.268630000000005
526.0,2.0,-38.927,45.7003,-101.9069,21.6732
526.0,2.0,-42.819700000000005,50.27033,-101.9069,23.840520000000005
526.0,3.0,-45.3059,65.932,-135.8142,22.4267
526.0,3.0,-49.836490000000005,72.52520000000001,-135.8142,24.66937
526.0,4.0,-47.8295,87.8145,-169.7791,23.1016
526.0,4.0,-52.61245000000001,96.59595,-169.7791,25.411760000000005
527.0,0.0,7.7196,18.436,18.6187,21.7976
527.0,0.0,8.49156,20.279600000000002,18.6187,23.97736
527.0,1.0,13.8071,37.5087,37.2434,22.4027
527.0,1.0,15.18781,41.259570000000004,37.2434,24.642970000000002
527.0,2.0,18.2229,57.1681,55.8689,23.2236
527.0,2.0,20.04519,62.884910000000005,55.8689,25.545960000000004
527.0,3.0,20.9065,77.2188,74.5126,23.8098
527.0,3.0,22.997150000000005,84.94068000000001,74.5126,26.19078
527.0,4.0,21.9139,97.5926,93.0419,24.4209
527.0,4.0,24.105290000000004,107.35186000000002,93.0419,26.862990000000003
528.0,0.0,-2.1508,19.8935,11.1842,5.5671
528.0,0.0,-2.36588,21.88285,11.1842,6.123810000000001
528.0,1.0,-7.2309,39.3714,22.3396,6.1644
528.0,1.0,-7.953990000000001,43.30854000000001,22.3396,6.78084
528.0,2.0,-15.174,58.0412,33.4877,6.745
528.0,2.0,-16.6914,63.84532000000001,33.4877,7.419500000000001
528.0,3.0,-25.8195,75.7171,44.6332,7.6261
528.0,3.0,-28.401450000000004,83.28881000000001,44.6332,8.388710000000001
528.0,4.0,-39.1568,92.0044,55.8121,8.1759
528.0,4.0,-43.07248,101.20484000000002,55.8121,8.993490000000001
529.0,0.0,-4.3318,-19.5654,-30.0821,14.3621
529.0,0.0,-4.76498,-21.52194,-30.0821,15.79831
529.0,1.0,-7.0171,-39.3729,-60.1601,15.2634
529.0,1.0,-7.71881,-43.310190000000006,-60.1601,16.789740000000002
529.0,2.0,-7.9529,-59.4882,-90.1979,15.8255
529.0,2.0,-8.748190000000001,-65.43702,-90.1979,17.408050000000003
529.0,3.0,-7.1051,-79.676,-120.2742,16.5577
529.0,3.0,-7.815610000000001,-87.6436,-120.2742,18.21347
529.0,4.0,-4.5572,-99.9276,-150.3236,17.2492
529.0,4.0,-5.01292,-109.92036,-150.3236,18.97412
530.0,0.0,19.683,3.3751,-11.3136,2.8534
530.0,0.0,21.651300000000003,3.7126100000000006,-11.3136,3.1387400000000003
530.0,1.0,39.2073,7.8657,-22.5695,3.5856
530.0,1.0,43.12803,8.652270000000001,-22.5695,3.94416
530.0,2.0,58.4892,13.3945,-33.8755,4.1832
530.0,2.0,64.33812,14.733950000000002,-33.8755,4.601520000000001
530.0,3.0,77.4632,19.9849,-45.1499,4.8021
530.0,3.0,85.20952000000001,21.98339,-45.1499,5.282310000000001
530.0,4.0,96.1388,27.655,-56.4795,5.4748
530.0,4.0,105.75268000000001,30.420500000000004,-56.4795,6.02228
531.0,0.0,-16.1415,-11.783,46.2997,2.7352
531.0,0.0,-17.755650000000003,-12.9613,46.2997,3.0087200000000003
531.0,1.0,-20.1319,-34.572,92.6227,3.3862
531.0,1.0,-22.145090000000003,-38.0292,92.6227,3.7248200000000002
531.0,2.0,-6.835,-59.6097,138.9473,3.9408
531.0,2.0,-7.5185,-65.57067,138.9473,4.33488
531.0,3.0,23.6865,-76.4613,185.2598,4.808
531.0,3.0,26.05515,-84.10743,185.2598,5.2888
531.0,4.0,65.484,-75.6378,231.5727,5.299
531.0,4.0,72.0324,-83.20158,231.5727,5.828900000000001
532.0,0.0,-17.1957,-10.2743,-42.002,22.6887
532.0,0.0,-18.91527,-11.301730000000001,-42.002,24.957570000000004
532.0,1.0,-31.3426,-24.8549,-84.0817,23.5108
532.0,1.0,-34.47686,-27.340390000000003,-84.0817,25.861880000000003
532.0,2.0,-41.7432,-43.0908,-126.077,24.1406
532.0,2.0,-45.91752,-47.39988,-126.077,26.554660000000002
532.0,3.0,-47.6993,-64.2146,-168.0974,24.6669
532.0,3.0,-52.46923,-70.63606000000001,-168.0974,27.13359
532.0,4.0,-48.6144,-87.3736,-210.1609,25.2614
532.0,4.0,-53.475840000000005,-96.11096,-210.1609,27.78754
533.0,0.0,6.6114,-18.8891,90.4555,4.3485
533.0,0.0,7.27254,-20.778010000000002,90.4555,4.7833499999999995
533.0,1.0,11.9549,-38.1859,180.8437,4.8605
533.0,1.0,13.150390000000002,-42.00449,180.8437,5.346550000000001
533.0,2.0,16.0311,-57.8399,271.2775,5.5215
533.0,2.0,17.63421,-63.62389,271.2775,6.07365
533.0,3.0,18.8789,-77.7571,361.7443,6.3309
533.0,3.0,20.766790000000004,-85.53281,361.7443,6.96399
533.0,4.0,20.3614,-97.897,452.1658,7.0965
533.0,4.0,22.397540000000003,-107.68670000000002,452.1658,7.806150000000001
534.0,0.0,14.1325,14.1614,-65.5697,16.9702
534.0,0.0,15.545750000000002,15.577540000000003,-65.5697,18.66722
534.0,1.0,29.9874,26.4791,-131.117,17.5607
534.0,1.0,32.986140000000006,29.127010000000002,-131.117,19.31677
534.0,2.0,47.4278,36.7751,-196.6909,18.3051
534.0,2.0,52.17058,40.45261000000001,-196.6909,20.13561
534.0,3.0,66.2581,44.7861,-262.3282,18.9956
534.0,3.0,72.88391,49.26471,-262.3282,20.89516
534.0,4.0,86.2578,50.5466,-327.885,19.7212
534.0,4.0,94.88358000000001,55.60126,-327.885,21.69332
535.0,0.0,12.9588,15.185,29.6216,8.2225
535.0,0.0,14.25468,16.703500000000002,29.6216,9.04475
535.0,1.0,27.4837,29.0567,59.2718,8.8099
535.0,1.0,30.23207,31.962370000000004,59.2718,9.690890000000001
535.0,2.0,43.3685,41.4065,88.9384,9.546
535.0,2.0,47.70535,45.54715,88.9384,10.5006
535.0,3.0,60.5718,52.2452,118.6174,10.1458
535.0,3.0,66.62898000000001,57.46972,118.6174,11.16038
535.0,4.0,78.998,61.3532,148.2569,10.7111
535.0,4.0,86.89780000000002,67.48852000000001,148.2569,11.782210000000001
536.0,0.0,-11.3839,16.4303,84.6319,14.6561
536.0,0.0,-12.522290000000002,18.073330000000002,84.6319,16.12171
536.0,1.0,-21.4236,33.772,169.2306,15.0576
536.0,1.0,-23.565960000000004,37.1492,169.2306,16.563360000000003
536.0,2.0,-30.1992,51.8425,253.915,15.9355
536.0,2.0,-33.219120000000004,57.02675000000001,253.915,17.52905
536.0,3.0,-37.6002,70.5864,338.465,16.5691
536.0,3.0,-41.360220000000005,77.64504000000001,338.465,18.22601
536.0,4.0,-43.5861,90.0081,423.1447,17.3114
536.0,4.0,-47.94471000000001,99.00891,423.1447,19.04254
537.0,0.0,-14.1472,14.1071,-29.3275,23.3722
537.0,0.0,-15.56192,15.517810000000003,-29.3275,25.70942
537.0,1.0,-26.8278,29.7064,-58.6465,24.054
537.0,1.0,-29.51058,32.67704,-58.6465,26.459400000000002
537.0,2.0,-37.9364,46.4816,-88.0423,24.518
537.0,2.0,-41.73004,51.129760000000005,-88.0423,26.969800000000003
537.0,3.0,-47.4099,64.4497,-117.3835,25.362
537.0,3.0,-52.150890000000004,70.89467000000002,-117.3835,27.8982
537.0,4.0,-55.1484,83.4192,-146.7722,26.098
537.0,4.0,-60.66324000000001,91.76112,-146.7722,28.707800000000002
538.0,0.0,-8.8508,-17.9171,-60.8688,20.4377
538.0,0.0,-9.73588,-19.708810000000003,-60.8688,22.48147
538.0,1.0,-18.6196,-35.3992,-121.7905,21.1892
538.0,1.0,-20.481559999999998,-38.93912,-121.7905,23.308120000000002
538.0,2.0,-29.292,-52.349,-182.6172,21.863
538.0,2.0,-32.2212,-57.5839,-182.6172,24.049300000000002
538.0,3.0,-40.7958,-68.8034,-243.5355,22.2853
538.0,3.0,-44.87538000000001,-75.68374,-243.5355,24.513830000000002
538.0,4.0,-53.2143,-84.7141,-304.407,23.2123
538.0,4.0,-58.53573000000001,-93.18551000000001,-304.407,25.533530000000003
539.0,0.0,-1.4751,-19.934,27.2272,13.0333
539.0,0.0,-1.62261,-21.927400000000002,27.2272,14.336630000000001
539.0,1.0,-1.8078,-39.9271,54.4548,13.9279
539.0,1.0,-1.9885800000000002,-43.919810000000005,54.4548,15.32069
539.0,2.0,-0.9698,-59.9846,81.6896,14.6355
539.0,2.0,-1.06678,-65.98306000000001,81.6896,16.099050000000002
539.0,3.0,1.0947,-80.0083,108.893,15.0203
539.0,3.0,1.2041700000000002,-88.00913000000001,108.893,16.522330000000004
539.0,4.0,4.2839,-99.9192,136.1092,15.8765
539.0,4.0,4.71229,-109.91112000000001,136.1092,17.46415
540.0,0.0,-2.9782,-19.8066,-22.9643,4.5896
540.0,0.0,-3.2760200000000004,-21.78726,-22.9643,5.04856
540.0,1.0,-4.6733,-39.7468,-45.8774,5.4016
540.0,1.0,-5.140630000000001,-43.72148000000001,-45.8774,5.94176
540.0,2.0,-5.1658,-59.7636,-68.8187,5.9763
540.0,2.0,-5.68238,-65.73996,-68.8187,6.573930000000001
540.0,3.0,-4.4202,-79.8984,-91.7595,6.5618
540.0,3.0,-4.862220000000001,-87.88824,-91.7595,7.217980000000001
540.0,4.0,-2.3436,-99.9725,-114.7163,7.2366
540.0,4.0,-2.57796,-109.96975,-114.7163,7.960260000000001
541.0,0.0,-2.4246,-19.8259,-23.6844,5.4509
541.0,0.0,-2.66706,-21.808490000000003,-23.6844,5.99599
541.0,1.0,-3.8126,-39.8344,-47.4112,6.1812
541.0,1.0,-4.193860000000001,-43.817840000000004,-47.4112,6.79932
541.0,2.0,-4.1561,-59.8107,-71.1133,6.697
541.0,2.0,-4.57171,-65.79177,-71.1133,7.366700000000001
541.0,3.0,-3.4109,-79.923,-94.8588,7.4994
541.0,3.0,-3.75199,-87.9153,-94.8588,8.24934
541.0,4.0,-1.6277,-100.0181,-118.5463,8.2535
541.0,4.0,-1.79047,-110.01991000000001,-118.5463,9.078850000000001
542.0,0.0,18.2559,-8.1916,11.4734,19.46
542.0,0.0,20.081490000000002,-9.01076,11.4734,21.406000000000002
542.0,1.0,27.5657,-29.0277,22.9954,20.0508
542.0,1.0,30.322270000000003,-31.930470000000003,22.9954,22.055880000000002
542.0,2.0,21.717,-55.8996,34.4736,20.8468
542.0,2.0,23.8887,-61.489560000000004,34.4736,22.931480000000004
542.0,3.0,-1.4575,-79.9822,45.998,21.5164
542.0,3.0,-1.60325,-87.98042000000001,45.998,23.66804
542.0,4.0,-39.605,-91.8213,57.4541,22.034
542.0,4.0,-43.5655,-101.00343,57.4541,24.2374
543.0,0.0,17.4211,-9.7864,-42.5036,21.4653
543.0,0.0,19.16321,-10.76504,-42.5036,23.61183
543.0,1.0,33.5855,-21.6682,-84.9733,21.9399
543.0,1.0,36.944050000000004,-23.83502,-84.9733,24.133890000000005
543.0,2.0,48.359,-35.5243,-127.4324,22.7187
543.0,2.0,53.194900000000004,-39.07673,-127.4324,24.99057
543.0,3.0,61.4675,-51.2212,-169.9348,23.3692
543.0,3.0,67.61425000000001,-56.343320000000006,-169.9348,25.706120000000002
543.0,4.0,72.7553,-68.5935,-212.3697,24.0553
543.0,4.0,80.03083000000001,-75.45285000000001,-212.3697,26.46083
544.0,0.0,-19.3856,-4.8309,-12.6701,10.7731
544.0,0.0,-21.324160000000003,-5.31399,-12.6701,11.85041
544.0,1.0,-39.0743,-8.705,-25.3527,11.2294
544.0,1.0,-42.981730000000006,-9.575500000000002,-25.3527,12.352340000000002
544.0,2.0,-58.8774,-11.637,-37.9939,12.0717
544.0,2.0,-64.76514,-12.8007,-37.9939,13.278870000000001
544.0,3.0,-78.806,-13.5978,-50.6465,12.6755
544.0,3.0,-86.6866,-14.95758,-50.6465,13.943050000000001
544.0,4.0,-98.9493,-14.5686,-63.2572,13.3058
544.0,4.0,-108.84423,-16.025460000000002,-63.2572,14.63638
545.0,0.0,-14.4736,-13.8013,-7.8417,2.9648
545.0,0.0,-15.920960000000001,-15.18143,-7.8417,3.26128
545.0,1.0,-26.7521,-29.6964,-15.675,3.7117
545.0,1.0,-29.427310000000002,-32.66604,-15.675,4.082870000000001
545.0,2.0,-36.5676,-47.614,-23.5329,4.1527
545.0,2.0,-40.224360000000004,-52.3754,-23.5329,4.567970000000001
545.0,3.0,-43.6735,-67.0093,-31.3922,4.9222
545.0,3.0,-48.04085,-73.71023,-31.3922,5.414420000000001
545.0,4.0,-47.8716,-87.7656,-39.2022,5.7052
545.0,4.0,-52.65876000000001,-96.54216000000001,-39.2022,6.27572
546.0,0.0,-19.9649,1.029,49.9732,2.1713
546.0,0.0,-21.96139,1.1319,49.9732,2.38843
546.0,1.0,-39.7867,-4.005,99.8798,2.9575
546.0,1.0,-43.765370000000004,-4.4055,99.8798,3.2532500000000004
546.0,2.0,-58.0838,-15.0988,149.8496,3.5775
546.0,2.0,-63.89218,-16.608680000000003,149.8496,3.9352500000000004
546.0,3.0,-73.4634,-31.635,199.7991,4.315
546.0,3.0,-80.80974,-34.798500000000004,199.7991,4.746500000000001
546.0,4.0,-84.7188,-53.1256,249.7969,4.9429
546.0,4.0,-93.19068000000001,-58.43816,249.7969,5.43719
547.0,0.0,-7.698,-18.4303,49.6949,10.175
547.0,0.0,-8.4678,-20.27333,49.6949,11.192500000000003
547.0,1.0,-14.4561,-37.2909,99.407,10.7327
547.0,1.0,-15.901710000000001,-41.01999000000001,99.407,11.80597
547.0,2.0,-20.3153,-56.4525,149.0917,11.4415
547.0,2.0,-22.346830000000004,-62.097750000000005,149.0917,12.585650000000001
547.0,3.0,-25.1773,-75.9119,198.7956,12.1857
547.0,3.0,-27.695030000000003,-83.50309000000001,198.7956,13.404270000000002
547.0,4.0,-29.1044,-95.6692,248.5201,12.6514
547.0,4.0,-32.01484,-105.23612000000001,248.5201,13.916540000000001
548.0,0.0,13.092,15.0592,-44.928,22.8557
548.0,0.0,14.401200000000001,16.56512,-44.928,25.141270000000002
548.0,1.0,27.6834,28.846,-89.8516,23.5404
548.0,1.0,30.45174,31.730600000000003,-89.8516,25.894440000000003
548.0,2.0,43.5509,41.2373,-134.7503,24.1055
548.0,2.0,47.90599,45.36103,-134.7503,26.51605
548.0,3.0,60.6455,52.1847,-179.6779,24.712
548.0,3.0,66.71005000000001,57.40317,-179.6779,27.183200000000003
548.0,4.0,78.824,61.4943,-224.5603,25.4559
548.0,4.0,86.7064,67.64373,-224.5603,28.00149
549.0,0.0,-13.7294,14.5096,62.7676,0.9587
549.0,0.0,-15.102340000000002,15.960560000000003,62.7676,1.05457
549.0,1.0,-28.7931,27.7324,125.4871,1.4841
549.0,1.0,-31.672410000000003,30.50564,125.4871,1.6325100000000001
549.0,2.0,-45.1908,39.5008,188.2654,2.1811
549.0,2.0,-49.709880000000005,43.45088,188.2654,2.39921
549.0,3.0,-62.6405,49.7797,251.0127,2.9628
549.0,3.0,-68.90455000000001,54.757670000000005,251.0127,3.2590800000000004
549.0,4.0,-81.1478,58.4292,313.764,3.4182
549.0,4.0,-89.26258000000001,64.27212,313.764,3.7600200000000004
550.0,0.0,10.814,-16.8103,23.6429,21.0162
550.0,0.0,11.8954,-18.491330000000005,23.6429,23.117820000000002
550.0,1.0,28.758,-27.7657,47.2483,21.7841
550.0,1.0,31.6338,-30.542270000000002,47.2483,23.96251
550.0,2.0,51.6295,-30.5723,70.8799,22.2921
550.0,2.0,56.79245,-33.62953,70.8799,24.521310000000003
550.0,3.0,76.3519,-23.8127,94.5177,22.9726
550.0,3.0,83.98709000000001,-26.19397,94.5177,25.26986
550.0,4.0,99.7896,-6.9962,118.1456,23.7814
550.0,4.0,109.76856000000001,-7.69582,118.1456,26.159540000000003
551.0,0.0,3.3372,-19.7244,43.557,7.8886
551.0,0.0,3.6709200000000006,-21.69684,43.557,8.677460000000002
551.0,1.0,1.4076,-39.9554,87.1485,8.6528
551.0,1.0,1.5483600000000002,-43.95094,87.1485,9.51808
551.0,2.0,-5.8877,-59.6772,130.6704,9.0011
551.0,2.0,-6.47647,-65.64492,130.6704,9.90121
551.0,3.0,-18.2891,-77.8706,174.2411,9.9685
551.0,3.0,-20.11801,-85.65766,174.2411,10.96535
551.0,4.0,-35.5693,-93.4883,217.7852,10.4796
551.0,4.0,-39.12623,-102.83713,217.7852,11.527560000000001
552.0,0.0,-9.6742,17.495,16.4076,16.7707
552.0,0.0,-10.641620000000001,19.244500000000002,16.4076,18.447770000000002
552.0,1.0,-20.4602,34.3563,32.8169,17.4435
552.0,1.0,-22.506220000000003,37.79193,32.8169,19.18785
552.0,2.0,-32.3217,50.5704,49.1361,17.908
552.0,2.0,-35.55387,55.62744000000001,49.1361,19.698800000000002
552.0,3.0,-45.2499,65.9983,65.5533,18.8888
552.0,3.0,-49.77489,72.59813000000001,65.5533,20.77768
552.0,4.0,-59.1693,80.6381,81.9465,19.5794
552.0,4.0,-65.08623,88.70191,81.9465,21.53734
553.0,0.0,11.16,16.5608,31.5317,5.9732
553.0,0.0,12.276000000000002,18.216880000000003,31.5317,6.570520000000001
553.0,1.0,23.2328,32.5457,63.059,6.6909
553.0,1.0,25.55608,35.80027,63.059,7.359990000000001
553.0,2.0,36.2092,47.8692,94.5367,7.2672
553.0,2.0,39.83012000000001,52.65612,94.5367,7.99392
553.0,3.0,49.9996,62.4225,126.0699,7.9883
553.0,3.0,54.99956,68.66475,126.0699,8.787130000000001
553.0,4.0,64.568,76.3668,157.546,8.5901
553.0,4.0,71.0248,84.00348000000001,157.546,9.449110000000001
554.0,0.0,5.6135,19.2283,-8.9038,6.7737
554.0,0.0,6.174850000000001,21.151130000000002,-8.9038,7.4510700000000005
554.0,1.0,14.2097,37.3912,-17.7357,7.3552
554.0,1.0,15.63067,41.13032,-17.7357,8.090720000000001
554.0,2.0,25.6749,54.2592,-26.597,8.2248
554.0,2.0,28.242390000000004,59.685120000000005,-26.597,9.04728
554.0,3.0,39.8229,69.3997,-35.4698,8.8302
554.0,3.0,43.80519,76.33967,-35.4698,9.71322
554.0,4.0,56.4128,82.5469,-44.3011,9.4626
554.0,4.0,62.05408,90.80159,-44.3011,10.40886
555.0,0.0,-1.292,19.9445,-1.8313,24.3189
555.0,0.0,-1.4212000000000002,21.938950000000002,-1.8313,26.750790000000002
555.0,1.0,-0.8764,39.9935,-3.6181,25.3089
555.0,1.0,-0.96404,43.99285,-3.6181,27.839790000000004
555.0,2.0,1.3117,59.964,-5.4431,25.8078
555.0,2.0,1.4428700000000003,65.9604,-5.4431,28.38858
555.0,3.0,5.2418,79.8505,-7.2554,26.3975
555.0,3.0,5.76598,87.83555,-7.2554,29.037250000000004
555.0,4.0,10.857,99.3998,-9.1007,27.3052
555.0,4.0,11.9427,109.33978,-9.1007,30.03572
556.0,0.0,7.3474,18.5917,-43.1687,6.7875
556.0,0.0,8.08214,20.450870000000002,-43.1687,7.4662500000000005
556.0,1.0,13.6616,37.5703,-86.3836,7.4318
556.0,1.0,15.02776,41.32733,-86.3836,8.174980000000001
556.0,2.0,18.9983,56.8981,-129.5543,7.9312
556.0,2.0,20.898130000000002,62.58791000000001,-129.5543,8.72432
556.0,3.0,23.3878,76.5545,-172.6708,8.808
556.0,3.0,25.726580000000002,84.20995,-172.6708,9.6888
556.0,4.0,26.7194,96.3581,-215.8768,9.3074
556.0,4.0,29.391340000000003,105.99391,-215.8768,10.23814
557.0,0.0,19.2672,-5.37,29.2186,13.9049
557.0,0.0,21.193920000000002,-5.907000000000001,29.2186,15.295390000000001
557.0,1.0,38.8925,-9.3509,58.4289,14.7817
557.0,1.0,42.78175,-10.28599,58.4289,16.259870000000003
557.0,2.0,58.8197,-11.9853,87.6759,15.3606
557.0,2.0,64.70167000000001,-13.183830000000002,87.6759,16.89666
557.0,3.0,78.9549,-13.1577,116.8974,16.0756
557.0,3.0,86.85039,-14.47347,116.8974,17.683160000000004
557.0,4.0,99.1349,-12.936,146.0843,16.5813
557.0,4.0,109.04839000000001,-14.229600000000001,146.0843,18.23943
558.0,0.0,-6.8397,18.7894,20.8102,3.6995
558.0,0.0,-7.52367,20.66834,20.8102,4.069450000000001
558.0,1.0,-15.5705,36.8915,41.6188,4.2307
558.0,1.0,-17.12755,40.580650000000006,41.6188,4.65377
558.0,2.0,-25.9327,54.1055,62.4161,4.9805
558.0,2.0,-28.525970000000004,59.51605000000001,62.4161,5.47855
558.0,3.0,-37.9701,70.3998,83.1839,5.6643
558.0,3.0,-41.76711,77.43978,83.1839,6.23073
558.0,4.0,-51.7318,85.6218,103.984,6.2752
558.0,4.0,-56.90498,94.18398,103.984,6.90272
559.0,0.0,-14.2368,14.0186,-68.2229,2.0381
559.0,0.0,-15.660480000000002,15.42046,-68.2229,2.2419100000000003
559.0,1.0,-31.8651,24.217,-136.4703,2.5291
559.0,1.0,-35.051610000000004,26.6387,-136.4703,2.7820100000000005
559.0,2.0,-52.093,29.8168,-204.711,3.0952
559.0,2.0,-57.30230000000001,32.798480000000005,-204.711,3.4047200000000006
559.0,3.0,-74.0051,30.3879,-272.9542,3.7422
559.0,3.0,-81.40561000000001,33.42669,-272.9542,4.116420000000001
559.0,4.0,-96.6816,25.6601,-341.1965,4.6058
559.0,4.0,-106.34976000000002,28.226110000000002,-341.1965,5.0663800000000005
560.0,0.0,19.1451,5.7362,47.044,12.9721
560.0,0.0,21.05961,6.309820000000001,47.044,14.26931
560.0,1.0,38.774,9.9298,94.0899,13.804
560.0,1.0,42.6514,10.922780000000001,94.0899,15.184400000000002
560.0,2.0,58.6638,12.6016,141.1448,14.4079
560.0,2.0,64.53018,13.86176,141.1448,15.848690000000001
560.0,3.0,78.8116,13.6115,188.1713,15.0441
560.0,3.0,86.69276,14.97265,188.1713,16.54851
560.0,4.0,99.1072,13.0821,235.2167,15.865
560.0,4.0,109.01792000000002,14.390310000000001,235.2167,17.451500000000003
561.0,0.0,-14.0846,14.2276,-18.459,1.8973
561.0,0.0,-15.493060000000002,15.650360000000003,-18.459,2.08703
561.0,1.0,-27.5061,29.0601,-36.9583,2.6911
561.0,1.0,-30.25671,31.96611,-36.9583,2.9602100000000005
561.0,2.0,-40.2526,44.4741,-55.3966,3.3202
561.0,2.0,-44.277860000000004,48.921510000000005,-55.3966,3.6522200000000002
561.0,3.0,-52.245,60.6093,-73.9013,3.978
561.0,3.0,-57.469500000000004,66.67023,-73.9013,4.375800000000001
561.0,4.0,-63.4949,77.2941,-92.3647,4.5896
561.0,4.0,-69.84439,85.02351,-92.3647,5.04856
562.0,0.0,-4.8676,-19.3851,-79.1413,2.22
562.0,0.0,-5.354360000000001,-21.323610000000002,-79.1413,2.4420000000000006
562.0,1.0,-8.7166,-39.0296,-158.3051,2.9153
562.0,1.0,-9.58826,-42.93256,-158.3051,3.20683
562.0,2.0,-11.4805,-58.9239,-237.488,3.5902
562.0,2.0,-12.62855,-64.81629000000001,-237.488,3.94922
562.0,3.0,-13.2189,-78.9006,-316.6234,4.361
562.0,3.0,-14.540790000000001,-86.79066,-316.6234,4.7971
562.0,4.0,-13.9136,-99.0538,-395.7632,4.819
562.0,4.0,-15.304960000000001,-108.95918,-395.7632,5.3009
563.0,0.0,15.8503,12.2223,-38.2538,3.91
563.0,0.0,17.43533,13.444530000000002,-38.2538,4.301
563.0,1.0,30.9753,25.3338,-76.4596,4.7381
563.0,1.0,34.07283,27.86718,-76.4596,5.2119100000000005
563.0,2.0,45.3943,39.2577,-114.7357,5.114
563.0,2.0,49.933730000000004,43.18347,-114.7357,5.6254
563.0,3.0,58.9927,53.9887,-152.9841,5.8225
563.0,3.0,64.89197,59.387570000000004,-152.9841,6.40475
563.0,4.0,71.8719,69.5104,-191.2132,6.5017
563.0,4.0,79.05909,76.46144000000001,-191.2132,7.15187
564.0,0.0,15.6074,-12.5082,-30.7626,0.8548
564.0,0.0,17.16814,-13.759020000000001,-30.7626,0.9402800000000001
564.0,1.0,24.6915,-31.4298,-61.5449,1.3665
564.0,1.0,27.160650000000004,-34.57278,-61.5449,1.5031500000000002
564.0,2.0,25.2623,-54.4494,-92.3569,1.9031
564.0,2.0,27.78853,-59.89434,-92.3569,2.09341
564.0,3.0,16.2218,-78.3745,-123.1473,2.5945
564.0,3.0,17.843980000000002,-86.21195,-123.1473,2.85395
564.0,4.0,-2.6273,-99.9856,-153.9747,3.1736
564.0,4.0,-2.8900300000000003,-109.98416000000002,-153.9747,3.4909600000000003
565.0,0.0,-0.8335,19.9999,-5.3606,8.3193
565.0,0.0,-0.91685,21.99989,-5.3606,9.151230000000002
565.0,1.0,-3.1491,39.8941,-10.6612,9.1321
565.0,1.0,-3.46401,43.88351000000001,-10.6612,10.04531
565.0,2.0,-6.8872,59.5882,-16.0309,9.7615
565.0,2.0,-7.575920000000001,65.54702,-16.0309,10.73765
565.0,3.0,-12.143,79.0474,-21.4003,10.5459
565.0,3.0,-13.357300000000002,86.95214,-21.4003,11.60049
565.0,4.0,-18.7723,98.2133,-26.7583,11.043
565.0,4.0,-20.649530000000002,108.03463,-26.7583,12.1473
566.0,0.0,12.7295,-15.4385,58.4981,22.4987
566.0,0.0,14.002450000000001,-16.98235,58.4981,24.74857
566.0,1.0,21.933,-33.41,117.0378,23.1037
566.0,1.0,24.1263,-36.751,117.0378,25.414070000000002
566.0,2.0,27.2202,-53.4606,175.532,23.84
566.0,2.0,29.94222,-58.80666,175.532,26.224
566.0,3.0,28.3468,-74.8462,234.1307,24.5278
566.0,3.0,31.181480000000004,-82.33082,234.1307,26.98058
566.0,4.0,25.0511,-96.8038,292.6017,24.9999
566.0,4.0,27.556210000000004,-106.48418000000001,292.6017,27.499890000000004
567.0,0.0,-16.0553,-11.9207,-37.6881,22.6049
567.0,0.0,-17.66083,-13.112770000000001,-37.6881,24.86539
567.0,1.0,-31.2418,-24.9378,-75.3777,23.2111
567.0,1.0,-34.36598000000001,-27.43158,-75.3777,25.53221
567.0,2.0,-45.6113,-38.9628,-113.0234,23.8311
567.0,2.0,-50.172430000000006,-42.859080000000006,-113.0234,26.21421
567.0,3.0,-59.0586,-53.9862,-150.7474,24.7763
567.0,3.0,-64.96446,-59.38482,-150.7474,27.25393
567.0,4.0,-71.4911,-69.9182,-188.3529,25.3432
567.0,4.0,-78.64021000000001,-76.91002,-188.3529,27.87752
568.0,0.0,19.6424,-3.8949,26.3373,18.2739
568.0,0.0,21.60664,-4.28439,26.3373,20.101290000000002
568.0,1.0,38.3344,-11.4927,52.6647,18.9298
568.0,1.0,42.167840000000005,-12.64197,52.6647,20.82278
568.0,2.0,55.5622,-22.6127,78.9907,19.4113
568.0,2.0,61.11842,-24.873970000000003,78.9907,21.352430000000002
568.0,3.0,70.8923,-37.1184,105.2942,20.1312
568.0,3.0,77.98153,-40.83024,105.2942,22.14432
568.0,4.0,83.7609,-54.6008,131.6674,20.7606
568.0,4.0,92.13699000000001,-60.060880000000004,131.6674,22.836660000000002
569.0,0.0,-15.5311,12.5537,-113.7884,14.003
569.0,0.0,-17.084210000000002,13.80907,-113.7884,15.403300000000002
569.0,1.0,-31.8856,24.1213,-227.629,14.5344
569.0,1.0,-35.074160000000006,26.533430000000003,-227.629,15.98784
569.0,2.0,-48.9856,34.6694,-341.422,15.4073
569.0,2.0,-53.88416,38.136340000000004,-341.422,16.94803
569.0,3.0,-66.7997,44.0181,-455.2217,15.8989
569.0,3.0,-73.47967000000001,48.41991,-455.2217,17.48879
569.0,4.0,-85.2748,52.314,-569.03,16.7539
569.0,4.0,-93.80228000000001,57.54540000000001,-569.03,18.42929
570.0,0.0,-10.8968,16.7958,-30.4868,15.9883
570.0,0.0,-11.986480000000002,18.47538,-30.4868,17.587130000000002
570.0,1.0,-16.9125,36.249,-60.9553,16.8687
570.0,1.0,-18.60375,39.873900000000006,-60.9553,18.555570000000003
570.0,2.0,-17.6528,57.3499,-91.494,17.4939
570.0,2.0,-19.41808,63.08489,-91.494,19.243290000000002
570.0,3.0,-12.7505,78.9603,-121.9923,18.1471
570.0,3.0,-14.025550000000003,86.85633000000001,-121.9923,19.96181
570.0,4.0,-2.2344,99.9255,-152.4407,18.8852
570.0,4.0,-2.45784,109.91805000000001,-152.4407,20.773720000000004
571.0,0.0,17.3933,9.879,20.326,16.325
571.0,0.0,19.132630000000002,10.866900000000001,20.326,17.9575
571.0,1.0,33.3687,22.0916,40.6597,17.0544
571.0,1.0,36.70557,24.30076,40.6597,18.759840000000004
571.0,2.0,47.6377,36.4445,61.0046,17.5356
571.0,2.0,52.40147,40.088950000000004,61.0046,19.28916
571.0,3.0,60.1557,52.7746,81.3206,18.4014
571.0,3.0,66.17127,58.052060000000004,81.3206,20.24154
571.0,4.0,70.4848,70.9074,101.671,19.0339
571.0,4.0,77.53328000000002,77.99814,101.671,20.93729
572.0,0.0,13.9788,14.2758,54.6888,8.4004
572.0,0.0,15.37668,15.703380000000001,54.6888,9.24044
572.0,1.0,25.9801,30.4292,109.3604,8.945
572.0,1.0,28.578110000000002,33.472120000000004,109.3604,9.839500000000001
572.0,2.0,35.6736,48.2299,164.0132,9.6287
572.0,2.0,39.24096,53.052890000000005,164.0132,10.59157
572.0,3.0,42.9653,67.4578,218.7277,10.3807
572.0,3.0,47.26183,74.20358000000002,218.7277,11.41877
572.0,4.0,47.7056,87.9173,273.3757,11.0701
572.0,4.0,52.47616,96.70903,273.3757,12.17711
573.0,0.0,12.7266,15.4388,-84.7574,14.939
573.0,0.0,13.999260000000001,16.982680000000002,-84.7574,16.4329
573.0,1.0,26.8437,29.6607,-169.5848,15.3748
573.0,1.0,29.52807,32.62677,-169.5848,16.912280000000003
573.0,2.0,42.1673,42.633,-254.2948,16.0145
573.0,2.0,46.38403,46.896300000000004,-254.2948,17.615950000000005
573.0,3.0,58.7362,54.3193,-339.0376,16.7368
573.0,3.0,64.60982,59.75123,-339.0376,18.41048
573.0,4.0,76.4373,64.4965,-423.8449,17.4339
573.0,4.0,84.08103,70.94615,-423.8449,19.177290000000003
574.0,0.0,3.7806,-19.621,-102.8394,9.7723
574.0,0.0,4.15866,-21.5831,-102.8394,10.74953
574.0,1.0,9.4784,-38.8598,-205.726,10.525
574.0,1.0,10.426240000000002,-42.74578,-205.726,11.5775
574.0,2.0,17.089,-57.5243,-308.5781,11.1323
574.0,2.0,18.7979,-63.27673,-308.5781,12.245530000000002
574.0,3.0,26.5377,-75.4743,-411.4629,11.9137
574.0,3.0,29.191470000000002,-83.02173,-411.4629,13.105070000000001
574.0,4.0,37.8375,-92.568,-514.3517,12.4035
574.0,4.0,41.62125,-101.82480000000001,-514.3517,13.64385
575.0,0.0,18.8339,-6.7222,8.3327,13.3519
575.0,0.0,20.717290000000002,-7.39442,8.3327,14.687090000000001
575.0,1.0,38.0356,-12.2584,16.5803,14.0197
575.0,1.0,41.83916000000001,-13.484240000000002,16.5803,15.421670000000002
575.0,2.0,57.6824,-16.5342,24.9321,14.6469
575.0,2.0,63.45064000000001,-18.18762,24.9321,16.111590000000003
575.0,3.0,77.5722,-19.5159,33.2158,15.3731
575.0,3.0,85.32942,-21.46749,33.2158,16.910410000000002
575.0,4.0,97.7022,-21.298,41.5628,16.01
575.0,4.0,107.47242000000001,-23.4278,41.5628,17.611000000000004
576.0,0.0,19.7173,-3.02,10.7751,16.3498
576.0,0.0,21.689030000000002,-3.3220000000000005,10.7751,17.98478
576.0,1.0,39.817,-3.7564,21.5896,17.117
576.0,1.0,43.798700000000004,-4.132040000000001,21.5896,18.8287
576.0,2.0,59.9436,-2.1092,32.3743,17.7629
576.0,2.0,65.93796,-2.32012,32.3743,19.53919
576.0,3.0,79.9748,1.9829,43.1986,18.4102
576.0,3.0,87.97228000000001,2.1811900000000004,43.1986,20.25122
576.0,4.0,99.6658,8.3312,53.9903,19.1872
576.0,4.0,109.63238000000001,9.164320000000002,53.9903,21.10592
577.0,0.0,-18.7553,-6.9256,-54.9404,4.8928
577.0,0.0,-20.63083,-7.6181600000000005,-54.9404,5.382080000000001
577.0,1.0,-38.3101,-11.5181,-109.8459,5.6377
577.0,1.0,-42.141110000000005,-12.669910000000002,-109.8459,6.2014700000000005
577.0,2.0,-58.4216,-13.6353,-164.7684,6.2652
577.0,2.0,-64.26376,-14.998830000000002,-164.7684,6.89172
577.0,3.0,-78.9109,-13.2262,-219.7028,7.035
577.0,3.0,-86.80199,-14.548820000000001,-219.7028,7.738500000000001
577.0,4.0,-99.4815,-10.2226,-274.6449,7.6101
577.0,4.0,-109.42965000000001,-11.244860000000001,-274.6449,8.371110000000002
578.0,0.0,10.401,17.0417,-0.8863,12.6016
578.0,0.0,11.4411,18.74587,-0.8863,13.86176
578.0,1.0,25.6197,30.7094,-1.7676,13.307
578.0,1.0,28.181670000000004,33.78034,-1.7676,14.637700000000002
578.0,2.0,44.7874,39.9105,-2.66,13.9922
578.0,2.0,49.26614,43.90155,-2.66,15.391420000000002
578.0,3.0,66.8929,43.916,-3.5216,14.496
578.0,3.0,73.58219,48.3076,-3.5216,15.945600000000002
578.0,4.0,90.7544,42.0831,-4.4395,15.1947
578.0,4.0,99.82984000000002,46.291410000000006,-4.4395,16.71417
579.0,0.0,-3.9461,19.6079,29.3235,5.6612
579.0,0.0,-4.3407100000000005,21.568690000000004,29.3235,6.227320000000001
579.0,1.0,-12.9631,37.8237,58.6398,6.1823
579.0,1.0,-14.259410000000003,41.60607,58.6398,6.80053
579.0,2.0,-26.6592,53.7659,87.9504,7.071
579.0,2.0,-29.325120000000002,59.14249000000001,87.9504,7.7781
579.0,3.0,-44.6248,66.4268,117.2725,7.7867
579.0,3.0,-49.08728000000001,73.06948000000001,117.2725,8.56537
579.0,4.0,-66.1171,75.0397,146.6118,8.3338
579.0,4.0,-72.72881,82.54367,146.6118,9.16718
580.0,0.0,15.2367,12.9165,-4.7922,11.984
580.0,0.0,16.76037,14.20815,-4.7922,13.182400000000001
580.0,1.0,25.8974,30.4835,-9.5999,12.6192
580.0,1.0,28.487140000000004,33.53185,-9.5999,13.881120000000001
580.0,2.0,30.9518,51.3949,-14.386,13.1844
580.0,2.0,34.04698,56.53439,-14.386,14.50284
580.0,3.0,29.6067,74.3219,-19.1272,13.9134
580.0,3.0,32.567370000000004,81.75409,-19.1272,15.30474
580.0,4.0,21.4286,97.6648,-23.9364,14.5991
580.0,4.0,23.571460000000002,107.43128000000002,-23.9364,16.05901
581.0,0.0,1.8313,-19.9198,-58.9338,10.0406
581.0,0.0,2.01443,-21.91178,-58.9338,11.04466
581.0,1.0,5.3405,-39.629,-117.9182,10.4265
581.0,1.0,5.87455,-43.5919,-117.9182,11.469150000000003
581.0,2.0,10.5016,-59.085,-176.8132,11.2799
581.0,2.0,11.551760000000002,-64.99350000000001,-176.8132,12.40789
581.0,3.0,17.2681,-78.1043,-235.7963,11.9465
581.0,3.0,18.99491,-85.91473,-235.7963,13.141150000000001
581.0,4.0,25.6517,-96.6649,-294.6838,12.4516
581.0,4.0,28.216870000000004,-106.33139000000001,-294.6838,13.69676
582.0,0.0,15.101,13.106,11.4691,12.7277
582.0,0.0,16.611100000000004,14.4166,11.4691,14.000470000000002
582.0,1.0,31.1017,25.1286,22.9404,13.7606
582.0,1.0,34.211870000000005,27.641460000000002,22.9404,15.136660000000001
582.0,2.0,48.0528,35.9802,34.4074,14.3613
582.0,2.0,52.85808,39.57822000000001,34.4074,15.797430000000002
582.0,3.0,65.7083,45.6162,45.8531,15.0467
582.0,3.0,72.27913,50.177820000000004,45.8531,16.551370000000002
582.0,4.0,84.1734,53.9962,57.3191,15.4999
582.0,4.0,92.59074000000001,59.39582000000001,57.3191,17.04989
583.0,0.0,19.6022,3.8915,-49.0094,13.3872
583.0,0.0,21.562420000000003,4.2806500000000005,-49.0094,14.72592
583.0,1.0,39.0619,8.7061,-97.9346,13.9462
583.0,1.0,42.968090000000004,9.57671,-97.9346,15.34082
583.0,2.0,58.2552,14.3283,-146.8728,14.793
583.0,2.0,64.08072000000001,15.761130000000001,-146.8728,16.2723
583.0,3.0,77.2141,20.9818,-195.8823,15.2431
583.0,3.0,84.93551000000001,23.079980000000003,-195.8823,16.76741
583.0,4.0,95.8675,28.4417,-244.8406,15.9486
583.0,4.0,105.45425000000002,31.285870000000003,-244.8406,17.543460000000003
584.0,0.0,-18.3832,7.7729,-30.2943,4.6325
584.0,0.0,-20.22152,8.55019,-30.2943,5.095750000000001
584.0,1.0,-37.1984,14.7399,-60.6008,5.2364
584.0,1.0,-40.918240000000004,16.213890000000003,-60.6008,5.76004
584.0,2.0,-56.2462,20.8123,-90.9356,5.9242
584.0,2.0,-61.87082000000001,22.893530000000002,-90.9356,6.5166200000000005
584.0,3.0,-75.6143,26.034,-121.2509,6.6688
584.0,3.0,-83.17573,28.6374,-121.2509,7.335680000000001
584.0,4.0,-95.2495,30.3238,-151.5436,7.125
584.0,4.0,-104.77445,33.35618,-151.5436,7.8375
585.0,0.0,13.9962,-14.2801,-41.9335,13.1854
585.0,0.0,15.39582,-15.70811,-41.9335,14.50394
585.0,1.0,30.0383,-26.449,-83.8826,13.5295
585.0,1.0,33.04213,-29.093900000000005,-83.8826,14.882450000000002
585.0,2.0,47.8217,-36.2236,-125.8641,14.4108
585.0,2.0,52.60387,-39.84596,-125.8641,15.851880000000001
585.0,3.0,67.1089,-43.5368,-167.796,15.1836
585.0,3.0,73.81979000000001,-47.890480000000004,-167.796,16.701960000000003
585.0,4.0,87.6834,-48.1212,-209.7269,15.6829
585.0,4.0,96.45174000000002,-52.93332000000001,-209.7269,17.25119
586.0,0.0,-19.7946,2.9659,-12.7221,15.5604
586.0,0.0,-21.774060000000002,3.26249,-12.7221,17.11644
586.0,1.0,-39.0959,8.4349,-25.5029,16.2461
586.0,1.0,-43.00549,9.278390000000002,-25.5029,17.87071
586.0,2.0,-57.7787,16.1643,-38.2402,16.8128
586.0,2.0,-63.55657000000001,17.780730000000002,-38.2402,18.49408
586.0,3.0,-75.6242,26.2158,-50.9513,17.5601
586.0,3.0,-83.18662,28.837380000000003,-50.9513,19.31611
586.0,4.0,-92.3276,38.4231,-63.7302,17.9597
586.0,4.0,-101.56036000000002,42.26541,-63.7302,19.755670000000002
587.0,0.0,13.5765,14.6922,-3.1076,4.5174
587.0,0.0,14.93415,16.16142,-3.1076,4.96914
587.0,1.0,26.071,30.3242,-6.2297,5.16
587.0,1.0,28.678100000000004,33.35662000000001,-6.2297,5.676000000000001
587.0,2.0,37.4961,46.8171,-9.3324,6.0775
587.0,2.0,41.24571,51.498810000000006,-9.3324,6.68525
587.0,3.0,47.7881,64.1336,-12.4486,6.758
587.0,3.0,52.56691000000001,70.54696000000001,-12.4486,7.433800000000001
587.0,4.0,56.8759,82.2265,-15.5687,7.1591
587.0,4.0,62.56349000000001,90.44915,-15.5687,7.8750100000000005
588.0,0.0,0.6444,19.962,19.3163,20.6375
588.0,0.0,0.70884,21.9582,19.3163,22.70125
588.0,1.0,-0.1536,40.0178,38.6796,21.3387
588.0,1.0,-0.16896,44.019580000000005,38.6796,23.47257
588.0,2.0,-2.4105,59.9063,57.9752,21.8921
588.0,2.0,-2.65155,65.89693000000001,57.9752,24.081310000000002
588.0,3.0,-6.169,79.7405,77.3063,22.5493
588.0,3.0,-6.7859,87.71455,77.3063,24.80423
588.0,4.0,-11.3876,99.3571,96.5888,23.2985
588.0,4.0,-12.526360000000002,109.29281000000002,96.5888,25.62835
589.0,0.0,-11.4861,16.3782,-6.0844,24.2555
589.0,0.0,-12.634710000000002,18.01602,-6.0844,26.681050000000003
589.0,1.0,-21.9973,33.4683,-12.1826,24.8659
589.0,1.0,-24.19703,36.81513,-12.1826,27.352490000000003
589.0,2.0,-31.4069,51.1517,-18.2636,25.4773
589.0,2.0,-34.54759,56.266870000000004,-18.2636,28.02503
589.0,3.0,-39.8279,69.4113,-24.3434,26.3273
589.0,3.0,-43.81069,76.35243,-24.3434,28.960030000000003
589.0,4.0,-47.1072,88.1796,-30.3957,27.0456
589.0,4.0,-51.81792,96.99756000000001,-30.3957,29.75016
590.0,0.0,-19.6213,-3.9485,96.48,6.2597
590.0,0.0,-21.583430000000003,-4.34335,96.48,6.88567
590.0,1.0,-39.4712,-6.6,192.9761,6.9815
590.0,1.0,-43.41832000000001,-7.26,192.9761,7.6796500000000005
590.0,2.0,-59.4473,-8.0796,289.4572,7.7484
590.0,2.0,-65.39203,-8.88756,289.4572,8.523240000000001
590.0,3.0,-79.5516,-8.2646,385.9919,8.3164
590.0,3.0,-87.50676,-9.09106,385.9919,9.14804
590.0,4.0,-99.738,-7.2343,482.4641,9.2222
590.0,4.0,-109.71180000000001,-7.957730000000001,482.4641,10.144420000000002
591.0,0.0,6.6137,-18.8854,-82.0661,3.4046
591.0,0.0,7.27507,-20.773940000000003,-82.0661,3.74506
591.0,1.0,12.3197,-38.053,-164.1876,4.2678
591.0,1.0,13.55167,-41.8583,-164.1876,4.694580000000001
591.0,2.0,17.1715,-57.5101,-246.2458,4.7151
591.0,2.0,18.888650000000002,-63.26111000000001,-246.2458,5.18661
591.0,3.0,21.1336,-77.1523,-328.3133,5.5283
591.0,3.0,23.246960000000005,-84.86753,-328.3133,6.08113
591.0,4.0,24.2231,-97.0281,-410.3943,6.0569
591.0,4.0,26.645410000000002,-106.73091000000001,-410.3943,6.662590000000001
592.0,0.0,-20.0019,1.0739,4.7483,24.2872
592.0,0.0,-22.002090000000003,1.1812900000000002,4.7483,26.71592
592.0,1.0,-39.3103,-7.3006,9.524,24.9656
592.0,1.0,-43.24133,-8.030660000000001,9.524,27.46216
592.0,2.0,-54.792,-24.4613,14.3109,25.8652
592.0,2.0,-60.27120000000001,-26.907430000000005,14.3109,28.451720000000005
592.0,3.0,-63.4365,-48.7671,19.0792,26.5538
592.0,3.0,-69.78015,-53.64381,19.0792,29.20918
592.0,4.0,-62.7816,-77.8043,23.8583,26.9129
592.0,4.0,-69.05976,-85.58473000000001,23.8583,29.604190000000003
593.0,0.0,-0.9279,19.9667,-9.6074,11.7518
593.0,0.0,-1.02069,21.96337,-9.6074,12.92698
593.0,1.0,-0.8754,39.9389,-19.2069,12.5463
593.0,1.0,-0.96294,43.93279,-19.2069,13.800930000000001
593.0,2.0,0.2075,59.9954,-28.8171,13.0737
593.0,2.0,0.22825,65.99494,-28.8171,14.381070000000001
593.0,3.0,2.187,79.9366,-38.3898,13.8406
593.0,3.0,2.4057,87.93026,-38.3898,15.224660000000002
593.0,4.0,5.1989,99.8367,-47.9674,14.4852
593.0,4.0,5.71879,109.82037,-47.9674,15.933720000000003
594.0,0.0,-4.4677,19.5009,-33.5522,9.182
594.0,0.0,-4.914470000000001,21.450990000000004,-33.5522,10.100200000000001
594.0,1.0,-7.1617,39.3635,-67.0826,9.9034
594.0,1.0,-7.877870000000001,43.299850000000006,-67.0826,10.893740000000001
594.0,2.0,-8.0919,59.4376,-100.6767,10.517
594.0,2.0,-8.901090000000002,65.38136000000002,-100.6767,11.5687
594.0,3.0,-7.2046,79.7028,-134.2297,11.2294
594.0,3.0,-7.925060000000001,87.67308,-134.2297,12.352340000000002
594.0,4.0,-4.6283,99.9195,-167.7834,11.7065
594.0,4.0,-5.091130000000001,109.91145,-167.7834,12.87715
595.0,0.0,18.8751,6.6783,-40.1119,5.2382
595.0,0.0,20.762610000000002,7.3461300000000005,-40.1119,5.762020000000001
595.0,1.0,36.8457,15.5874,-80.1963,5.793
595.0,1.0,40.53027,17.146140000000003,-80.1963,6.372300000000001
595.0,2.0,53.702,26.7116,-120.2548,6.8071
595.0,2.0,59.0722,29.382760000000005,-120.2548,7.4878100000000005
595.0,3.0,69.3539,39.8323,-160.3288,7.1893
595.0,3.0,76.28929000000001,43.81553,-160.3288,7.9082300000000005
595.0,4.0,83.5433,54.9537,-200.4223,7.8051
595.0,4.0,91.89763,60.44907,-200.4223,8.58561
596.0,0.0,-17.7486,-9.2194,-104.2019,16.9726
596.0,0.0,-19.52346,-10.141340000000001,-104.2019,18.66986
596.0,1.0,-36.0782,-17.2846,-208.3775,17.4256
596.0,1.0,-39.686020000000006,-19.013060000000003,-208.3775,19.16816
596.0,2.0,-54.9062,-24.2043,-312.6104,18.1349
596.0,2.0,-60.396820000000005,-26.624730000000003,-312.6104,19.94839
596.0,3.0,-74.2249,-29.8995,-416.8137,18.8682
596.0,3.0,-81.64739000000002,-32.889450000000004,-416.8137,20.755020000000002
596.0,4.0,-93.9098,-34.3538,-521.0013,19.4292
596.0,4.0,-103.30078000000002,-37.78918,-521.0013,21.372120000000002
597.0,0.0,5.6739,19.1729,-67.0684,17.712
597.0,0.0,6.24129,21.09019,-67.0684,19.4832
597.0,1.0,10.0001,38.7531,-134.0534,18.4263
597.0,1.0,11.000110000000001,42.62841000000001,-134.0534,20.268930000000005
597.0,2.0,12.8419,58.6564,-201.1059,18.953
597.0,2.0,14.126090000000001,64.52204,-201.1059,20.848300000000002
597.0,3.0,14.2766,78.68,-268.1582,19.5755
597.0,3.0,15.704260000000001,86.54800000000002,-268.1582,21.533050000000003
597.0,4.0,14.2763,98.9504,-335.1798,20.4301
597.0,4.0,15.703930000000001,108.84544000000001,-335.1798,22.473110000000002
598.0,0.0,19.7832,-3.0068,-97.2475,3.2036
598.0,0.0,21.76152,-3.3074800000000004,-97.2475,3.52396
598.0,1.0,39.9353,1.1158,-194.4348,3.8084
598.0,1.0,43.92883,1.22738,-194.4348,4.18924
598.0,2.0,58.7343,12.2062,-291.7119,4.5013
598.0,2.0,64.60773,13.426820000000003,-291.7119,4.95143
598.0,3.0,74.2228,29.8373,-388.9506,5.0256
598.0,3.0,81.64508000000001,32.82103,-388.9506,5.528160000000001
598.0,4.0,84.765,53.0654,-486.1909,5.9062
598.0,4.0,93.2415,58.37194,-486.1909,6.4968200000000005
599.0,0.0,13.1269,-15.0687,-4.1627,17.3885
599.0,0.0,14.43959,-16.575570000000003,-4.1627,19.127350000000003
599.0,1.0,27.2257,-29.3256,-8.2981,18.0838
599.0,1.0,29.94827,-32.258160000000004,-8.2981,19.892180000000003
599.0,2.0,42.2142,-42.6148,-12.5143,18.794
599.0,2.0,46.43562,-46.87628000000001,-12.5143,20.6734
599.0,3.0,58.1128,-55.0103,-16.6819,19.2297
599.0,3.0,63.924080000000004,-60.51133000000001,-16.6819,21.152670000000004
599.0,4.0,74.8299,-66.3524,-20.8312,20.3409
599.0,4.0,82.31289,-72.98764000000001,-20.8312,22.374990000000004
600.0,0.0,18.8659,-6.6621,112.0647,22.7774
600.0,0.0,20.75249,-7.32831,112.0647,25.05514
600.0,1.0,39.7512,-4.3593,224.1813,23.4737
600.0,1.0,43.72632,-4.795230000000001,224.1813,25.821070000000002
600.0,2.0,59.5584,7.2198,336.3023,23.9864
600.0,2.0,65.51424,7.9417800000000005,336.3023,26.38504
600.0,3.0,75.1496,27.5,448.3852,24.7473
600.0,3.0,82.66456000000001,30.250000000000004,448.3852,27.22203
600.0,4.0,83.5787,54.9135,560.4842,25.2896
600.0,4.0,91.93657,60.40485,560.4842,27.81856
601.0,0.0,18.2169,8.2262,-103.6734,6.057
601.0,0.0,20.03859,9.048820000000001,-103.6734,6.662700000000001
601.0,1.0,37.264,14.6217,-207.3324,6.7378
601.0,1.0,40.99040000000001,16.08387,-207.3324,7.411580000000001
601.0,2.0,56.8682,19.0633,-311.034,7.5768
601.0,2.0,62.555020000000006,20.969630000000002,-311.034,8.334480000000001
601.0,3.0,77.0355,21.5564,-414.7799,8.2413
601.0,3.0,84.73905,23.712040000000002,-414.7799,9.065430000000001
601.0,4.0,97.5678,22.0536,-518.4,8.8115
601.0,4.0,107.32458000000001,24.258960000000002,-518.4,9.692650000000002
602.0,0.0,3.6627,-19.6908,-95.0443,24.7385
602.0,0.0,4.02897,-21.65988,-95.0443,27.21235
602.0,1.0,16.6144,-36.3575,-190.0984,25.5782
602.0,1.0,18.275840000000002,-39.99325,-190.0984,28.136020000000002
602.0,2.0,37.3895,-46.9752,-285.1872,25.8747
602.0,2.0,41.12845,-51.672720000000005,-285.1872,28.462170000000004
602.0,3.0,63.4452,-48.7736,-380.2203,26.9039
602.0,3.0,69.78972,-53.650960000000005,-380.2203,29.59429
602.0,4.0,91.6488,-40.0483,-475.2511,27.3916
602.0,4.0,100.81368,-44.05313,-475.2511,30.130760000000002
603.0,0.0,-19.5789,4.1187,-90.4642,10.8993
603.0,0.0,-21.536790000000003,4.53057,-90.4642,11.989230000000001
603.0,1.0,-39.3856,7.022,-180.9289,11.4999
603.0,1.0,-43.32416,7.724200000000001,-180.9289,12.649890000000001
603.0,2.0,-59.4176,8.4546,-271.3603,12.1279
603.0,2.0,-65.35936000000001,9.30006,-271.3603,13.340690000000002
603.0,3.0,-79.5208,8.6054,-361.8374,12.7055
603.0,3.0,-87.47288,9.46594,-361.8374,13.976050000000003
603.0,4.0,-99.7171,7.3851,-452.3109,13.5108
603.0,4.0,-109.68881000000002,8.123610000000001,-452.3109,14.861880000000001
604.0,0.0,6.4319,-18.9438,34.7843,24.6927
604.0,0.0,7.07509,-20.83818,34.7843,27.16197
604.0,1.0,15.5113,-36.859,69.6146,25.7268
604.0,1.0,17.062430000000003,-40.544900000000005,69.6146,28.299480000000003
604.0,2.0,27.0703,-53.5333,104.4296,25.9206
604.0,2.0,29.777330000000003,-58.886630000000004,104.4296,28.512660000000004
604.0,3.0,41.1132,-68.6001,139.1827,26.6111
604.0,3.0,45.224520000000005,-75.46011,139.1827,29.27221
604.0,4.0,57.3664,-81.9243,173.9879,27.429
604.0,4.0,63.10304000000001,-90.11673,173.9879,30.1719
605.0,0.0,-13.2115,-15.0368,60.3675,10.5535
605.0,0.0,-14.53265,-16.540480000000002,60.3675,11.60885
605.0,1.0,-27.9641,-28.6336,120.6744,11.0047
605.0,1.0,-30.76051,-31.496960000000005,120.6744,12.105170000000001
605.0,2.0,-44.1334,-40.6797,181.0757,11.8398
605.0,2.0,-48.54674000000001,-44.74767,181.0757,13.023780000000002
605.0,3.0,-61.5832,-51.0508,241.4378,12.2715
605.0,3.0,-67.74152000000001,-56.15588000000001,241.4378,13.498650000000001
605.0,4.0,-80.2551,-59.6905,301.7587,13.199
605.0,4.0,-88.28061000000001,-65.65955000000001,301.7587,14.5189
606.0,0.0,4.8885,-19.4023,85.9987,18.8868
606.0,0.0,5.37735,-21.342530000000004,85.9987,20.77548
606.0,1.0,8.331,-39.1582,171.9132,19.5391
606.0,1.0,9.1641,-43.074020000000004,171.9132,21.49301
606.0,2.0,10.2183,-59.1261,257.9188,20.204
606.0,2.0,11.24013,-65.03871000000001,257.9188,22.224400000000003
606.0,3.0,10.5903,-79.3083,343.8877,20.8871
606.0,3.0,11.64933,-87.23913,343.8877,22.975810000000003
606.0,4.0,9.485,-99.4964,429.8487,21.4824
606.0,4.0,10.4335,-109.44604,429.8487,23.63064
607.0,0.0,-2.9446,19.7613,45.3278,9.5325
607.0,0.0,-3.2390600000000003,21.73743,45.3278,10.485750000000001
607.0,1.0,-4.7445,39.6545,90.6457,10.3662
607.0,1.0,-5.21895,43.61995,90.6457,11.40282
607.0,2.0,-5.3264,59.7403,136.0123,10.7875
607.0,2.0,-5.85904,65.71433,136.0123,11.86625
607.0,3.0,-4.6394,79.8586,181.3195,11.3451
607.0,3.0,-5.10334,87.84446,181.3195,12.479610000000001
607.0,4.0,-2.7312,99.9757,226.6578,12.0822
607.0,4.0,-3.00432,109.97327000000001,226.6578,13.290420000000001
608.0,0.0,-16.3762,-11.4388,-23.2395,6.7601
608.0,0.0,-18.013820000000003,-12.582680000000002,-23.2395,7.436110000000001
608.0,1.0,-34.2223,-20.7311,-46.4317,7.4411
608.0,1.0,-37.64453,-22.804210000000005,-46.4317,8.18521
608.0,2.0,-53.2508,-27.7173,-69.6549,8.2314
608.0,2.0,-58.575880000000005,-30.489030000000003,-69.6549,9.054540000000001
608.0,3.0,-73.2013,-32.2873,-92.8884,9.0878
608.0,3.0,-80.52143000000001,-35.51603000000001,-92.8884,9.99658
608.0,4.0,-93.9229,-34.3513,-116.1475,9.5995
608.0,4.0,-103.31519,-37.78643,-116.1475,10.559450000000002
609.0,0.0,-2.0576,-19.8772,20.2208,20.77
609.0,0.0,-2.26336,-21.86492,20.2208,22.847
609.0,1.0,-7.2551,-39.3253,40.4727,21.2811
609.0,1.0,-7.98061,-43.25783,40.4727,23.40921
609.0,2.0,-15.5645,-57.93,60.6546,21.9626
609.0,2.0,-17.12095,-63.723000000000006,60.6546,24.15886
609.0,3.0,-26.8027,-75.3966,80.8901,22.6214
609.0,3.0,-29.482970000000005,-82.93626000000002,80.8901,24.883540000000004
609.0,4.0,-40.9235,-91.2693,101.1177,23.1889
609.0,4.0,-45.01585,-100.39623,101.1177,25.507790000000004
610.0,0.0,-18.2969,-8.0515,23.8541,21.6904
610.0,0.0,-20.126590000000004,-8.856650000000002,23.8541,23.859440000000003
610.0,1.0,-34.6609,-19.9511,47.7223,22.3326
610.0,1.0,-38.12699,-21.94621,47.7223,24.56586
610.0,2.0,-48.4554,-35.3583,71.6194,23.0251
610.0,2.0,-53.300940000000004,-38.894130000000004,71.6194,25.32761
610.0,3.0,-59.0949,-53.9328,95.4758,23.6906
610.0,3.0,-65.00439000000001,-59.326080000000005,95.4758,26.05966
610.0,4.0,-66.1548,-74.9912,119.3311,24.3143
610.0,4.0,-72.77028,-82.49032000000001,119.3311,26.745730000000002
611.0,0.0,19.1551,-5.7446,-6.8209,19.8254
611.0,0.0,21.070610000000002,-6.31906,-6.8209,21.80794
611.0,1.0,37.9582,-12.5183,-13.5487,20.4783
611.0,1.0,41.754020000000004,-13.770130000000002,-13.5487,22.526130000000002
611.0,2.0,56.4663,-20.3184,-20.3313,21.0395
611.0,2.0,62.11293,-22.350240000000003,-20.3313,23.14345
611.0,3.0,74.5298,-29.0392,-27.0745,21.707
611.0,3.0,81.98278,-31.943120000000004,-27.0745,23.877700000000004
611.0,4.0,92.1634,-38.8246,-33.8716,22.4977
611.0,4.0,101.37974,-42.70706,-33.8716,24.74747
612.0,0.0,-8.1285,18.2845,-22.6367,21.2766
612.0,0.0,-8.941350000000002,20.11295,-22.6367,23.40426
612.0,1.0,-15.3211,36.9216,-45.2782,21.9697
612.0,1.0,-16.85321,40.61376,-45.2782,24.16667
612.0,2.0,-21.6934,55.9384,-67.936,22.5777
612.0,2.0,-23.862740000000002,61.53224000000001,-67.936,24.83547
612.0,3.0,-27.1391,75.231,-90.55,23.3296
612.0,3.0,-29.85301,82.7541,-90.55,25.662560000000003
612.0,4.0,-31.6333,94.8739,-113.1858,24.0367
612.0,4.0,-34.79663,104.36129000000001,-113.1858,26.44037
613.0,0.0,-2.5338,-19.846,3.193,25.5242
613.0,0.0,-2.78718,-21.8306,3.193,28.076620000000002
613.0,1.0,-6.85,-39.4,6.3872,26.3816
613.0,1.0,-7.535,-43.34,6.3872,29.01976
613.0,2.0,-12.9932,-58.5855,9.6084,27.094
613.0,2.0,-14.292520000000001,-64.44405,9.6084,29.803400000000003
613.0,3.0,-20.9015,-77.2095,12.7345,27.6497
613.0,3.0,-22.99165,-84.93045000000001,12.7345,30.41467
613.0,4.0,-30.5428,-95.27,15.9302,28.257
613.0,4.0,-33.597080000000005,-104.797,15.9302,31.082700000000003
614.0,0.0,2.8533,-19.8435,-5.8315,7.8564
614.0,0.0,3.13863,-21.82785,-5.8315,8.64204
614.0,1.0,8.4226,-39.0966,-11.6994,8.5845
614.0,1.0,9.26486,-43.006260000000005,-11.6994,9.442950000000002
614.0,2.0,16.7559,-57.5942,-17.5057,9.0153
614.0,2.0,18.431490000000004,-63.35362000000001,-17.5057,9.916830000000001
614.0,3.0,27.5947,-75.0996,-23.3728,9.9033
614.0,3.0,30.354170000000003,-82.60956,-23.3728,10.89363
614.0,4.0,41.0259,-91.224,-29.2369,10.5066
614.0,4.0,45.128490000000006,-100.34640000000002,-29.2369,11.557260000000001
615.0,0.0,-3.427,19.6874,40.844,24.0189
615.0,0.0,-3.7697000000000003,21.65614,40.844,26.42079
615.0,1.0,-2.8231,39.9079,81.7229,24.5194
615.0,1.0,-3.1054100000000004,43.89869,81.7229,26.971340000000005
615.0,2.0,1.9347,59.9749,122.5834,25.2316
615.0,2.0,2.1281700000000003,65.97239,122.5834,27.75476
615.0,3.0,10.7624,79.2778,163.4643,25.8658
615.0,3.0,11.83864,87.20558000000001,163.4643,28.45238
615.0,4.0,23.61,97.1799,204.3136,26.4518
615.0,4.0,25.971,106.89789000000002,204.3136,29.096980000000002
616.0,0.0,-19.5397,-4.261,-22.0833,12.3248
616.0,0.0,-21.49367,-4.687100000000001,-22.0833,13.55728
616.0,1.0,-38.426,-11.0919,-44.1806,13.0385
616.0,1.0,-42.268600000000006,-12.201090000000002,-44.1806,14.342350000000001
616.0,2.0,-56.4396,-20.4872,-66.2538,13.5942
616.0,2.0,-62.083560000000006,-22.535920000000004,-66.2538,14.953620000000003
616.0,3.0,-73.2547,-32.1876,-88.3234,14.2725
616.0,3.0,-80.58017000000001,-35.40636000000001,-88.3234,15.699750000000002
616.0,4.0,-88.6236,-46.2953,-110.4766,14.877
616.0,4.0,-97.48596,-50.92483,-110.4766,16.364700000000003
617.0,0.0,4.4187,19.526,-55.4686,5.0623
617.0,0.0,4.860570000000001,21.4786,-55.4686,5.56853
617.0,1.0,6.4437,39.4903,-110.9508,5.6452
617.0,1.0,7.08807,43.43933,-110.9508,6.209720000000001
617.0,2.0,5.9343,59.6947,-166.4463,6.3127
617.0,2.0,6.527730000000001,65.66417,-166.4463,6.943970000000001
617.0,3.0,2.9406,79.9171,-221.8887,7.1094
617.0,3.0,3.2346600000000003,87.90881000000002,-221.8887,7.820340000000001
617.0,4.0,-2.5371,99.972,-277.4027,7.8468
617.0,4.0,-2.7908100000000005,109.9692,-277.4027,8.63148
618.0,0.0,16.9486,10.5951,62.2505,17.7125
618.0,0.0,18.64346,11.654610000000002,62.2505,19.48375
618.0,1.0,33.3396,22.0728,124.5098,18.2905
618.0,1.0,36.67356,24.28008,124.5098,20.119550000000004
618.0,2.0,49.1382,34.4563,186.7838,19.0938
618.0,2.0,54.05202,37.90193,186.7838,21.003180000000004
618.0,3.0,64.2341,47.6542,249.09,19.688
618.0,3.0,70.65751,52.41962000000001,249.09,21.6568
618.0,4.0,78.7262,61.7286,311.3271,20.3923
618.0,4.0,86.59882000000002,67.90146,311.3271,22.431530000000002
619.0,0.0,17.2605,10.1339,-99.3765,20.7875
619.0,0.0,18.98655,11.147290000000002,-99.3765,22.866250000000004
619.0,1.0,35.103,19.2115,-198.7676,21.5874
619.0,1.0,38.6133,21.13265,-198.7676,23.74614
619.0,2.0,53.464,27.1744,-298.1068,22.1188
619.0,2.0,58.8104,29.891840000000002,-298.1068,24.33068
619.0,3.0,72.373,34.076,-397.5044,22.8344
619.0,3.0,79.61030000000001,37.4836,-397.5044,25.11784
619.0,4.0,91.7245,39.8379,-496.8639,23.6193
619.0,4.0,100.89695000000002,43.821690000000004,-496.8639,25.98123
620.0,0.0,13.2673,15.0033,8.8314,6.7127
620.0,0.0,14.594030000000002,16.50363,8.8314,7.383970000000001
620.0,1.0,27.2911,29.2239,17.6919,7.1514
620.0,1.0,30.020210000000002,32.14629,17.6919,7.8665400000000005
620.0,2.0,42.1319,42.7191,26.5348,7.8317
620.0,2.0,46.345090000000006,46.99101,26.5348,8.61487
620.0,3.0,57.7286,55.4273,35.3825,8.5644
620.0,3.0,63.50146000000001,60.97003000000001,35.3825,9.42084
620.0,4.0,73.9951,67.2714,44.2689,9.0134
620.0,4.0,81.39461,73.99854,44.2689,9.914740000000002
621.0,0.0,-19.1629,-5.6934,40.2187,20.2984
621.0,0.0,-21.07919,-6.26274,40.2187,22.328240000000005
621.0,1.0,-35.1997,-18.9744,80.4473,20.9901
621.0,1.0,-38.71967,-20.871840000000002,80.4473,23.089110000000005
621.0,2.0,-45.8572,-38.7173,120.6605,21.8375
621.0,2.0,-50.44292,-42.58903000000001,120.6605,24.021250000000002
621.0,3.0,-49.2315,-63.0673,160.8347,22.2575
621.0,3.0,-54.154650000000004,-69.37403,160.8347,24.48325
621.0,4.0,-44.0524,-89.7666,201.1076,23.0833
621.0,4.0,-48.457640000000005,-98.74326,201.1076,25.391630000000003
622.0,0.0,0.5141,19.9929,-7.7813,5.0918
622.0,0.0,0.5655100000000001,21.99219,-7.7813,5.600980000000001
622.0,1.0,-3.4808,39.8238,-15.5638,5.6654
622.0,1.0,-3.8288800000000003,43.806180000000005,-15.5638,6.231940000000001
622.0,2.0,-12.004,58.8063,-23.4166,6.4236
622.0,2.0,-13.204400000000001,64.68693,-23.4166,7.065960000000001
622.0,3.0,-24.7686,76.0716,-31.1251,6.8333
622.0,3.0,-27.24546,83.67876000000001,-31.1251,7.516630000000001
622.0,4.0,-41.508,90.9923,-38.9203,7.7428
622.0,4.0,-45.65880000000001,100.09153,-38.9203,8.51708
623.0,0.0,7.2393,-18.6668,33.5694,20.7504
623.0,0.0,7.963230000000001,-20.53348,33.5694,22.82544
623.0,1.0,15.3756,-36.922,67.0636,21.4043
623.0,1.0,16.91316,-40.6142,67.0636,23.54473
623.0,2.0,24.3573,-54.8317,100.595,22.1391
623.0,2.0,26.79303,-60.31487,100.595,24.35301
623.0,3.0,34.2167,-72.281,134.1617,22.7042
623.0,3.0,37.63837000000001,-79.50910000000002,134.1617,24.97462
623.0,4.0,44.9741,-89.272,167.7344,23.3384
623.0,4.0,49.47151,-98.19920000000002,167.7344,25.672240000000002
624.0,0.0,17.9337,8.8314,25.2313,13.6784
624.0,0.0,19.727070000000005,9.714540000000001,25.2313,15.046240000000001
624.0,1.0,39.942,2.2129,50.5022,14.3404
624.0,1.0,43.93620000000001,2.43419,50.5022,15.774440000000002
624.0,2.0,56.3782,-20.5903,75.7553,14.977
624.0,2.0,62.016020000000005,-22.649330000000003,75.7553,16.474700000000002
624.0,3.0,58.3013,-54.7671,100.9744,15.8133
624.0,3.0,64.13143000000001,-60.24381,100.9744,17.394630000000003
624.0,4.0,40.1261,-91.6208,126.2607,16.5091
624.0,4.0,44.13871,-100.78288,126.2607,18.160010000000003
625.0,0.0,-20.0071,-0.0953,95.3451,8.9443
625.0,0.0,-22.007810000000003,-0.10483,95.3451,9.838730000000002
625.0,1.0,-39.9849,1.0073,190.729,9.6873
625.0,1.0,-43.98339000000001,1.1080300000000003,190.729,10.656030000000001
625.0,2.0,-59.8848,3.2599,286.0851,10.3079
625.0,2.0,-65.87328000000001,3.5858900000000005,286.0851,11.338690000000001
625.0,3.0,-79.7098,6.6176,381.4125,10.86
625.0,3.0,-87.68078000000001,7.279360000000001,381.4125,11.946
625.0,4.0,-99.3612,11.1818,476.7782,11.6649
625.0,4.0,-109.29732,12.299980000000001,476.7782,12.83139
626.0,0.0,-3.1949,-19.7523,-3.29,16.576
626.0,0.0,-3.5143900000000006,-21.727530000000005,-3.29,18.233600000000003
626.0,1.0,-4.0226,-39.8387,-6.5587,17.3212
626.0,1.0,-4.42486,-43.822570000000006,-6.5587,19.053320000000003
626.0,2.0,-2.5024,-59.9556,-9.8727,17.8938
626.0,2.0,-2.7526400000000004,-65.95116,-9.8727,19.68318
626.0,3.0,1.4286,-79.978,-13.1075,18.4987
626.0,3.0,1.5714600000000003,-87.9758,-13.1075,20.348570000000002
626.0,4.0,7.7093,-99.6809,-16.3639,19.2399
626.0,4.0,8.48023,-109.64899,-16.3639,21.16389
627.0,0.0,-18.4046,7.8542,41.4891,8.5527
627.0,0.0,-20.24506,8.63962,41.4891,9.40797
627.0,1.0,-36.0996,17.2482,82.948,9.1444
627.0,1.0,-39.70956,18.97302,82.948,10.05884
627.0,2.0,-52.9255,28.2908,124.4792,10.0912
627.0,2.0,-58.218050000000005,31.119880000000002,124.4792,11.100320000000002
627.0,3.0,-68.8235,40.8005,165.9882,10.6131
627.0,3.0,-75.70585,44.88055000000001,165.9882,11.67441
627.0,4.0,-83.6264,54.8133,207.4352,11.3597
627.0,4.0,-91.98904000000002,60.294630000000005,207.4352,12.49567
628.0,0.0,6.3887,18.965,-71.2766,13.5829
628.0,0.0,7.027570000000001,20.861500000000003,-71.2766,14.941190000000002
628.0,1.0,14.3505,37.3406,-142.568,14.0522
628.0,1.0,15.785550000000002,41.07466000000001,-142.568,15.45742
628.0,2.0,23.871,55.0652,-213.8496,14.7895
628.0,2.0,26.2581,60.57172,-213.8496,16.26845
628.0,3.0,34.8622,71.9846,-285.1508,15.449
628.0,3.0,38.348420000000004,79.18306000000001,-285.1508,16.9939
628.0,4.0,47.4103,88.0789,-356.3876,16.1569
628.0,4.0,52.15133,96.88679000000002,-356.3876,17.77259
629.0,0.0,-19.94,-1.3904,19.8627,1.3827
629.0,0.0,-21.934000000000005,-1.5294400000000001,19.8627,1.5209700000000002
629.0,1.0,-39.9664,-1.421,39.7437,2.3353
629.0,1.0,-43.96304000000001,-1.5631000000000002,39.7437,2.56883
629.0,2.0,-60.0105,-0.1744,59.6265,3.0099
629.0,2.0,-66.01155,-0.19184,59.6265,3.31089
629.0,3.0,-79.9415,2.3791,79.4855,3.624
629.0,3.0,-87.93565000000001,2.6170100000000005,79.4855,3.9864000000000006
629.0,4.0,-99.7814,6.1916,99.3517,4.3232
629.0,4.0,-109.75954000000002,6.810760000000001,99.3517,4.755520000000001
630.0,0.0,-4.0954,19.5865,35.5303,5.4876
630.0,0.0,-4.50494,21.545150000000003,35.5303,6.03636
630.0,1.0,-5.7025,39.6101,71.0651,6.2487
630.0,1.0,-6.27275,43.571110000000004,71.0651,6.873570000000001
630.0,2.0,-4.8316,59.7723,106.6332,6.9409
630.0,2.0,-5.314760000000001,65.74953000000001,106.6332,7.634990000000001
630.0,3.0,-1.4711,80.0456,142.1623,7.535
630.0,3.0,-1.6182100000000001,88.05016,142.1623,8.2885
630.0,4.0,4.395,99.8782,177.7612,8.1196
630.0,4.0,4.8345,109.86602000000002,177.7612,8.931560000000001
631.0,0.0,18.035,8.6986,49.5436,19.6612
631.0,0.0,19.838500000000003,9.568460000000002,49.5436,21.62732
631.0,1.0,35.6055,18.2702,99.1452,20.2975
631.0,1.0,39.166050000000006,20.09722,99.1452,22.327250000000003
631.0,2.0,52.7451,28.6233,148.7096,20.8927
631.0,2.0,58.01961000000001,31.485630000000004,148.7096,22.981970000000004
631.0,3.0,69.3721,39.8142,198.2572,21.5912
631.0,3.0,76.30931000000001,43.79562,198.2572,23.750320000000002
631.0,4.0,85.5342,51.7972,247.8451,22.0809
631.0,4.0,94.08762,56.97692,247.8451,24.288990000000002
632.0,0.0,-8.397,18.1986,-12.7957,12.7156
632.0,0.0,-9.2367,20.01846,-12.7957,13.987160000000001
632.0,1.0,-14.5731,37.2196,-25.6498,13.5034
632.0,1.0,-16.03041,40.94156,-25.6498,14.85374
632.0,2.0,-18.5721,57.0406,-38.4223,14.0884
632.0,2.0,-20.42931,62.74466,-38.4223,15.497240000000001
632.0,3.0,-20.27,77.3833,-51.2328,14.6325
632.0,3.0,-22.297,85.12163000000001,-51.2328,16.095750000000002
632.0,4.0,-19.7139,98.0173,-64.0315,15.2346
632.0,4.0,-21.685290000000002,107.81903000000001,-64.0315,16.75806
633.0,0.0,-17.3597,9.964,62.5368,9.8209
633.0,0.0,-19.095670000000002,10.960400000000002,62.5368,10.802990000000001
633.0,1.0,-35.4657,18.5112,125.134,10.293
633.0,1.0,-39.01227,20.36232,125.134,11.3223
633.0,2.0,-54.3028,25.4828,187.6814,11.041
633.0,2.0,-59.73308,28.031080000000003,187.6814,12.145100000000001
633.0,3.0,-73.7842,30.9494,250.2444,11.7834
633.0,3.0,-81.16262,34.044340000000005,250.2444,12.96174
633.0,4.0,-93.7396,34.7855,312.7742,12.3555
633.0,4.0,-103.11356,38.264050000000005,312.7742,13.591050000000001
634.0,0.0,6.5945,18.8686,37.912,22.6557
634.0,0.0,7.253950000000001,20.755460000000003,37.912,24.92127
634.0,1.0,11.9552,38.1949,75.7692,23.1601
634.0,1.0,13.15072,42.01439,75.7692,25.476110000000002
634.0,2.0,16.169,57.7638,113.7254,23.9417
634.0,2.0,17.7859,63.54018000000001,113.7254,26.335870000000003
634.0,3.0,19.1719,77.6532,151.5868,24.6088
634.0,3.0,21.089090000000002,85.41852,151.5868,27.06968
634.0,4.0,21.0121,97.7446,189.4893,25.1158
634.0,4.0,23.113310000000002,107.51906000000001,189.4893,27.627380000000002
635.0,0.0,6.6378,-18.8566,-42.5361,24.2857
635.0,0.0,7.301580000000001,-20.74226,-42.5361,26.71427
635.0,1.0,21.733,-33.5914,-85.08,24.9884
635.0,1.0,23.9063,-36.950540000000004,-85.08,27.48724
635.0,2.0,43.5192,-41.3295,-127.5722,25.591
635.0,2.0,47.871120000000005,-45.462450000000004,-127.5722,28.150100000000002
635.0,3.0,69.3261,-39.933,-170.0914,26.1137
635.0,3.0,76.25871000000001,-43.926300000000005,-170.0914,28.725070000000002
635.0,4.0,95.8964,-28.298,-212.6425,26.7424
635.0,4.0,105.48604,-31.1278,-212.6425,29.41664
636.0,0.0,15.8313,-12.1843,-54.444,24.7453
636.0,0.0,17.414430000000003,-13.402730000000002,-54.444,27.21983
636.0,1.0,30.6405,-25.7956,-108.9389,25.2499
636.0,1.0,33.704550000000005,-28.37516,-108.9389,27.774890000000003
636.0,2.0,44.1865,-40.5696,-163.3726,26.246
636.0,2.0,48.60515000000001,-44.626560000000005,-163.3726,28.8706
636.0,3.0,56.5288,-56.6502,-217.7986,26.6308
636.0,3.0,62.18168,-62.315220000000004,-217.7986,29.29388
636.0,4.0,67.5113,-73.7526,-272.2218,27.1954
636.0,4.0,74.26243000000001,-81.12786000000001,-272.2218,29.91494
637.0,0.0,7.6662,-18.4697,-14.6962,3.7772
637.0,0.0,8.432820000000001,-20.316670000000002,-14.6962,4.154920000000001
637.0,1.0,16.3051,-36.5294,-29.4468,4.6248
637.0,1.0,17.93561,-40.18234,-29.4468,5.08728
637.0,2.0,25.8593,-54.1555,-44.1148,5.3715
637.0,2.0,28.445230000000002,-59.57105000000001,-44.1148,5.908650000000001
637.0,3.0,36.3708,-71.2621,-58.792,5.9133
637.0,3.0,40.00788000000001,-78.38831,-58.792,6.50463
637.0,4.0,47.722,-87.8226,-73.5167,6.6159
637.0,4.0,52.494200000000006,-96.60486,-73.5167,7.27749
638.0,0.0,-7.9576,-18.3968,15.2434,3.5953
638.0,0.0,-8.75336,-20.23648,15.2434,3.9548300000000003
638.0,1.0,-15.0166,-37.0836,30.5532,4.3444
638.0,1.0,-16.51826,-40.79196,30.5532,4.778840000000001
638.0,2.0,-21.1533,-56.1423,45.8096,5.2015
638.0,2.0,-23.268630000000005,-61.756530000000005,45.8096,5.72165
638.0,3.0,-26.4414,-75.5134,61.1201,5.6821
638.0,3.0,-29.085540000000005,-83.06474000000001,61.1201,6.250310000000001
638.0,4.0,-30.8049,-95.1168,76.3701,6.2206
638.0,4.0,-33.88539,-104.62848000000001,76.3701,6.84266
639.0,0.0,-20.0097,-0.1215,-9.0225,13.508
639.0,0.0,-22.01067,-0.13365000000000002,-9.0225,14.8588
639.0,1.0,-39.9125,2.3987,-17.9291,14.2145
639.0,1.0,-43.90375,2.63857,-17.9291,15.635950000000001
639.0,2.0,-59.5249,7.5726,-26.8916,14.7807
639.0,2.0,-65.47739000000001,8.329860000000002,-26.8916,16.258770000000002
639.0,3.0,-78.474,15.4398,-35.8979,15.5642
639.0,3.0,-86.32140000000001,16.983780000000003,-35.8979,17.120620000000002
639.0,4.0,-96.6103,25.7795,-44.8547,16.1488
639.0,4.0,-106.27133,28.35745,-44.8547,17.763680000000004
640.0,0.0,-7.6926,18.4661,-31.1472,24.4932
640.0,0.0,-8.46186,20.312710000000003,-31.1472,26.942520000000005
640.0,1.0,-11.9626,38.1403,-62.3562,25.0572
640.0,1.0,-13.15886,41.954330000000006,-62.3562,27.562920000000005
640.0,2.0,-12.7265,58.6619,-93.5223,25.7422
640.0,2.0,-13.99915,64.52809,-93.5223,28.316420000000004
640.0,3.0,-9.8243,79.403,-124.7341,26.5975
640.0,3.0,-10.80673,87.34330000000001,-124.7341,29.257250000000003
640.0,4.0,-3.2694,99.9645,-155.8906,27.1469
640.0,4.0,-3.5963400000000005,109.96095000000001,-155.8906,29.86159
641.0,0.0,-6.9871,-18.7195,71.8679,6.0644
641.0,0.0,-7.68581,-20.591450000000002,71.8679,6.670840000000001
641.0,1.0,-11.6483,-38.2965,143.7106,6.9104
641.0,1.0,-12.813130000000001,-42.12615,143.7106,7.601440000000001
641.0,2.0,-13.9196,-58.325,215.5919,7.5724
641.0,2.0,-15.311560000000002,-64.15750000000001,215.5919,8.329640000000001
641.0,3.0,-13.7466,-78.8222,287.4528,8.1973
641.0,3.0,-15.121260000000001,-86.70442,287.4528,9.017030000000002
641.0,4.0,-11.0247,-99.3686,359.2711,8.8778
641.0,4.0,-12.12717,-109.30546000000001,359.2711,9.765580000000002
642.0,0.0,17.6473,-9.5091,11.9641,24.1544
642.0,0.0,19.41203,-10.46001,11.9641,26.569840000000003
642.0,1.0,32.8765,-22.7894,23.8887,24.8018
642.0,1.0,36.16415000000001,-25.068340000000003,23.8887,27.28198
642.0,2.0,45.2422,-39.4629,35.8306,25.5644
642.0,2.0,49.766420000000004,-43.40919,35.8306,28.12084
642.0,3.0,54.0557,-59.0122,47.7536,26.0754
642.0,3.0,59.461270000000006,-64.91342,47.7536,28.682940000000002
642.0,4.0,58.9807,-80.7383,59.7163,26.788
642.0,4.0,64.87877,-88.81213,59.7163,29.466800000000003
643.0,0.0,-18.4861,-7.5868,4.844,17.3848
643.0,0.0,-20.33471,-8.34548,4.844,19.12328
643.0,1.0,-36.3473,-16.7268,9.6731,18.0287
643.0,1.0,-39.98203,-18.399480000000004,9.6731,19.831570000000003
643.0,2.0,-53.4174,-27.2903,14.4906,18.7885
643.0,2.0,-58.75914,-30.01933,14.4906,20.66735
643.0,3.0,-69.6191,-39.3722,19.3995,19.4351
643.0,3.0,-76.58101,-43.30942,19.3995,21.37861
643.0,4.0,-84.9402,-52.8356,24.18,20.1399
643.0,4.0,-93.43422000000001,-58.11916,24.18,22.153890000000004
644.0,0.0,18.0226,-8.6709,-9.7064,10.1411
644.0,0.0,19.82486,-9.53799,-9.7064,11.15521
644.0,1.0,34.495,-20.2709,-19.4307,10.9034
644.0,1.0,37.9445,-22.297990000000002,-19.4307,11.99374
644.0,2.0,49.0499,-34.5752,-29.1111,11.7268
644.0,2.0,53.954890000000006,-38.032720000000005,-29.1111,12.899480000000002
644.0,3.0,61.3623,-51.3474,-38.8313,12.3964
644.0,3.0,67.49853,-56.48214000000001,-38.8313,13.636040000000001
644.0,4.0,71.148,-70.2766,-48.4979,12.8947
644.0,4.0,78.2628,-77.30426000000001,-48.4979,14.184170000000002
645.0,0.0,-9.0353,17.8519,85.1574,12.7937
645.0,0.0,-9.93883,19.63709,85.1574,14.073070000000001
645.0,1.0,-16.1848,36.6058,170.3199,13.3629
645.0,1.0,-17.80328,40.266380000000005,170.3199,14.699190000000002
645.0,2.0,-21.4514,56.0857,255.4849,14.1484
645.0,2.0,-23.59654,61.69427000000001,255.4849,15.563240000000002
645.0,3.0,-24.6954,76.1366,340.6322,14.7231
645.0,3.0,-27.16494,83.75026000000001,340.6322,16.195410000000003
645.0,4.0,-25.8534,96.6278,425.7796,15.5062
645.0,4.0,-28.438740000000003,106.29058,425.7796,17.056820000000002
646.0,0.0,2.6117,19.8035,109.5753,24.236
646.0,0.0,2.8728700000000003,21.78385,109.5753,26.659600000000005
646.0,1.0,6.4903,39.4627,219.1214,24.8087
646.0,1.0,7.139330000000001,43.408970000000004,219.1214,27.289570000000005
646.0,2.0,11.6403,58.8701,328.6633,25.4018
646.0,2.0,12.80433,64.75711000000001,328.6633,27.941980000000004
646.0,3.0,18.0179,77.952,438.2872,26.1928
646.0,3.0,19.81969,85.7472,438.2872,28.81208
646.0,4.0,25.6063,96.6769,547.8495,26.8846
646.0,4.0,28.166930000000004,106.34459000000001,547.8495,29.57306
647.0,0.0,16.99,10.5474,-46.0885,1.8874
647.0,0.0,18.689,11.60214,-46.0885,2.07614
647.0,1.0,34.4656,20.2788,-92.1985,2.7258
647.0,1.0,37.91216000000001,22.306680000000004,-92.1985,2.99838
647.0,2.0,52.4329,29.1669,-138.2389,3.3268
647.0,2.0,57.67619,32.08359,-138.2389,3.6594800000000003
647.0,3.0,70.8121,37.1309,-184.3876,4.007
647.0,3.0,77.89331000000001,40.84399,-184.3876,4.4077
647.0,4.0,89.7153,44.2141,-230.482,4.8121
647.0,4.0,98.68683,48.635510000000004,-230.482,5.293310000000001
648.0,0.0,17.1617,-10.2527,90.5998,14.1782
648.0,0.0,18.87787,-11.277970000000002,90.5998,15.596020000000001
648.0,1.0,36.3511,-16.7074,181.157,14.9401
648.0,1.0,39.98621000000001,-18.378140000000002,181.157,16.43411
648.0,2.0,56.8476,-19.1182,271.7828,15.5705
648.0,2.0,62.532360000000004,-21.030020000000004,271.7828,17.12755
648.0,3.0,78.0826,-17.2992,362.3577,16.1851
648.0,3.0,85.89086,-19.02912,362.3577,17.80361
648.0,4.0,99.3915,-11.1094,452.9877,16.9852
648.0,4.0,109.33065,-12.220340000000002,452.9877,18.68372
649.0,0.0,7.3166,18.5863,-3.4709,6.6658
649.0,0.0,8.04826,20.444930000000003,-3.4709,7.332380000000001
649.0,1.0,13.0201,37.8077,-6.9389,7.1815
649.0,1.0,14.32211,41.58847,-6.9389,7.89965
649.0,2.0,17.1288,57.4741,-10.3589,7.726
649.0,2.0,18.84168,63.22151,-10.3589,8.498600000000001
649.0,3.0,19.4445,77.5663,-13.8722,8.5528
649.0,3.0,21.388950000000005,85.32293,-13.8722,9.40808
649.0,4.0,20.1764,97.9391,-17.3205,9.2201
649.0,4.0,22.194040000000005,107.73301000000001,-17.3205,10.14211
650.0,0.0,16.971,-10.6232,59.7658,0.7192
650.0,0.0,18.668100000000003,-11.685520000000002,59.7658,0.79112
650.0,1.0,34.4798,-20.298,119.5,1.4018
650.0,1.0,37.92778,-22.3278,119.5,1.5419800000000001
650.0,2.0,52.5655,-28.9663,179.2799,2.1408
650.0,2.0,57.822050000000004,-31.862930000000002,179.2799,2.35488
650.0,3.0,71.1109,-36.6286,238.9907,2.9433
650.0,3.0,78.22199,-40.29146,238.9907,3.2376300000000002
650.0,4.0,90.1304,-43.3032,298.7623,3.6713
650.0,4.0,99.14344,-47.63352,298.7623,4.03843
651.0,0.0,13.7881,14.4647,29.409,22.2021
651.0,0.0,15.166910000000001,15.911170000000002,29.409,24.422310000000003
651.0,1.0,21.3463,33.8377,58.8208,22.8152
651.0,1.0,23.48093,37.221470000000004,58.8208,25.09672
651.0,2.0,21.4299,56.019,88.2367,23.5002
651.0,2.0,23.57289,61.620900000000006,88.2367,25.85022
651.0,3.0,13.3658,78.8667,117.6845,24.198
651.0,3.0,14.702380000000002,86.75337,117.6845,26.617800000000003
651.0,4.0,-2.9691,99.9382,147.0562,24.7779
651.0,4.0,-3.2660100000000005,109.93202000000001,147.0562,27.25569
652.0,0.0,-19.7253,3.1312,-14.7027,10.074
652.0,0.0,-21.697830000000003,3.4443200000000007,-14.7027,11.0814
652.0,1.0,-39.6491,5.168,-29.4161,10.6285
652.0,1.0,-43.61401,5.684800000000001,-29.4161,11.691350000000002
652.0,2.0,-59.6936,6.0314,-44.0947,11.5156
652.0,2.0,-65.66296000000001,6.63454,-44.0947,12.66716
652.0,3.0,-79.789,5.7705,-58.8025,12.1333
652.0,3.0,-87.76790000000001,6.347550000000001,-58.8025,13.346630000000001
652.0,4.0,-99.9114,4.3854,-73.5342,12.6651
652.0,4.0,-109.90254000000002,4.82394,-73.5342,13.931610000000003
653.0,0.0,19.9665,1.1471,24.5966,23.9421
653.0,0.0,21.963150000000002,1.26181,24.5966,26.33631
653.0,1.0,39.8684,3.3063,49.2494,24.8323
653.0,1.0,43.85524,3.63693,49.2494,27.315530000000003
653.0,2.0,59.6298,6.4715,73.8387,25.6275
653.0,2.0,65.59278,7.118650000000001,73.8387,28.190250000000002
653.0,3.0,79.2855,10.6556,98.5306,26.1471
653.0,3.0,87.21405,11.721160000000001,98.5306,28.76181
653.0,4.0,98.7542,15.8162,123.1417,26.931
653.0,4.0,108.62962,17.397820000000003,123.1417,29.624100000000002
654.0,0.0,19.5267,4.3411,-1.727,12.1578
654.0,0.0,21.479370000000003,4.77521,-1.727,13.37358
654.0,1.0,37.5683,13.6937,-3.4592,12.6655
654.0,1.0,41.32513,15.063070000000002,-3.4592,13.93205
654.0,2.0,53.3075,27.6162,-5.171,13.4361
654.0,2.0,58.63825,30.37782,-5.171,14.779710000000001
654.0,3.0,65.6887,45.6517,-6.8732,13.9466
654.0,3.0,72.25757,50.21687,-6.8732,15.341260000000002
654.0,4.0,74.0821,67.1772,-8.5942,14.708
654.0,4.0,81.49031000000001,73.89492,-8.5942,16.178800000000003
655.0,0.0,8.5429,-18.0704,11.6198,21.3745
655.0,0.0,9.39719,-19.87744,11.6198,23.511950000000002
655.0,1.0,19.2411,-35.0795,23.2822,22.0533
655.0,1.0,21.165210000000002,-38.587450000000004,23.2822,24.258630000000004
655.0,2.0,31.7225,-50.8726,34.949,22.8002
655.0,2.0,34.89475,-55.959860000000006,34.949,25.08022
655.0,3.0,46.1189,-65.3665,46.5681,23.4464
655.0,3.0,50.73079,-71.90315000000001,46.5681,25.791040000000002
655.0,4.0,62.2445,-78.259,58.2341,24.1715
655.0,4.0,68.46895,-86.0849,58.2341,26.588650000000005
656.0,0.0,13.6127,14.664,91.9851,25.5274
656.0,0.0,14.973970000000001,16.1304,91.9851,28.080140000000004
656.0,1.0,26.1844,30.2447,183.9862,26.1576
656.0,1.0,28.802840000000003,33.26917,183.9862,28.77336
656.0,2.0,37.6829,46.6664,275.9635,26.6072
656.0,2.0,41.45119,51.333040000000004,275.9635,29.26792
656.0,3.0,48.1484,63.9218,367.9512,27.2983
656.0,3.0,52.963240000000006,70.31398,367.9512,30.028130000000004
656.0,4.0,57.3804,81.8933,459.9844,28.0435
656.0,4.0,63.11844000000001,90.08263000000001,459.9844,30.847850000000005
657.0,0.0,-15.3608,-12.8095,-68.3327,18.3667
657.0,0.0,-16.89688,-14.09045,-68.3327,20.203370000000003
657.0,1.0,-29.753,-26.7337,-136.7412,19.0904
657.0,1.0,-32.728300000000004,-29.40707,-136.7412,20.99944
657.0,2.0,-43.2059,-41.6857,-205.1531,19.8889
657.0,2.0,-47.52649,-45.85427,-205.1531,21.87779
657.0,3.0,-55.5779,-57.5545,-273.4865,20.5932
657.0,3.0,-61.135690000000004,-63.30995,-273.4865,22.652520000000003
657.0,4.0,-66.8641,-74.3595,-341.8677,21.1697
657.0,4.0,-73.55051,-81.79545,-341.8677,23.28667
658.0,0.0,-4.7782,19.4266,41.6434,14.4209
658.0,0.0,-5.25602,21.36926,41.6434,15.862990000000002
658.0,1.0,-7.9649,39.2263,83.2397,15.0668
658.0,1.0,-8.76139,43.14893000000001,83.2397,16.573480000000004
658.0,2.0,-9.454,59.2423,124.86,15.7485
658.0,2.0,-10.399400000000002,65.16653000000001,124.86,17.32335
658.0,3.0,-9.3028,79.4931,166.5345,16.4867
658.0,3.0,-10.233080000000001,87.44241000000001,166.5345,18.13537
658.0,4.0,-7.3919,99.7136,208.1496,16.9586
658.0,4.0,-8.13109,109.68496,208.1496,18.654460000000004
659.0,0.0,19.9794,0.8557,107.583,5.8661
659.0,0.0,21.977339999999998,0.94127,107.583,6.452710000000001
659.0,1.0,39.9691,-0.4045,215.1006,6.5536
659.0,1.0,43.96601,-0.44495000000000007,215.1006,7.208960000000001
659.0,2.0,59.8948,-3.8884,322.6511,7.1548
659.0,2.0,65.88428,-4.27724,322.6511,7.87028
659.0,3.0,79.4372,-9.3977,430.2187,7.7488
659.0,3.0,87.38092000000002,-10.337470000000001,430.2187,8.52368
659.0,4.0,98.512,-17.0879,537.7525,8.5532
659.0,4.0,108.3632,-18.79669,537.7525,9.408520000000001
660.0,0.0,-9.2604,-17.7459,9.9716,9.7107
660.0,0.0,-10.186440000000001,-19.52049,9.9716,10.68177
660.0,1.0,-14.1119,-37.4266,20.0259,10.3182
660.0,1.0,-15.523090000000002,-41.16926,20.0259,11.35002
660.0,2.0,-14.1989,-58.2872,30.0534,11.0009
660.0,2.0,-15.61879,-64.11592,30.0534,12.100990000000001
660.0,3.0,-9.4349,-79.4453,40.0425,11.7719
660.0,3.0,-10.378390000000001,-87.38983,40.0425,12.949090000000002
660.0,4.0,0.2628,-99.9759,50.1081,12.5166
660.0,4.0,0.28908,-109.97349,50.1081,13.768260000000001
661.0,0.0,8.2273,-18.2124,-6.5455,15.1851
661.0,0.0,9.05003,-20.033640000000002,-6.5455,16.70361
661.0,1.0,14.9582,-37.1044,-13.0728,15.7596
661.0,1.0,16.45402,-40.814840000000004,-13.0728,17.33556
661.0,2.0,20.1158,-56.5218,-19.5964,16.376
661.0,2.0,22.127380000000002,-62.17398000000001,-19.5964,18.013600000000004
661.0,3.0,23.7417,-76.4449,-26.1881,17.1152
661.0,3.0,26.115870000000005,-84.08939000000001,-26.1881,18.82672
661.0,4.0,25.7022,-96.6258,-32.701,17.5649
661.0,4.0,28.272420000000004,-106.28838,-32.701,19.321390000000005
662.0,0.0,19.8034,2.6193,-5.3903,11.6009
662.0,0.0,21.78374,2.8812300000000004,-5.3903,12.76099
662.0,1.0,39.9873,0.7793,-10.808,12.1349
662.0,1.0,43.98603,0.85723,-10.808,13.348390000000002
662.0,2.0,59.752,-5.4758,-16.1908,12.937
662.0,2.0,65.72720000000001,-6.02338,-16.1908,14.2307
662.0,3.0,78.3539,-16.0742,-21.6158,13.5742
662.0,3.0,86.18929,-17.681620000000002,-21.6158,14.93162
662.0,4.0,95.1339,-30.7879,-27.0391,14.2911
662.0,4.0,104.64729,-33.866690000000006,-27.0391,15.720210000000002
663.0,0.0,-16.5317,11.2333,-99.7103,16.2397
663.0,0.0,-18.184870000000004,12.356630000000001,-99.7103,17.86367
663.0,1.0,-32.4375,23.417,-199.4813,16.7837
663.0,1.0,-35.681250000000006,25.758700000000005,-199.4813,18.46207
663.0,2.0,-47.6765,36.3754,-299.1947,17.7438
663.0,2.0,-52.44415,40.01294,-299.1947,19.51818
663.0,3.0,-62.3026,50.1916,-398.9296,18.3935
663.0,3.0,-68.53286,55.21076000000001,-398.9296,20.232850000000003
663.0,4.0,-76.2091,64.7616,-498.6922,18.8572
663.0,4.0,-83.83001000000002,71.23776000000001,-498.6922,20.74292
664.0,0.0,-19.9019,1.985,79.1355,9.1952
664.0,0.0,-21.892090000000003,2.1835000000000004,79.1355,10.11472
664.0,1.0,-39.9741,1.7594,158.3152,9.916
664.0,1.0,-43.97151,1.9353400000000003,158.3152,10.9076
664.0,2.0,-60.021,-0.6556,237.434,10.4751
664.0,2.0,-66.0231,-0.72116,237.434,11.52261
664.0,3.0,-79.8014,-5.3251,316.5451,11.0825
664.0,3.0,-87.78154,-5.85761,316.5451,12.190750000000001
664.0,4.0,-99.2837,-12.137,395.7028,11.9614
664.0,4.0,-109.21207000000001,-13.350700000000002,395.7028,13.157540000000001
665.0,0.0,7.831,18.3846,-16.6903,16.1054
665.0,0.0,8.6141,20.22306,-16.6903,17.71594
665.0,1.0,10.9193,38.4524,-33.3659,16.6514
665.0,1.0,12.011230000000001,42.29764,-33.3659,18.31654
665.0,2.0,8.9294,59.3059,-50.0987,17.4303
665.0,2.0,9.82234,65.23649,-50.0987,19.17333
665.0,3.0,1.959,80.0063,-66.7724,18.0552
665.0,3.0,2.1549,88.00693,-66.7724,19.86072
665.0,4.0,-10.2411,99.4564,-83.4365,18.8463
665.0,4.0,-11.26521,109.40204000000001,-83.4365,20.73093
666.0,0.0,17.3979,-9.8112,55.2174,15.6014
666.0,0.0,19.137690000000003,-10.79232,55.2174,17.161540000000002
666.0,1.0,37.8489,-12.9263,110.4169,16.1608
666.0,1.0,41.633790000000005,-14.21893,110.4169,17.77688
666.0,2.0,59.3277,-8.817,165.6328,16.6553
666.0,2.0,65.26047000000001,-9.6987,165.6328,18.32083
666.0,3.0,79.9419,2.7706,220.8747,17.4914
666.0,3.0,87.93609000000001,3.04766,220.8747,19.24054
666.0,4.0,97.6651,21.4933,276.0594,18.1247
666.0,4.0,107.43161,23.642630000000004,276.0594,19.937170000000002
667.0,0.0,15.0984,-13.1821,-14.4376,19.2265
667.0,0.0,16.608240000000002,-14.50031,-14.4376,21.149150000000002
667.0,1.0,30.7343,-25.62,-28.8762,19.6223
667.0,1.0,33.80773000000001,-28.182000000000002,-28.8762,21.58453
667.0,2.0,46.9747,-37.4039,-43.3149,20.2058
667.0,2.0,51.67217,-41.144290000000005,-43.3149,22.226380000000002
667.0,3.0,63.6842,-48.3427,-57.7686,21.0382
667.0,3.0,70.05262,-53.176970000000004,-57.7686,23.142020000000002
667.0,4.0,81.0428,-58.5394,-72.1678,21.5302
667.0,4.0,89.14708,-64.39334000000001,-72.1678,23.683220000000002
668.0,0.0,18.6529,7.239,-29.9219,8.6792
668.0,0.0,20.51819,7.9629,-29.9219,9.547120000000001
668.0,1.0,36.5563,16.328,-59.8597,9.6054
668.0,1.0,40.21193,17.960800000000003,-59.8597,10.56594
668.0,2.0,53.4294,27.3114,-89.7439,10.2073
668.0,2.0,58.77234000000001,30.042540000000002,-89.7439,11.22803
668.0,3.0,69.2829,40.0133,-119.6171,10.9486
668.0,3.0,76.21119,44.014630000000004,-119.6171,12.043460000000001
668.0,4.0,83.8931,54.4275,-149.5855,11.4176
668.0,4.0,92.28241000000001,59.870250000000006,-149.5855,12.559360000000002
669.0,0.0,18.4878,7.6506,-34.1873,19.745
669.0,0.0,20.33658,8.41566,-34.1873,21.719500000000004
669.0,1.0,36.6207,16.1979,-68.3705,20.269
669.0,1.0,40.28277,17.817690000000002,-68.3705,22.2959
669.0,2.0,54.2182,25.7123,-102.6016,21.0506
669.0,2.0,59.64002000000001,28.283530000000003,-102.6016,23.15566
669.0,3.0,71.3756,36.1242,-136.7923,21.6645
669.0,3.0,78.51316000000001,39.73662,-136.7923,23.83095
669.0,4.0,88.0388,47.4329,-171.0143,22.1555
669.0,4.0,96.84268,52.17619,-171.0143,24.37105
670.0,0.0,19.9792,1.0056,112.6319,2.6227
670.0,0.0,21.97712,1.1061600000000003,112.6319,2.8849700000000005
670.0,1.0,39.9852,0.9352,225.1827,3.1972
670.0,1.0,43.983720000000005,1.02872,225.1827,3.5169200000000003
670.0,2.0,60.0033,-0.2519,337.8109,3.9245
670.0,2.0,66.00363000000002,-0.27709000000000006,337.8109,4.31695
670.0,3.0,79.9892,-2.483,450.4133,4.7208
670.0,3.0,87.98812000000001,-2.7313000000000005,450.4133,5.19288
670.0,4.0,99.838,-5.8243,563.048,5.2884
670.0,4.0,109.8218,-6.4067300000000005,563.048,5.817240000000001
671.0,0.0,9.52,17.5801,109.8434,3.0406
671.0,0.0,10.472,19.338110000000004,109.8434,3.34466
671.0,1.0,21.2331,33.9019,219.6217,3.7674
671.0,1.0,23.356410000000004,37.29209,219.6217,4.14414
671.0,2.0,34.9838,48.7446,329.5376,4.4174
671.0,2.0,38.48218000000001,53.619060000000005,329.5376,4.85914
671.0,3.0,50.6312,61.9329,439.3296,5.0269
671.0,3.0,55.694320000000005,68.12619000000001,439.3296,5.529590000000001
671.0,4.0,68.0306,73.3356,549.1651,5.8804
671.0,4.0,74.83366000000001,80.66916,549.1651,6.46844
672.0,0.0,-10.0114,-17.3302,84.1861,11.8889
672.0,0.0,-11.012540000000001,-19.063220000000005,84.1861,13.07779
672.0,1.0,-21.5606,-33.6833,168.336,12.5948
672.0,1.0,-23.716660000000005,-37.05163,168.336,13.854280000000001
672.0,2.0,-34.6998,-48.9502,252.5086,13.24
672.0,2.0,-38.16978000000001,-53.845220000000005,252.5086,14.564000000000002
672.0,3.0,-49.2117,-63.1293,336.714,14.0042
672.0,3.0,-54.132870000000004,-69.44223000000001,336.714,15.404620000000003
672.0,4.0,-65.09,-75.9214,420.833,14.6036
672.0,4.0,-71.599,-83.51354,420.833,16.06396
673.0,0.0,8.519,-18.0546,81.7401,12.2178
673.0,0.0,9.3709,-19.86006,81.7401,13.439580000000001
673.0,1.0,15.4945,-36.8625,163.4922,13.0386
673.0,1.0,17.043950000000002,-40.54875,163.4922,14.342460000000003
673.0,2.0,20.859,-56.2293,245.1997,13.5558
673.0,2.0,22.944900000000004,-61.852230000000006,245.1997,14.911380000000001
673.0,3.0,24.5378,-76.1582,326.9289,14.3784
673.0,3.0,26.991580000000003,-83.77402,326.9289,15.81624
673.0,4.0,26.6663,-96.3903,408.6821,14.935
673.0,4.0,29.33293,-106.02933,408.6821,16.428500000000003
674.0,0.0,19.8612,2.4385,-41.1571,22.8568
674.0,0.0,21.847320000000003,2.68235,-41.1571,25.142480000000003
674.0,1.0,38.7851,9.7728,-82.3205,23.4857
674.0,1.0,42.663610000000006,10.75008,-82.3205,25.834270000000004
674.0,2.0,55.9758,21.6447,-123.4606,24.4093
674.0,2.0,61.57338000000001,23.80917,-123.4606,26.850230000000003
674.0,3.0,70.517,37.7578,-164.6195,24.8969
674.0,3.0,77.5687,41.53358000000001,-164.6195,27.38659
674.0,4.0,81.7168,57.6326,-205.7279,25.3336
674.0,4.0,89.88848000000002,63.39586,-205.7279,27.866960000000002
675.0,0.0,13.0104,-15.1648,-74.2917,22.7038
675.0,0.0,14.311440000000001,-16.68128,-74.2917,24.974180000000004
675.0,1.0,21.4384,-33.7545,-148.6418,23.3267
675.0,1.0,23.582240000000002,-37.12995,-148.6418,25.65937
675.0,2.0,24.6194,-54.7289,-222.9307,24.2348
675.0,2.0,27.08134,-60.20179000000001,-222.9307,26.65828
675.0,3.0,22.1081,-76.8792,-297.2956,24.6481
675.0,3.0,24.318910000000002,-84.56712,-297.2956,27.112910000000003
675.0,4.0,13.555,-99.0699,-371.5636,25.4088
675.0,4.0,14.9105,-108.97689000000001,-371.5636,27.94968
676.0,0.0,19.9958,0.67,43.5627,13.955
676.0,0.0,21.99538,0.7370000000000001,43.5627,15.350500000000002
676.0,1.0,39.9027,2.747,87.0785,14.6117
676.0,1.0,43.892970000000005,3.0217,87.0785,16.07287
676.0,2.0,59.6812,6.1425,130.6654,15.3407
676.0,2.0,65.64932,6.75675,130.6654,16.87477
676.0,3.0,79.2296,11.0438,174.2447,15.8992
676.0,3.0,87.15256000000001,12.14818,174.2447,17.489120000000003
676.0,4.0,98.4856,17.3362,217.8131,16.5416
676.0,4.0,108.33416000000001,19.069820000000004,217.8131,18.19576
677.0,0.0,-16.1921,11.7339,-45.9508,5.2172
677.0,0.0,-17.811310000000002,12.907290000000001,-45.9508,5.73892
677.0,1.0,-31.0545,25.1921,-91.8551,5.7546
677.0,1.0,-34.15995,27.71131,-91.8551,6.3300600000000005
677.0,2.0,-44.3408,40.3839,-137.7798,6.3271
677.0,2.0,-48.77488,44.422290000000004,-137.7798,6.95981
677.0,3.0,-55.9783,57.1719,-183.7347,7.1148
677.0,3.0,-61.57613,62.88909,-183.7347,7.826280000000001
677.0,4.0,-65.8324,75.2371,-229.6662,7.8939
677.0,4.0,-72.41564000000001,82.76081,-229.6662,8.683290000000001
678.0,0.0,-19.7874,-3.0626,35.9134,13.1084
678.0,0.0,-21.766140000000004,-3.3688600000000006,35.9134,14.41924
678.0,1.0,-39.0733,-8.4973,71.8464,13.552
678.0,1.0,-42.980630000000005,-9.34703,71.8464,14.907200000000001
678.0,2.0,-57.7833,-16.1903,107.7856,14.115
678.0,2.0,-63.56163,-17.809330000000003,107.7856,15.526500000000002
678.0,3.0,-75.6206,-26.0932,143.7118,14.8777
678.0,3.0,-83.18266,-28.702520000000003,143.7118,16.365470000000002
678.0,4.0,-92.4563,-38.1438,179.6338,15.6981
678.0,4.0,-101.70193,-41.95818,179.6338,17.26791
679.0,0.0,19.5782,-4.1987,12.5402,15.9215
679.0,0.0,21.53602,-4.61857,12.5402,17.513650000000002
679.0,1.0,39.6404,-5.4056,25.1205,16.3963
679.0,1.0,43.604440000000004,-5.94616,25.1205,18.03593
679.0,2.0,59.8849,-3.7523,37.6858,17.0289
679.0,2.0,65.87339,-4.12753,37.6858,18.73179
679.0,3.0,80.0142,0.8732,50.2734,17.8977
679.0,3.0,88.01562000000001,0.96052,50.2734,19.68747
679.0,4.0,99.65,8.4535,62.8217,18.4575
679.0,4.0,109.61500000000001,9.298850000000002,62.8217,20.303250000000002
680.0,0.0,-6.5147,-18.8955,84.7609,15.0214
680.0,0.0,-7.166170000000001,-20.78505,84.7609,16.52354
680.0,1.0,-11.6654,-38.2492,169.6095,15.7069
680.0,1.0,-12.831940000000001,-42.07412000000001,169.6095,17.27759
680.0,2.0,-15.4175,-57.9674,254.3633,16.3559
680.0,2.0,-16.95925,-63.764140000000005,254.3633,17.99149
680.0,3.0,-17.8053,-77.985,339.1867,17.215
680.0,3.0,-19.58583,-85.7835,339.1867,18.936500000000002
680.0,4.0,-18.7959,-98.1813,423.9657,17.491
680.0,4.0,-20.67549,-107.99943,423.9657,19.2401
681.0,0.0,2.5433,19.8041,-14.1447,11.2805
681.0,0.0,2.7976300000000003,21.78451,-14.1447,12.408550000000002
681.0,1.0,6.0768,39.5518,-28.2386,11.9515
681.0,1.0,6.684480000000001,43.506980000000006,-28.2386,13.146650000000001
681.0,2.0,10.6558,59.0252,-42.2959,12.4767
681.0,2.0,11.72138,64.92772000000001,-42.2959,13.72437
681.0,3.0,16.2924,78.3409,-56.4373,12.9798
681.0,3.0,17.921640000000004,86.17499000000001,-56.4373,14.27778
681.0,4.0,22.9379,97.3058,-70.5348,13.7451
681.0,4.0,25.23169,107.03638000000001,-70.5348,15.119610000000002
682.0,0.0,12.1207,15.911,-74.0851,1.9106
682.0,0.0,13.33277,17.502100000000002,-74.0851,2.1016600000000003
682.0,1.0,26.6933,29.7718,-148.0963,2.9134
682.0,1.0,29.362630000000003,32.74898,-148.0963,3.2047400000000006
682.0,2.0,43.3809,41.4442,-222.1736,3.3647
682.0,2.0,47.71899,45.588620000000006,-222.1736,3.7011700000000003
682.0,3.0,61.9559,50.6171,-296.2076,4.1193
682.0,3.0,68.15149000000001,55.678810000000006,-296.2076,4.531230000000001
682.0,4.0,82.1288,57.0498,-370.2404,4.7262
682.0,4.0,90.34168000000001,62.754780000000004,-370.2404,5.19882
683.0,0.0,-19.4887,4.4819,-35.1326,24.2879
683.0,0.0,-21.437570000000004,4.930090000000001,-35.1326,26.716690000000003
683.0,1.0,-37.896,12.7132,-70.2745,24.9282
683.0,1.0,-41.6856,13.984520000000002,-70.2745,27.421020000000002
683.0,2.0,-54.8043,24.5367,-105.3784,25.5059
683.0,2.0,-60.28473,26.990370000000002,-105.3784,28.056490000000004
683.0,3.0,-69.444,39.6546,-140.4805,26.2745
683.0,3.0,-76.3884,43.62006,-140.4805,28.901950000000003
683.0,4.0,-81.5633,57.8366,-175.6056,26.7854
683.0,4.0,-89.71963000000001,63.62026,-175.6056,29.46394
684.0,0.0,-19.5806,4.13,-56.3987,0.9512
684.0,0.0,-21.538660000000004,4.543,-56.3987,1.0463200000000001
684.0,1.0,-38.8841,9.3784,-112.8233,1.6221
684.0,1.0,-42.77251,10.31624,-112.8233,1.7843100000000003
684.0,2.0,-57.9038,15.6878,-169.2039,2.4813
684.0,2.0,-63.69418,17.25658,-169.2039,2.7294300000000002
684.0,3.0,-76.5562,23.1171,-225.6382,3.0897
684.0,3.0,-84.21182000000002,25.428810000000002,-225.6382,3.3986700000000005
684.0,4.0,-94.8562,31.5969,-282.074,3.7192
684.0,4.0,-104.34182000000001,34.75659,-282.074,4.09112
685.0,0.0,19.9963,-0.6775,54.7713,18.6798
685.0,0.0,21.995930000000005,-0.7452500000000001,54.7713,20.547780000000003
685.0,1.0,40.0209,0.0408,109.5274,19.1726
685.0,1.0,44.02299,0.04488000000000001,109.5274,21.08986
685.0,2.0,59.9708,2.1784,164.3071,19.7579
685.0,2.0,65.96788000000001,2.39624,164.3071,21.73369
685.0,3.0,79.7982,5.7156,219.0869,20.5799
685.0,3.0,87.77802,6.287160000000001,219.0869,22.63789
685.0,4.0,99.43,10.7187,273.8843,21.2062
685.0,4.0,109.37300000000002,11.79057,273.8843,23.32682
686.0,0.0,17.9249,8.9426,-27.7745,18.6013
686.0,0.0,19.71739,9.836860000000001,-27.7745,20.46143
686.0,1.0,32.8785,22.7704,-55.4891,19.0714
686.0,1.0,36.16635000000001,25.04744,-55.4891,20.978540000000002
686.0,2.0,43.9489,40.8171,-83.2672,19.8039
686.0,2.0,48.343790000000006,44.898810000000005,-83.2672,21.78429
686.0,3.0,50.3356,62.2108,-110.9803,20.481
686.0,3.0,55.36916,68.43188,-110.9803,22.529100000000003
686.0,4.0,51.1829,85.9198,-138.7605,21.1241
686.0,4.0,56.30119,94.51178,-138.7605,23.23651
687.0,0.0,-14.6812,13.5921,-68.3131,22.2653
687.0,0.0,-16.149320000000003,14.951310000000001,-68.3131,24.49183
687.0,1.0,-21.2053,33.8893,-136.6513,22.8651
687.0,1.0,-23.325830000000003,37.27823,-136.6513,25.151610000000005
687.0,2.0,-17.531,57.3681,-204.9657,23.641
687.0,2.0,-19.2841,63.104910000000004,-204.9657,26.0051
687.0,3.0,-2.6655,79.9751,-273.3041,24.2676
687.0,3.0,-2.9320500000000003,87.97261,-273.3041,26.694360000000003
687.0,4.0,22.7937,97.3638,-341.6826,24.857
687.0,4.0,25.073070000000005,107.10018000000001,-341.6826,27.3427
688.0,0.0,-19.1116,5.8701,97.2618,11.863
688.0,0.0,-21.02276,6.45711,97.2618,13.0493
688.0,1.0,-36.2771,16.8589,194.5612,12.5054
688.0,1.0,-39.90481,18.54479,194.5612,13.75594
688.0,2.0,-50.4005,32.5096,291.87,13.2355
688.0,2.0,-55.44055000000001,35.760560000000005,291.87,14.559050000000001
688.0,3.0,-60.6384,52.2087,389.1524,13.7895
688.0,3.0,-66.70224,57.429570000000005,389.1524,15.168450000000002
688.0,4.0,-66.1208,75.0655,486.437,14.5324
688.0,4.0,-72.73288000000001,82.57205,486.437,15.985640000000002
689.0,0.0,-19.5793,4.1208,50.7752,24.8234
689.0,0.0,-21.53723,4.5328800000000005,50.7752,27.30574
689.0,1.0,-38.9224,9.2075,101.5562,25.7452
689.0,1.0,-42.814640000000004,10.12825,101.5562,28.319720000000004
689.0,2.0,-57.9993,15.3364,152.3818,26.4786
689.0,2.0,-63.79923,16.87004,152.3818,29.12646
689.0,3.0,-76.7743,22.434,203.1238,27.062
689.0,3.0,-84.45173,24.677400000000002,203.1238,29.768200000000004
689.0,4.0,-95.2154,30.4681,253.9329,27.7818
689.0,4.0,-104.73694,33.51491,253.9329,30.559980000000003
690.0,0.0,9.2887,17.7098,-3.9091,4.469
690.0,0.0,10.217570000000002,19.480780000000003,-3.9091,4.915900000000001
690.0,1.0,17.4823,36.0154,-7.7942,4.9904
690.0,1.0,19.23053,39.61694,-7.7942,5.489440000000001
690.0,2.0,24.5192,54.7208,-11.6595,5.7718
690.0,2.0,26.971120000000003,60.19288,-11.6595,6.34898
690.0,3.0,30.4622,74.0108,-15.5979,6.4334
690.0,3.0,33.50842,81.41188000000001,-15.5979,7.07674
690.0,4.0,35.236,93.5958,-19.4528,6.9579
690.0,4.0,38.7596,102.95538,-19.4528,7.653690000000001
691.0,0.0,16.7717,10.887,-2.7568,16.5236
691.0,0.0,18.44887,11.975700000000002,-2.7568,18.17596
691.0,1.0,33.0281,22.572,-5.5174,17.1779
691.0,1.0,36.33091,24.8292,-5.5174,18.895690000000002
691.0,2.0,48.6795,35.0742,-8.2792,17.785
691.0,2.0,53.547450000000005,38.58162,-8.2792,19.5635
691.0,3.0,63.7661,48.3181,-11.0507,18.3445
691.0,3.0,70.14271000000001,53.149910000000006,-11.0507,20.17895
691.0,4.0,78.1766,62.3528,-13.8045,19.0613
691.0,4.0,85.99426,68.58808,-13.8045,20.96743
692.0,0.0,-12.317,15.7393,1.0761,8.194
692.0,0.0,-13.548700000000002,17.31323,1.0761,9.013400000000003
692.0,1.0,-25.4576,30.8654,2.1349,8.9961
692.0,1.0,-28.00336,33.95194,2.1349,9.895710000000001
692.0,2.0,-39.4292,45.2178,3.1865,9.5606
692.0,2.0,-43.37212,49.739580000000004,3.1865,10.516660000000002
692.0,3.0,-54.0576,58.9362,4.2656,10.1262
692.0,3.0,-59.46336000000001,64.82982,4.2656,11.138820000000003
692.0,4.0,-69.5109,71.8847,5.3686,10.7655
692.0,4.0,-76.46199000000001,79.07317,5.3686,11.84205
693.0,0.0,19.3751,4.8832,115.0604,15.5587
693.0,0.0,21.312610000000003,5.371520000000001,115.0604,17.11457
693.0,1.0,39.4008,6.8728,230.185,16.175
693.0,1.0,43.34088,7.56008,230.185,17.792500000000004
693.0,2.0,59.7154,5.9858,345.2243,16.7779
693.0,2.0,65.68694,6.58438,345.2243,18.45569
693.0,3.0,79.938,2.1329,460.3025,17.6585
693.0,3.0,87.93180000000001,2.34619,460.3025,19.42435
693.0,4.0,99.8863,-4.661,575.3725,18.2712
693.0,4.0,109.87493000000002,-5.1270999999999995,575.3725,20.09832
694.0,0.0,-1.023,19.9978,-36.0013,16.2759
694.0,0.0,-1.1253,21.997580000000003,-36.0013,17.90349
694.0,1.0,8.0183,39.1988,-71.9609,16.9794
694.0,1.0,8.82013,43.118680000000005,-71.9609,18.67734
694.0,2.0,26.4309,53.854,-107.9468,17.7137
694.0,2.0,29.073990000000002,59.2394,-107.9468,19.48507
694.0,3.0,52.1045,60.7295,-143.9518,18.2142
694.0,3.0,57.31495,66.80245000000001,-143.9518,20.035620000000005
694.0,4.0,82.0935,57.1167,-179.9318,18.7646
694.0,4.0,90.30285000000002,62.82837000000001,-179.9318,20.641060000000003
695.0,0.0,-16.4872,-11.3703,6.4247,16.0857
695.0,0.0,-18.135920000000002,-12.507330000000001,6.4247,17.69427
695.0,1.0,-27.1855,-29.327,12.8061,16.7876
695.0,1.0,-29.904050000000005,-32.2597,12.8061,18.46636
695.0,2.0,-30.2193,-51.8341,19.2108,17.5757
695.0,2.0,-33.24123,-57.01751,19.2108,19.333270000000002
695.0,3.0,-24.1189,-76.2474,25.6242,18.2184
695.0,3.0,-26.530790000000003,-83.87214,25.6242,20.04024
695.0,4.0,-8.6319,-99.6242,32.0227,18.8902
695.0,4.0,-9.495090000000001,-109.58662000000001,32.0227,20.779220000000002
696.0,0.0,-15.115,-13.1006,53.9877,4.5247
696.0,0.0,-16.6265,-14.410660000000002,53.9877,4.977170000000001
696.0,1.0,-38.6822,-10.2747,107.9195,5.29
696.0,1.0,-42.55042,-11.30217,107.9195,5.819000000000001
696.0,2.0,-58.8635,11.653,161.8714,5.9258
696.0,2.0,-64.74985000000001,12.8183,161.8714,6.5183800000000005
696.0,3.0,-63.657,48.3993,215.8703,6.6035
696.0,3.0,-70.0227,53.23923,215.8703,7.263850000000001
696.0,4.0,-44.9133,89.3964,269.8409,7.1909
696.0,4.0,-49.404630000000004,98.33604000000001,269.8409,7.9099900000000005
697.0,0.0,19.3545,5.1113,1.4263,21.5051
697.0,0.0,21.289950000000005,5.6224300000000005,1.4263,23.65561
697.0,1.0,39.112,8.524,2.9106,22.351
697.0,1.0,43.0232,9.3764,2.9106,24.586100000000002
697.0,2.0,59.1716,10.0352,4.3449,23.0415
697.0,2.0,65.08876000000001,11.038720000000001,4.3449,25.345650000000003
697.0,3.0,79.4068,9.8024,5.8078,23.6348
697.0,3.0,87.34748,10.78264,5.8078,25.99828
697.0,4.0,99.6947,7.7109,7.2193,24.2583
697.0,4.0,109.66417000000001,8.48199,7.2193,26.68413
698.0,0.0,-19.6618,3.5869,4.4753,11.1987
698.0,0.0,-21.62798,3.94559,4.4753,12.318570000000001
698.0,1.0,-39.5246,6.2943,8.9437,11.78
698.0,1.0,-43.47706,6.92373,8.9437,12.958
698.0,2.0,-59.4594,8.0125,13.4139,12.2274
698.0,2.0,-65.40534000000001,8.81375,13.4139,13.450140000000001
698.0,3.0,-79.5005,8.8164,17.8482,12.9839
698.0,3.0,-87.45055,9.69804,17.8482,14.282290000000001
698.0,4.0,-99.5987,8.7645,22.3572,13.7286
698.0,4.0,-109.55857,9.64095,22.3572,15.101460000000001
699.0,0.0,16.697,11.0038,110.2744,6.4349
699.0,0.0,18.3667,12.104180000000001,110.2744,7.078390000000001
699.0,1.0,35.5838,18.2378,220.5088,7.196
699.0,1.0,39.142179999999996,20.061580000000003,220.5088,7.9156
699.0,2.0,56.1006,21.3647,330.7921,7.894
699.0,2.0,61.710660000000004,23.501170000000002,330.7921,8.6834
699.0,3.0,77.4191,20.1699,441.0219,8.4379
699.0,3.0,85.16101,22.186890000000002,441.0219,9.281690000000001
699.0,4.0,98.9317,14.4749,551.2787,8.9808
699.0,4.0,108.82487000000002,15.922390000000002,551.2787,9.87888
700.0,0.0,-2.3929,-19.8633,36.653,0.99
700.0,0.0,-2.63219,-21.84963,36.653,1.089
700.0,1.0,-3.2632,-39.9027,73.2717,1.4624
700.0,1.0,-3.5895200000000003,-43.892970000000005,73.2717,1.60864
700.0,2.0,-2.5886,-59.9402,109.9392,2.4165
700.0,2.0,-2.8474600000000003,-65.93422,109.9392,2.6581500000000005
700.0,3.0,-0.2366,-79.9983,146.5356,3.0982
700.0,3.0,-0.26026000000000005,-87.99813,146.5356,3.40802
700.0,4.0,3.6042,-99.9314,183.2421,3.6907
700.0,4.0,3.9646200000000005,-109.92454000000001,183.2421,4.05977
701.0,0.0,9.5863,17.5712,93.5391,22.8886
701.0,0.0,10.54493,19.32832,93.5391,25.177460000000004
701.0,1.0,21.3195,33.8539,187.072,23.4741
701.0,1.0,23.451450000000005,37.239290000000004,187.072,25.821510000000004
701.0,2.0,35.1748,48.5478,280.6327,24.1305
701.0,2.0,38.692280000000004,53.40258000000001,280.6327,26.543550000000003
701.0,3.0,50.9478,61.6935,374.1316,24.8986
701.0,3.0,56.04258000000001,67.86285000000001,374.1316,27.388460000000002
701.0,4.0,68.4554,72.8784,467.6805,25.4118
701.0,4.0,75.30094,80.16624,467.6805,27.95298
702.0,0.0,11.7708,-16.222,7.0824,17.8494
702.0,0.0,12.94788,-17.844200000000004,7.0824,19.63434
702.0,1.0,30.9982,-25.291,14.1715,18.5411
702.0,1.0,34.098020000000005,-27.820100000000004,14.1715,20.395210000000002
702.0,2.0,54.597,-24.89,21.2802,19.2523
702.0,2.0,60.056700000000006,-27.379,21.2802,21.177530000000004
702.0,3.0,78.8386,-13.6068,28.3823,19.8813
702.0,3.0,86.72246000000001,-14.96748,28.3823,21.86943
702.0,4.0,99.6441,8.5694,35.5043,20.5608
702.0,4.0,109.60851000000001,9.426340000000001,35.5043,22.616880000000002
703.0,0.0,-9.765,-17.4859,-16.0367,23.0522
703.0,0.0,-10.741500000000002,-19.23449,-16.0367,25.35742
703.0,1.0,-18.4713,-35.5213,-32.0407,23.6946
703.0,1.0,-20.31843,-39.07343,-32.0407,26.064060000000005
703.0,2.0,-26.1774,-54.0073,-48.0599,24.416
703.0,2.0,-28.79514,-59.408030000000004,-48.0599,26.8576
703.0,3.0,-32.8092,-72.9939,-64.0872,25.1184
703.0,3.0,-36.09012,-80.29329,-64.0872,27.630240000000004
703.0,4.0,-38.3028,-92.3605,-80.1177,25.7288
703.0,4.0,-42.13308,-101.59655000000001,-80.1177,28.30168
704.0,0.0,-7.688,18.4705,31.6829,23.552
704.0,0.0,-8.456800000000001,20.317550000000004,31.6829,25.907200000000003
704.0,1.0,-13.3262,37.708,63.3335,23.9058
704.0,1.0,-14.65882,41.4788,63.3335,26.296380000000003
704.0,2.0,-16.8041,57.5955,95.0501,24.6564
704.0,2.0,-18.48451,63.355050000000006,95.0501,27.122040000000005
704.0,3.0,-18.1369,77.9443,126.6602,25.3963
704.0,3.0,-19.950590000000002,85.73873,126.6602,27.935930000000003
704.0,4.0,-17.2737,98.5132,158.3469,26.0482
704.0,4.0,-19.001070000000002,108.36452000000001,158.3469,28.653020000000005
705.0,0.0,17.6306,-9.444,-81.8362,3.3332
705.0,0.0,19.393660000000004,-10.388400000000003,-81.8362,3.6665200000000007
705.0,1.0,34.2098,-20.7286,-163.6534,4.0602
705.0,1.0,37.63078,-22.801460000000002,-163.6534,4.466220000000001
705.0,2.0,49.6142,-33.7433,-245.4453,4.773
705.0,2.0,54.57562,-37.11763,-245.4453,5.2503
705.0,3.0,63.6435,-48.3919,-327.2671,5.4002
705.0,3.0,70.00785,-53.23109,-327.2671,5.94022
705.0,4.0,76.3024,-64.6264,-409.0893,6.0621
705.0,4.0,83.93264,-71.08904000000001,-409.0893,6.668310000000001
706.0,0.0,-16.621,11.0999,0.3666,13.139
706.0,0.0,-18.2831,12.209890000000001,0.3666,14.4529
706.0,1.0,-35.2453,18.8635,0.8229,13.7402
706.0,1.0,-38.769830000000006,20.74985,0.8229,15.114220000000001
706.0,2.0,-55.3851,23.0933,1.2387,14.2968
706.0,2.0,-60.923610000000004,25.402630000000002,1.2387,15.72648
706.0,3.0,-76.4888,23.5512,1.6583,15.189
706.0,3.0,-84.13768,25.906320000000004,1.6583,16.707900000000002
706.0,4.0,-97.9604,20.1184,2.0712,15.6204
706.0,4.0,-107.75644000000001,22.130240000000004,2.0712,17.18244
707.0,0.0,-9.2309,-17.7553,-92.1993,8.6222
707.0,0.0,-10.15399,-19.530829999999998,-92.1993,9.48442
707.0,1.0,-17.1945,-36.1007,-184.3339,8.9522
707.0,1.0,-18.913950000000003,-39.710770000000004,-184.3339,9.84742
707.0,2.0,-23.7949,-55.0678,-276.5723,9.9464
707.0,2.0,-26.17439,-60.574580000000005,-276.5723,10.941040000000001
707.0,3.0,-29.0462,-74.5502,-368.692,10.4667
707.0,3.0,-31.95082,-82.00522000000001,-368.692,11.51337
707.0,4.0,-32.8814,-94.4493,-460.8831,11.2473
707.0,4.0,-36.169540000000005,-103.89423000000001,-460.8831,12.37203
708.0,0.0,19.9124,1.59,40.9004,14.5197
708.0,0.0,21.903640000000003,1.7490000000000003,40.9004,15.971670000000001
708.0,1.0,39.4259,6.7871,81.7657,15.2129
708.0,1.0,43.36849,7.46581,81.7657,16.73419
708.0,2.0,57.9134,15.6079,122.6684,15.7835
708.0,2.0,63.70474000000001,17.16869,122.6684,17.36185
708.0,3.0,74.9743,27.823,163.5945,16.6365
708.0,3.0,82.47173000000001,30.605300000000003,163.5945,18.300150000000002
708.0,4.0,90.218,43.2522,204.4539,17.1813
708.0,4.0,99.23980000000002,47.577420000000004,204.4539,18.899430000000002
709.0,0.0,2.5105,19.8354,-41.3163,6.3948
709.0,0.0,2.76155,21.81894,-41.3163,7.034280000000001
709.0,1.0,6.2026,39.5078,-82.4826,6.9008
709.0,1.0,6.822860000000001,43.458580000000005,-82.4826,7.590880000000001
709.0,2.0,11.0118,58.9868,-123.7544,7.7129
709.0,2.0,12.11298,64.88548,-123.7544,8.484190000000002
709.0,3.0,16.9582,78.2185,-165.0594,8.3002
709.0,3.0,18.654020000000003,86.04035000000002,-165.0594,9.130220000000001
709.0,4.0,23.9611,97.119,-206.2818,8.9286
709.0,4.0,26.35721,106.83090000000001,-206.2818,9.82146
710.0,0.0,9.8524,-17.4133,25.1675,5.2325
710.0,0.0,10.83764,-19.15463,25.1675,5.755750000000001
710.0,1.0,17.7899,-35.7968,50.3126,5.996
710.0,1.0,19.56889,-39.37648,50.3126,6.595600000000001
710.0,2.0,23.6353,-55.1531,75.4869,6.7744
710.0,2.0,25.99883,-60.66841000000001,75.4869,7.451840000000001
710.0,3.0,27.4229,-75.1479,100.6496,7.3947
710.0,3.0,30.16519,-82.66269000000001,100.6496,8.134170000000001
710.0,4.0,28.9638,-95.735,125.8171,8.006
710.0,4.0,31.860180000000003,-105.30850000000001,125.8171,8.806600000000001
711.0,0.0,-19.9617,1.3565,-25.123,0.5457
711.0,0.0,-21.957870000000003,1.49215,-25.123,0.60027
711.0,1.0,-39.9528,1.3378,-50.2623,1.2674
711.0,1.0,-43.948080000000004,1.4715800000000003,-50.2623,1.3941400000000002
711.0,2.0,-60.0283,-0.1296,-75.369,1.8972
711.0,2.0,-66.03113,-0.14256,-75.369,2.08692
711.0,3.0,-79.9588,-2.9721,-100.4831,2.7191
711.0,3.0,-87.95468,-3.2693100000000004,-100.4831,2.99101
711.0,4.0,-99.7644,-7.2105,-125.6195,3.3761
711.0,4.0,-109.74084,-7.9315500000000005,-125.6195,3.7137100000000003
712.0,0.0,-2.5586,-19.8528,-18.7512,19.9921
712.0,0.0,-2.8144600000000004,-21.83808,-18.7512,21.991310000000002
712.0,1.0,-3.9845,-39.8036,-37.5528,20.5334
712.0,1.0,-4.38295,-43.78396000000001,-37.5528,22.586740000000002
712.0,2.0,-4.4443,-59.8413,-56.3032,21.3321
712.0,2.0,-4.888730000000001,-65.82543,-56.3032,23.465310000000002
712.0,3.0,-3.8376,-79.8994,-75.0831,21.9709
712.0,3.0,-4.221360000000001,-87.88934,-75.0831,24.167990000000003
712.0,4.0,-2.1419,-100.0068,-93.8319,22.4026
712.0,4.0,-2.3560900000000005,-110.00748,-93.8319,24.642860000000002
713.0,0.0,10.4654,17.0601,79.4508,22.051
713.0,0.0,11.511940000000001,18.76611,79.4508,24.2561
713.0,1.0,22.9307,32.7709,158.903,22.7462
713.0,1.0,25.223770000000005,36.04799,158.903,25.020820000000004
713.0,2.0,37.1264,47.1327,238.357,23.3394
713.0,2.0,40.83904,51.84597,238.357,25.673340000000003
713.0,3.0,53.1296,59.8376,317.8429,24.0047
713.0,3.0,58.44256000000001,65.82136000000001,317.8429,26.405170000000002
713.0,4.0,70.592,70.8157,397.3055,24.7524
713.0,4.0,77.6512,77.89727000000002,397.3055,27.227640000000005
714.0,0.0,-11.7509,16.2053,97.887,13.0823
714.0,0.0,-12.92599,17.825830000000003,97.887,14.390530000000002
714.0,1.0,-24.3395,31.7627,195.7697,13.7306
714.0,1.0,-26.773450000000004,34.938970000000005,195.7697,15.103660000000001
714.0,2.0,-37.6923,46.6623,293.6429,14.4878
714.0,2.0,-41.46153,51.32853000000001,293.6429,15.936580000000001
714.0,3.0,-51.793,60.8939,391.5386,15.0447
714.0,3.0,-56.972300000000004,66.98329000000001,391.5386,16.549170000000004
714.0,4.0,-66.6963,74.5082,489.3972,15.5776
714.0,4.0,-73.36593,81.95902000000001,489.3972,17.135360000000002
715.0,0.0,13.9835,14.2805,23.5483,24.5009
715.0,0.0,15.38185,15.70855,23.5483,26.950990000000004
715.0,1.0,29.2232,27.269,47.093,24.9231
715.0,1.0,32.14552,29.9959,47.093,27.415410000000005
715.0,2.0,45.5288,39.0115,70.5932,25.7171
715.0,2.0,50.08168,42.91265,70.5932,28.28881
715.0,3.0,62.9245,49.3856,94.1461,26.3748
715.0,3.0,69.21695000000001,54.32416,94.1461,29.012280000000004
715.0,4.0,81.2253,58.2946,117.6605,27.149
715.0,4.0,89.34783000000002,64.12406000000001,117.6605,29.863900000000005
716.0,0.0,15.5602,12.5581,70.3348,22.8517
716.0,0.0,17.116220000000002,13.81391,70.3348,25.136870000000002
716.0,1.0,30.0708,26.3238,140.6683,23.5515
716.0,1.0,33.07788,28.95618,140.6683,25.906650000000003
716.0,2.0,43.5332,41.2362,211.0475,24.3293
716.0,2.0,47.886520000000004,45.35982,211.0475,26.762230000000002
716.0,3.0,55.8634,57.2789,281.372,25.0774
716.0,3.0,61.449740000000006,63.00679,281.372,27.585140000000003
716.0,4.0,66.9073,74.3282,351.7461,25.781
716.0,4.0,73.59803000000001,81.76102,351.7461,28.3591
717.0,0.0,-18.7082,7.0347,89.2875,2.9673
717.0,0.0,-20.579020000000003,7.73817,89.2875,3.26403
717.0,1.0,-38.9441,9.03,178.5804,3.4904
717.0,1.0,-42.83851,9.933,178.5804,3.8394400000000006
717.0,2.0,-59.7084,5.7743,267.8457,4.3442
717.0,2.0,-65.67924000000001,6.351730000000001,267.8457,4.77862
717.0,3.0,-79.9374,-2.8148,357.0956,4.9238
717.0,3.0,-87.93114,-3.09628,357.0956,5.416180000000001
717.0,4.0,-98.6167,-16.6634,446.4266,5.6536
717.0,4.0,-108.47837,-18.32974,446.4266,6.21896
718.0,0.0,5.7262,19.1326,-3.3737,12.6956
718.0,0.0,6.298820000000001,21.04586,-3.3737,13.965160000000003
718.0,1.0,10.5623,38.5824,-6.6781,13.3217
718.0,1.0,11.618530000000002,42.44064,-6.6781,14.653870000000001
718.0,2.0,14.451,58.2488,-10.0545,14.0014
718.0,2.0,15.896100000000002,64.07368000000001,-10.0545,15.401540000000002
718.0,3.0,17.4827,78.07,-13.3837,14.6606
718.0,3.0,19.230970000000003,85.877,-13.3837,16.12666
718.0,4.0,19.5592,98.065,-16.6507,15.1594
718.0,4.0,21.515120000000003,107.87150000000001,-16.6507,16.675340000000002
719.0,0.0,-19.9131,1.2596,119.8307,22.8552
719.0,0.0,-21.904410000000002,1.3855600000000001,119.8307,25.14072
719.0,1.0,-39.7639,3.9395,239.7134,23.5108
719.0,1.0,-43.74029,4.33345,239.7134,25.861880000000003
719.0,2.0,-59.4415,7.9962,359.5775,24.3926
719.0,2.0,-65.38565,8.79582,359.5775,26.831860000000002
719.0,3.0,-78.8559,13.4835,479.4231,24.7214
719.0,3.0,-86.74149000000001,14.831850000000001,479.4231,27.193540000000002
719.0,4.0,-97.9075,20.3914,599.2992,25.6454
719.0,4.0,-107.69825,22.430540000000004,599.2992,28.20994
720.0,0.0,7.7754,-18.4287,38.2117,20.4591
720.0,0.0,8.552940000000001,-20.27157,38.2117,22.505010000000002
720.0,1.0,14.3353,-37.3667,76.4419,21.0721
720.0,1.0,15.768830000000001,-41.103370000000005,76.4419,23.17931
720.0,2.0,19.6309,-56.7125,114.6696,21.9673
720.0,2.0,21.59399,-62.383750000000006,114.6696,24.164030000000004
720.0,3.0,23.7644,-76.3538,152.8798,22.4086
720.0,3.0,26.14084,-83.98918000000002,152.8798,24.64946
720.0,4.0,26.5627,-96.396,191.0997,23.0896
720.0,4.0,29.218970000000002,-106.03560000000002,191.0997,25.398560000000003
721.0,0.0,19.613,4.0757,71.5097,12.9387
721.0,0.0,21.5743,4.483270000000001,71.5097,14.232570000000003
721.0,1.0,38.773,9.7487,143.0105,13.8198
721.0,1.0,42.65030000000001,10.72357,143.0105,15.201780000000001
721.0,2.0,57.5297,17.0783,214.5207,14.666
721.0,2.0,63.28267,18.78613,214.5207,16.1326
721.0,3.0,75.6973,25.9955,286.0343,15.1335
721.0,3.0,83.26703,28.59505,286.0343,16.64685
721.0,4.0,93.1359,36.4091,357.5478,15.9267
721.0,4.0,102.44949000000001,40.05001000000001,357.5478,17.519370000000002
722.0,0.0,15.6368,12.4785,-88.6522,10.5093
722.0,0.0,17.20048,13.726350000000002,-88.6522,11.56023
722.0,1.0,30.1874,26.2265,-177.4006,11.2829
722.0,1.0,33.206140000000005,28.849150000000005,-177.4006,12.411190000000001
722.0,2.0,43.5833,41.2763,-266.0386,11.8182
722.0,2.0,47.94163,45.40393,-266.0386,13.00002
722.0,3.0,55.6974,57.4031,-354.7174,12.4928
722.0,3.0,61.267140000000005,63.14341000000001,-354.7174,13.742080000000001
722.0,4.0,66.524,74.6374,-443.4012,13.1915
722.0,4.0,73.1764,82.10114,-443.4012,14.51065
723.0,0.0,11.659,16.2756,27.3082,19.7228
723.0,0.0,12.824900000000001,17.903160000000003,27.3082,21.69508
723.0,1.0,22.4641,33.0745,54.6093,20.273
723.0,1.0,24.71051,36.38195,54.6093,22.3003
723.0,2.0,32.3945,50.5431,81.9303,21.0538
723.0,2.0,35.633950000000006,55.59741000000001,81.9303,23.15918
723.0,3.0,41.3899,68.4604,109.2893,21.874
723.0,3.0,45.528890000000004,75.30644000000001,109.2893,24.0614
723.0,4.0,49.4275,86.9323,136.5648,22.4351
723.0,4.0,54.370250000000006,95.62553000000001,136.5648,24.67861
724.0,0.0,2.6325,19.8393,-25.9874,3.2437
724.0,0.0,2.89575,21.823230000000002,-25.9874,3.5680700000000005
724.0,1.0,6.7798,39.41,-52.0369,3.6219
724.0,1.0,7.4577800000000005,43.351,-52.0369,3.9840900000000006
724.0,2.0,12.3877,58.7324,-78.0668,4.3131
724.0,2.0,13.626470000000001,64.60564000000001,-78.0668,4.744410000000001
724.0,3.0,19.3969,77.6022,-104.0886,5.1233
724.0,3.0,21.33659,85.36242,-104.0886,5.635630000000001
724.0,4.0,27.7805,96.0509,-130.1113,5.7934
724.0,4.0,30.558550000000004,105.65599,-130.1113,6.37274
725.0,0.0,8.4764,18.0932,-70.9633,5.0236
725.0,0.0,9.32404,19.902520000000003,-70.9633,5.52596
725.0,1.0,16.0145,36.6486,-141.9361,5.6374
725.0,1.0,17.615950000000005,40.313460000000006,-141.9361,6.2011400000000005
725.0,2.0,22.6346,55.5701,-212.9413,6.4807
725.0,2.0,24.89806,61.12711,-212.9413,7.12877
725.0,3.0,28.4104,74.7988,-283.914,6.9841
725.0,3.0,31.251440000000002,82.27868000000001,-283.914,7.682510000000001
725.0,4.0,33.1784,94.348,-354.9616,7.6586
725.0,4.0,36.49624000000001,103.78280000000001,-354.9616,8.42446
726.0,0.0,-16.4992,-11.3171,55.8453,14.4985
726.0,0.0,-18.14912,-12.448810000000002,55.8453,15.948350000000001
726.0,1.0,-31.5424,-24.5717,111.7107,15.3191
726.0,1.0,-34.69664,-27.02887,111.7107,16.851010000000002
726.0,2.0,-45.0131,-39.5844,167.5244,15.9436
726.0,2.0,-49.514410000000005,-43.542840000000005,167.5244,17.53796
726.0,3.0,-56.8133,-56.3516,223.3548,16.793
726.0,3.0,-62.49463,-61.986760000000004,223.3548,18.4723
726.0,4.0,-66.6587,-74.5495,279.2329,17.3744
726.0,4.0,-73.32457000000001,-82.00445,279.2329,19.111840000000004
727.0,0.0,-12.6478,15.4665,77.8161,3.2476
727.0,0.0,-13.912580000000002,17.01315,77.8161,3.57236
727.0,1.0,-24.189,31.8532,155.6114,4.0572
727.0,1.0,-26.6079,35.038520000000005,155.6114,4.46292
727.0,2.0,-34.6049,49.0279,233.3998,4.6992
727.0,2.0,-38.06539,53.930690000000006,233.3998,5.16912
727.0,3.0,-43.7902,66.9371,311.244,5.1447
727.0,3.0,-48.16922,73.63081000000001,311.244,5.6591700000000005
727.0,4.0,-51.7623,85.5646,389.0528,5.771
727.0,4.0,-56.93853000000001,94.12106,389.0528,6.3481000000000005
728.0,0.0,-19.776,-3.031,-82.5184,25.3844
728.0,0.0,-21.753600000000002,-3.3341000000000003,-82.5184,27.92284
728.0,1.0,-38.8261,-9.6079,-165.0939,26.0153
728.0,1.0,-42.708709999999996,-10.568690000000002,-165.0939,28.616830000000004
728.0,2.0,-56.7318,-19.6372,-247.619,26.8221
728.0,2.0,-62.40498,-21.600920000000002,-247.619,29.50431
728.0,3.0,-72.9493,-32.8905,-330.1456,27.5987
728.0,3.0,-80.24423,-36.179550000000006,-330.1456,30.358570000000004
728.0,4.0,-87.0313,-49.2085,-412.6928,28.1045
728.0,4.0,-95.73443,-54.12935,-412.6928,30.914950000000005
729.0,0.0,16.8275,10.8155,15.4235,11.5113
729.0,0.0,18.510250000000003,11.897050000000002,15.4235,12.66243
729.0,1.0,36.3267,16.8163,30.8254,12.1757
729.0,1.0,39.95937000000001,18.49793,30.8254,13.393270000000003
729.0,2.0,57.4451,17.4325,46.2927,12.6396
729.0,2.0,63.18961,19.175750000000004,46.2927,13.90356
729.0,3.0,79.0335,12.4496,61.6994,13.415
729.0,3.0,86.93685,13.694560000000001,61.6994,14.7565
729.0,4.0,99.9483,1.7227,77.0716,14.1707
729.0,4.0,109.94313000000001,1.89497,77.0716,15.58777
730.0,0.0,6.2137,-18.9896,-79.901,16.303
730.0,0.0,6.835070000000001,-20.888560000000002,-79.901,17.933300000000003
730.0,1.0,13.509,-37.6417,-159.7655,16.932
730.0,1.0,14.859900000000001,-41.40587,-159.7655,18.6252
730.0,2.0,21.7664,-55.9228,-239.6907,17.716
730.0,2.0,23.943040000000003,-61.515080000000005,-239.6907,19.487600000000004
730.0,3.0,30.9999,-73.7421,-319.5378,18.4462
730.0,3.0,34.09989,-81.11631,-319.5378,20.290820000000004
730.0,4.0,41.1673,-91.1446,-399.46,19.1024
730.0,4.0,45.28403,-100.25906,-399.46,21.01264
731.0,0.0,-15.1191,13.0548,-6.1425,4.4184
731.0,0.0,-16.63101,14.360280000000001,-6.1425,4.86024
731.0,1.0,-28.2654,28.3378,-12.2488,4.9631
731.0,1.0,-31.09194,31.171580000000006,-12.2488,5.45941
731.0,2.0,-39.1006,45.504,-18.3584,5.6918
731.0,2.0,-43.01066,50.0544,-18.3584,6.26098
731.0,3.0,-47.4871,64.3721,-24.4853,6.4308
731.0,3.0,-52.23581,70.80931000000001,-24.4853,7.07388
731.0,4.0,-53.2145,84.7052,-30.5696,7.1417
731.0,4.0,-58.53595000000001,93.17572000000001,-30.5696,7.855870000000001
732.0,0.0,-19.9287,-1.6841,106.7723,2.1212
732.0,0.0,-21.92157,-1.85251,106.7723,2.33332
732.0,1.0,-37.815,13.058,213.5694,2.8997
732.0,1.0,-41.5965,14.363800000000001,213.5694,3.1896700000000004
732.0,2.0,-43.9715,40.8658,320.3346,3.3097
732.0,2.0,-48.36865,44.952380000000005,320.3346,3.64067
732.0,3.0,-31.512,73.5479,427.1037,4.1163
732.0,3.0,-34.6632,80.90269,427.1037,4.5279300000000005
732.0,4.0,1.1974,100.0088,533.8962,4.8508
732.0,4.0,1.3171400000000002,110.00968,533.8962,5.3358799999999995
733.0,0.0,17.5168,-9.6552,-35.1261,2.8997
733.0,0.0,19.26848,-10.620720000000002,-35.1261,3.1896700000000004
733.0,1.0,34.4774,-20.251,-70.3008,3.5762
733.0,1.0,37.925140000000006,-22.276100000000003,-70.3008,3.9338200000000003
733.0,2.0,50.9157,-31.7686,-105.4017,4.3041
733.0,2.0,56.007270000000005,-34.945460000000004,-105.4017,4.73451
733.0,3.0,66.6967,-44.1628,-140.5893,4.6234
733.0,3.0,73.36637000000002,-48.57908,-140.5893,5.08574
733.0,4.0,81.8494,-57.3817,-175.6998,5.4949
733.0,4.0,90.03434000000001,-63.119870000000006,-175.6998,6.044390000000001
734.0,0.0,-11.9388,16.0426,-54.9111,15.18
734.0,0.0,-13.132680000000002,17.64686,-54.9111,16.698
734.0,1.0,-17.0785,36.1776,-109.8771,16.0952
734.0,1.0,-18.78635,39.79536,-109.8771,17.70472
734.0,2.0,-14.2688,58.2677,-164.8332,16.4779
734.0,2.0,-15.695680000000001,64.09447,-164.8332,18.125690000000002
734.0,3.0,-3.2398,79.9201,-219.7477,17.4355
734.0,3.0,-3.56378,87.91211000000001,-219.7477,19.179050000000004
734.0,4.0,15.9126,98.6951,-274.6887,17.8523
734.0,4.0,17.50386,108.56461,-274.6887,19.63753
735.0,0.0,19.7242,3.5592,-9.1883,6.9958
735.0,0.0,21.696620000000003,3.9151200000000004,-9.1883,7.695380000000001
735.0,1.0,39.6358,5.6944,-18.3543,7.6063
735.0,1.0,43.599380000000004,6.26384,-18.3543,8.36693
735.0,2.0,59.7035,6.2933,-27.5529,8.4843
735.0,2.0,65.67385,6.922630000000001,-27.5529,9.33273
735.0,3.0,79.8106,5.4133,-36.7299,9.0197
735.0,3.0,87.79166,5.95463,-36.7299,9.92167
735.0,4.0,99.9608,3.0855,-45.9206,9.7142
735.0,4.0,109.95688000000001,3.3940500000000005,-45.9206,10.68562
736.0,0.0,19.2116,-5.6952,0.0025,7.6714
736.0,0.0,21.13276,-6.2647200000000005,0.0025,8.438540000000001
736.0,1.0,38.0647,-12.241,-0.0372,8.3763
736.0,1.0,41.871170000000006,-13.465100000000001,-0.0372,9.213930000000001
736.0,2.0,56.6329,-19.7893,-0.0417,9.1434
736.0,2.0,62.29619,-21.768230000000003,-0.0417,10.05774
736.0,3.0,74.8345,-28.2895,-0.0733,9.809
736.0,3.0,82.31795000000001,-31.118450000000003,-0.0733,10.7899
736.0,4.0,92.6362,-37.6171,-0.1021,10.3436
736.0,4.0,101.89982,-41.37881,-0.1021,11.377960000000002
737.0,0.0,-8.8848,17.919,75.2737,25.0917
737.0,0.0,-9.773280000000002,19.710900000000002,75.2737,27.60087
737.0,1.0,-18.9276,35.2513,150.6291,25.7613
737.0,1.0,-20.820360000000004,38.776430000000005,150.6291,28.33743
737.0,2.0,-30.0582,51.8925,225.9432,26.5041
737.0,2.0,-33.06402,57.08175,225.9432,29.154510000000002
737.0,3.0,-42.3353,67.8797,301.2932,26.9755
737.0,3.0,-46.56883,74.66767,301.2932,29.673050000000003
737.0,4.0,-55.6426,83.0697,376.575,27.727
737.0,4.0,-61.206860000000006,91.37667,376.575,30.499700000000004
738.0,0.0,17.3893,9.9668,-60.8159,4.3535
738.0,0.0,19.12823,10.96348,-60.8159,4.788850000000001
738.0,1.0,36.4786,16.3896,-121.6951,5.2192
738.0,1.0,40.12646,18.028560000000002,-121.6951,5.7411200000000004
738.0,2.0,56.8952,19.0865,-182.4785,5.5854
738.0,2.0,62.58472000000001,20.995150000000002,-182.4785,6.143940000000001
738.0,3.0,77.9717,17.8786,-243.3001,6.338
738.0,3.0,85.76887,19.66646,-243.3001,6.971800000000001
738.0,4.0,99.1725,12.6412,-304.1271,6.8575
738.0,4.0,109.08975000000001,13.905320000000001,-304.1271,7.5432500000000005
739.0,0.0,16.9463,10.6036,27.1651,7.8752
739.0,0.0,18.64093,11.663960000000001,27.1651,8.662720000000002
739.0,1.0,34.4448,20.268,54.3334,8.4318
739.0,1.0,37.88928000000001,22.294800000000002,54.3334,9.274980000000001
739.0,2.0,52.5375,28.9502,81.4831,9.2758
739.0,2.0,57.791250000000005,31.84522,81.4831,10.203380000000001
739.0,3.0,71.124,36.6618,108.6582,9.8421
739.0,3.0,78.2364,40.327980000000004,108.6582,10.826310000000001
739.0,4.0,90.1495,43.3215,135.7725,10.5506
739.0,4.0,99.16445000000002,47.653650000000006,135.7725,11.60566
740.0,0.0,19.7949,2.8082,-50.099,5.5136
740.0,0.0,21.77439,3.08902,-50.099,6.064960000000001
740.0,1.0,39.3258,7.2493,-100.1617,6.1688
740.0,1.0,43.25838,7.97423,-100.1617,6.785680000000001
740.0,2.0,58.4683,13.3779,-150.2464,6.8249
740.0,2.0,64.31513000000001,14.715690000000002,-150.2464,7.507390000000001
740.0,3.0,77.1457,21.1401,-200.3078,7.5398
740.0,3.0,84.86027000000001,23.25411,-200.3078,8.29378
740.0,4.0,95.2371,30.471,-250.3726,8.3585
740.0,4.0,104.76081,33.518100000000004,-250.3726,9.19435
741.0,0.0,-19.6068,4.0853,-68.9216,1.0195
741.0,0.0,-21.56748,4.493830000000001,-68.9216,1.1214500000000003
741.0,1.0,-39.4089,6.9685,-137.8611,1.8554
741.0,1.0,-43.349790000000006,7.66535,-137.8611,2.04094
741.0,2.0,-59.358,8.5856,-206.735,2.4334
741.0,2.0,-65.2938,9.44416,-206.735,2.67674
741.0,3.0,-79.4795,9.0752,-275.6727,2.9185
741.0,3.0,-87.42745000000001,9.982720000000002,-275.6727,3.21035
741.0,4.0,-99.6638,8.3472,-344.5882,3.7186
741.0,4.0,-109.63018000000001,9.181920000000002,-344.5882,4.09046
742.0,0.0,-5.5683,-19.1553,32.286,22.8227
742.0,0.0,-6.12513,-21.07083,32.286,25.10497
742.0,1.0,-9.7359,-38.7897,64.5436,23.6858
742.0,1.0,-10.709490000000002,-42.668670000000006,64.5436,26.054380000000002
742.0,2.0,-12.45,-58.6918,96.8054,24.0023
742.0,2.0,-13.695,-64.56098,96.8054,26.402530000000006
742.0,3.0,-13.7484,-78.8336,129.0967,24.825
742.0,3.0,-15.123240000000001,-86.71696000000001,129.0967,27.3075
742.0,4.0,-13.5538,-99.0682,161.3371,25.555
742.0,4.0,-14.909180000000003,-108.97502000000001,161.3371,28.110500000000002
743.0,0.0,-10.772,16.8877,4.3908,11.7837
743.0,0.0,-11.849200000000002,18.57647,4.3908,12.96207
743.0,1.0,-23.3319,32.4863,8.7801,12.3703
743.0,1.0,-25.665090000000003,35.734930000000006,8.7801,13.607330000000001
743.0,2.0,-37.7302,46.6636,13.1481,13.1554
743.0,2.0,-41.503220000000006,51.32996000000001,13.1481,14.47094
743.0,3.0,-53.635,59.3254,17.5465,13.8084
743.0,3.0,-58.9985,65.25794,17.5465,15.189240000000002
743.0,4.0,-71.1471,70.2959,21.9139,14.4537
743.0,4.0,-78.26181,77.32549000000002,21.9139,15.89907
744.0,0.0,-15.1138,-13.066,12.7216,3.8589
744.0,0.0,-16.62518,-14.372600000000002,12.7216,4.244790000000001
744.0,1.0,-30.8829,-25.4678,25.4298,4.4836
744.0,1.0,-33.97119,-28.014580000000002,25.4298,4.93196
744.0,2.0,-47.2349,-36.9833,38.108,5.155
744.0,2.0,-51.95839000000001,-40.681630000000006,38.108,5.6705000000000005
744.0,3.0,-64.1489,-47.8088,50.8723,5.9581
744.0,3.0,-70.56379,-52.58968,50.8723,6.55391
744.0,4.0,-81.6323,-57.7688,63.5575,6.5448
744.0,4.0,-89.79553000000001,-63.545680000000004,63.5575,7.199280000000001
745.0,0.0,18.6708,7.2348,16.7751,7.2045
745.0,0.0,20.53788,7.95828,16.7751,7.924950000000001
745.0,1.0,37.5542,13.6127,33.5918,7.6695
745.0,1.0,41.30962,14.973970000000001,33.5918,8.43645
745.0,2.0,56.885,19.0823,50.4012,8.6379
745.0,2.0,62.5735,20.990530000000003,50.4012,9.501690000000002
745.0,3.0,76.4074,23.692,67.1522,9.1802
745.0,3.0,84.04814,26.061200000000003,67.1522,10.09822
745.0,4.0,96.2038,27.3635,83.9442,9.8835
745.0,4.0,105.82418000000001,30.09985,83.9442,10.87185
746.0,0.0,-7.7427,18.4347,10.518,15.8852
746.0,0.0,-8.51697,20.27817,10.518,17.47372
746.0,1.0,-14.4026,37.3201,20.9879,16.6584
746.0,1.0,-15.842860000000002,41.05211,20.9879,18.324240000000003
746.0,2.0,-19.9018,56.6173,31.5007,17.2602
746.0,2.0,-21.891980000000004,62.279030000000006,31.5007,18.986220000000003
746.0,3.0,-24.2609,76.1921,41.9763,17.9289
746.0,3.0,-26.68699,83.81131,41.9763,19.72179
746.0,4.0,-27.4472,96.177,52.4683,18.5915
746.0,4.0,-30.19192,105.79470000000002,52.4683,20.450650000000003
747.0,0.0,19.8479,2.4212,-17.566,21.6859
747.0,0.0,21.83269,2.66332,-17.566,23.854490000000002
747.0,1.0,39.4822,6.5467,-35.102,22.399
747.0,1.0,43.430420000000005,7.201370000000001,-35.102,24.638900000000003
747.0,2.0,58.6599,12.4743,-52.6313,22.9564
747.0,2.0,64.52589,13.72173,-52.6313,25.25204
747.0,3.0,77.44,20.0837,-70.1935,23.9017
747.0,3.0,85.184,22.092070000000003,-70.1935,26.291870000000003
747.0,4.0,95.5827,29.3606,-87.7669,24.4142
747.0,4.0,105.14097000000001,32.29666,-87.7669,26.855620000000002
748.0,0.0,12.6755,15.4813,2.0617,9.1328
748.0,0.0,13.943050000000001,17.02943,2.0617,10.04608
748.0,1.0,26.1463,30.2897,4.1474,9.5447
748.0,1.0,28.760930000000002,33.318670000000004,4.1474,10.499170000000001
748.0,2.0,40.4843,44.3167,6.2902,10.2094
748.0,2.0,44.53273,48.74837,6.2902,11.230340000000002
748.0,3.0,55.6218,57.5093,8.2854,10.8159
748.0,3.0,61.183980000000005,63.26023000000001,8.2854,11.89749
748.0,4.0,71.5098,69.9113,10.404,11.6021
748.0,4.0,78.66078,76.90243000000001,10.404,12.762310000000001
749.0,0.0,-15.111,-13.0778,102.5233,9.711
749.0,0.0,-16.622100000000003,-14.385580000000001,102.5233,10.682100000000002
749.0,1.0,-31.51,-24.6697,205.0158,10.4293
749.0,1.0,-34.661,-27.136670000000002,205.0158,11.47223
749.0,2.0,-49.0002,-34.6451,307.5298,10.9595
749.0,2.0,-53.900220000000004,-38.10961,307.5298,12.05545
749.0,3.0,-67.4932,-42.9356,410.0718,11.4942
749.0,3.0,-74.24252000000001,-47.22916000000001,410.0718,12.64362
749.0,4.0,-86.9211,-49.4791,512.5613,12.171
749.0,4.0,-95.61321000000001,-54.42701000000001,512.5613,13.3881
750.0,0.0,-5.6256,19.1939,-6.9576,21.9572
750.0,0.0,-6.188160000000001,21.11329,-6.9576,24.15292
750.0,1.0,-10.305,38.6627,-13.9209,22.518
750.0,1.0,-11.335500000000001,42.52897,-13.9209,24.769800000000004
750.0,2.0,-13.9444,58.3669,-20.8717,23.1469
750.0,2.0,-15.338840000000001,64.20359,-20.8717,25.46159
750.0,3.0,-16.6162,78.2606,-27.7908,23.85
750.0,3.0,-18.277820000000002,86.08666000000001,-27.7908,26.235000000000003
750.0,4.0,-18.2514,98.3377,-34.7225,24.5477
750.0,4.0,-20.07654,108.17147000000001,-34.7225,27.002470000000002
751.0,0.0,-3.1207,19.723,-79.751,2.7688
751.0,0.0,-3.43277,21.6953,-79.751,3.0456800000000004
751.0,1.0,-7.5398,39.2703,-159.5032,3.3964
751.0,1.0,-8.29378,43.19733,-159.5032,3.73604
751.0,2.0,-13.2978,58.4914,-239.1902,4.0373
751.0,2.0,-14.627580000000002,64.34054,-239.1902,4.4410300000000005
751.0,3.0,-20.3517,77.3766,-318.9811,4.7833
751.0,3.0,-22.386870000000002,85.11426,-318.9811,5.26163
751.0,4.0,-28.6931,95.8056,-398.7117,5.6148
751.0,4.0,-31.562410000000003,105.38616,-398.7117,6.17628
752.0,0.0,-19.5848,4.0926,1.144,25.5016
752.0,0.0,-21.543280000000003,4.501860000000001,1.144,28.05176
752.0,1.0,-39.9684,-2.0669,2.3017,26.1273
752.0,1.0,-43.96524000000001,-2.27359,2.3017,28.740030000000004
752.0,2.0,-57.1521,-18.2132,3.4276,26.8256
752.0,2.0,-62.86731,-20.03452,3.4276,29.508160000000004
752.0,3.0,-67.495,-42.9247,4.5493,27.5239
752.0,3.0,-74.24450000000002,-47.21717,4.5493,30.276290000000003
752.0,4.0,-67.9991,-73.3522,5.7036,28.2283
752.0,4.0,-74.79901000000001,-80.68742,5.7036,31.051130000000004
753.0,0.0,-12.3258,-15.7402,11.5058,6.2972
753.0,0.0,-13.55838,-17.314220000000002,11.5058,6.926920000000001
753.0,1.0,-21.7268,-33.5969,22.98,7.1055
753.0,1.0,-23.899480000000004,-36.95659,22.98,7.816050000000001
753.0,2.0,-27.8444,-53.1418,34.5037,7.7816
753.0,2.0,-30.628840000000004,-58.45598000000001,34.5037,8.55976
753.0,3.0,-30.585,-73.9399,45.9538,8.5699
753.0,3.0,-33.6435,-81.33389,45.9538,9.426890000000002
753.0,4.0,-29.7011,-95.4674,57.4598,8.9904
753.0,4.0,-32.67121,-105.01414000000001,57.4598,9.88944
754.0,0.0,20.0029,0.2813,-32.2587,20.02
754.0,0.0,22.003190000000004,0.30943000000000004,-32.2587,22.022000000000002
754.0,1.0,39.9465,1.9821,-64.4855,20.6452
754.0,1.0,43.94115,2.18031,-64.4855,22.70972
754.0,2.0,59.7961,5.1605,-96.7565,21.2984
754.0,2.0,65.77571,5.676550000000001,-96.7565,23.428240000000002
754.0,3.0,79.4039,9.7476,-128.9697,21.7813
754.0,3.0,87.34429,10.722360000000002,-128.9697,23.959430000000005
754.0,4.0,98.7901,15.7168,-161.2431,22.608
754.0,4.0,108.66911,17.28848,-161.2431,24.868800000000004
755.0,0.0,1.9868,19.8658,7.4483,10.1701
755.0,0.0,2.18548,21.85238,7.4483,11.18711
755.0,1.0,6.4442,39.4974,14.9686,10.63
755.0,1.0,7.088620000000001,43.447140000000005,14.9686,11.693000000000001
755.0,2.0,13.3136,58.5267,22.4723,11.3219
755.0,2.0,14.644960000000001,64.37937000000001,22.4723,12.45409
755.0,3.0,22.63,76.7282,29.9828,12.0801
755.0,3.0,24.893,84.40102,29.9828,13.288110000000001
755.0,4.0,34.1723,93.9616,37.4628,12.7865
755.0,4.0,37.58953,103.35776000000001,37.4628,14.065150000000001
756.0,0.0,11.6691,16.2678,57.2228,22.4588
756.0,0.0,12.836010000000002,17.89458,57.2228,24.704680000000003
756.0,1.0,24.252,31.7554,114.3987,23.0988
756.0,1.0,26.677200000000003,34.93094000000001,114.3987,25.408680000000004
756.0,2.0,37.7968,46.6057,171.5564,23.8329
756.0,2.0,41.576480000000004,51.266270000000006,171.5564,26.21619
756.0,3.0,52.1751,60.6489,228.8087,24.3927
756.0,3.0,57.392610000000005,66.71379,228.8087,26.831970000000005
756.0,4.0,67.3817,73.8809,285.9881,25.1278
756.0,4.0,74.11987,81.26899,285.9881,27.640580000000003
757.0,0.0,0.0355,19.994,2.0204,5.0296
757.0,0.0,0.03905,21.9934,2.0204,5.532560000000001
757.0,1.0,1.5309,39.9148,4.0381,5.7959
757.0,1.0,1.68399,43.90628,4.0381,6.37549
757.0,2.0,4.5722,59.8384,6.0789,6.5525
757.0,2.0,5.02942,65.82224000000001,6.0789,7.207750000000001
757.0,3.0,9.0364,79.4797,8.1314,7.1549
757.0,3.0,9.940040000000002,87.42767,8.1314,7.87039
757.0,4.0,14.9564,98.8578,10.1525,7.8181
757.0,4.0,16.45204,108.74358000000001,10.1525,8.599910000000001
758.0,0.0,-16.5305,-11.2754,66.5632,22.3399
758.0,0.0,-18.18355,-12.402940000000001,66.5632,24.573890000000002
758.0,1.0,-33.9148,-21.2092,133.1861,22.8766
758.0,1.0,-37.30628,-23.33012,133.1861,25.164260000000002
758.0,2.0,-52.0756,-29.7803,199.7831,23.452
758.0,2.0,-57.28316000000001,-32.75833,199.7831,25.797200000000004
758.0,3.0,-70.9977,-36.9502,266.3818,24.3946
758.0,3.0,-78.09747,-40.64522000000001,266.3818,26.834060000000004
758.0,4.0,-90.4427,-42.6805,332.9673,24.782
758.0,4.0,-99.48697000000001,-46.948550000000004,332.9673,27.2602
759.0,0.0,19.9659,-0.8842,-111.4668,18.7943
759.0,0.0,21.962490000000003,-0.97262,-111.4668,20.673730000000003
759.0,1.0,38.2925,11.461,-222.9379,19.5654
759.0,1.0,42.12175,12.6071,-222.9379,21.52194
759.0,2.0,48.605,35.1843,-334.4085,20.0379
759.0,2.0,53.4655,38.70273,-334.4085,22.041690000000003
759.0,3.0,45.7671,65.6098,-445.8846,20.9898
759.0,3.0,50.343810000000005,72.17078000000001,-445.8846,23.08878
759.0,4.0,27.0965,96.2858,-557.3197,21.5384
759.0,4.0,29.806150000000002,105.91438000000001,-557.3197,23.69224
760.0,0.0,-8.6356,-18.0435,-104.6482,14.1731
760.0,0.0,-9.499160000000002,-19.847850000000005,-104.6482,15.59041
760.0,1.0,-15.5846,-36.8234,-209.3541,14.9197
760.0,1.0,-17.143060000000002,-40.50574,-209.3541,16.41167
760.0,2.0,-20.9418,-56.2394,-314.0204,15.5825
760.0,2.0,-23.035980000000002,-61.86334000000001,-314.0204,17.14075
760.0,3.0,-24.5099,-76.1633,-418.7316,16.2089
760.0,3.0,-26.96089,-83.77963000000001,-418.7316,17.829790000000003
760.0,4.0,-26.3119,-96.4854,-523.4158,16.8557
760.0,4.0,-28.943090000000005,-106.13394000000001,-523.4158,18.54127
761.0,0.0,-14.4475,-13.8996,-88.8184,25.415
761.0,0.0,-15.89225,-15.28956,-88.8184,27.956500000000002
761.0,1.0,-28.2155,-28.371,-177.6923,26.2046
761.0,1.0,-31.03705,-31.2081,-177.6923,28.82506
761.0,2.0,-41.2807,-43.5388,-266.6315,26.9608
761.0,2.0,-45.408770000000004,-47.892680000000006,-266.6315,29.65688
761.0,3.0,-53.593,-59.483,-355.4613,27.3306
761.0,3.0,-58.95230000000001,-65.43130000000001,-355.4613,30.063660000000002
761.0,4.0,-65.1244,-75.9118,-444.3044,28.2028
761.0,4.0,-71.63684,-83.50298000000001,-444.3044,31.023080000000004
762.0,0.0,18.9263,-6.4155,-25.3464,4.3676
762.0,0.0,20.81893,-7.05705,-25.3464,4.804360000000001
762.0,1.0,34.0882,-20.9243,-50.7525,5.15
762.0,1.0,37.497020000000006,-23.01673,-50.7525,5.665000000000001
762.0,2.0,42.8628,-41.9375,-76.0763,5.7692
762.0,2.0,47.149080000000005,-46.13125,-76.0763,6.34612
762.0,3.0,43.3551,-67.2439,-101.4273,6.5462
762.0,3.0,47.69061000000001,-73.96829,-101.4273,7.20082
762.0,4.0,34.2228,-93.9718,-126.7872,7.04
762.0,4.0,37.64508,-103.36898000000001,-126.7872,7.744000000000001
763.0,0.0,17.3004,-10.0129,92.2398,21.5546
763.0,0.0,19.030440000000002,-11.014190000000001,92.2398,23.710060000000002
763.0,1.0,36.1843,-17.0769,184.4714,22.2596
763.0,1.0,39.802730000000004,-18.78459,184.4714,24.48556
763.0,2.0,56.2187,-21.0281,276.6816,22.9465
763.0,2.0,61.84057000000001,-23.13091,276.6816,25.24115
763.0,3.0,77.0546,-21.7002,368.8883,23.4005
763.0,3.0,84.76006,-23.87022,368.8883,25.740550000000002
763.0,4.0,98.1965,-19.0635,461.1401,24.2332
763.0,4.0,108.01615000000001,-20.969850000000005,461.1401,26.656520000000004
764.0,0.0,19.7924,2.8381,-20.7502,13.5103
764.0,0.0,21.77164,3.12191,-20.7502,14.861330000000002
764.0,1.0,39.4226,6.6123,-41.4869,14.3311
764.0,1.0,43.36486000000001,7.273530000000001,-41.4869,15.76421
764.0,2.0,58.9183,11.3896,-62.2267,14.9469
764.0,2.0,64.81013,12.52856,-62.2267,16.44159
764.0,3.0,78.141,17.1017,-82.9829,15.6999
764.0,3.0,85.95510000000002,18.811870000000003,-82.9829,17.26989
764.0,4.0,97.1573,23.7462,-103.6815,16.4181
764.0,4.0,106.87303000000001,26.120820000000005,-103.6815,18.059910000000002
765.0,0.0,-8.1138,18.3017,74.713,11.8205
765.0,0.0,-8.925180000000001,20.131870000000003,74.713,13.00255
765.0,1.0,-15.1719,37.014,149.4854,12.6723
765.0,1.0,-16.689090000000004,40.71540000000001,149.4854,13.939530000000001
765.0,2.0,-21.3342,56.0468,224.2149,13.2194
765.0,2.0,-23.46762,61.65148,224.2149,14.541340000000002
765.0,3.0,-26.5211,75.4378,298.9156,13.8661
765.0,3.0,-29.173210000000005,82.98158000000001,298.9156,15.25271
765.0,4.0,-30.7782,95.1426,373.6494,14.83
765.0,4.0,-33.85602,104.65686000000001,373.6494,16.313000000000002
766.0,0.0,-19.0496,6.0321,-68.7779,11.8307
766.0,0.0,-20.954560000000004,6.6353100000000005,-68.7779,13.013770000000001
766.0,1.0,-37.7726,13.1553,-137.5896,12.2827
766.0,1.0,-41.54986,14.470830000000001,-137.5896,13.510970000000002
766.0,2.0,-56.0051,21.4245,-206.3589,13.0699
766.0,2.0,-61.605610000000006,23.56695,-206.3589,14.376890000000001
766.0,3.0,-73.8502,30.7571,-275.1274,13.8088
766.0,3.0,-81.23522000000001,33.83281,-275.1274,15.189680000000001
766.0,4.0,-91.1361,41.1755,-343.9295,14.4616
766.0,4.0,-100.24971000000001,45.29305,-343.9295,15.907760000000001
767.0,0.0,6.2402,18.9997,-14.9696,17.992
767.0,0.0,6.86422,20.899670000000004,-14.9696,19.791200000000003
767.0,1.0,11.3008,38.3975,-29.9264,18.509
767.0,1.0,12.430880000000002,42.23725,-29.9264,20.359900000000003
767.0,2.0,15.13,58.072,-44.8525,19.1882
767.0,2.0,16.643,63.87920000000001,-44.8525,21.10702
767.0,3.0,17.7054,77.9842,-59.816,19.9944
767.0,3.0,19.47594,85.78262000000001,-59.816,21.99384
767.0,4.0,19.1287,98.1726,-74.7515,20.5639
767.0,4.0,21.04157,107.98986000000001,-74.7515,22.62029
768.0,0.0,2.0201,-19.8925,-18.3417,13.9918
768.0,0.0,2.22211,-21.88175,-18.3417,15.39098
768.0,1.0,-1.4648,-39.9712,-36.7073,14.9252
768.0,1.0,-1.6112800000000003,-43.968320000000006,-36.7073,16.417720000000003
768.0,2.0,-10.3809,-59.1062,-55.0809,15.3679
768.0,2.0,-11.41899,-65.01682000000001,-55.0809,16.904690000000002
768.0,3.0,-24.4895,-76.201,-73.4296,16.1748
768.0,3.0,-26.938450000000003,-83.8211,-73.4296,17.79228
768.0,4.0,-43.366,-90.1359,-91.7757,16.7663
768.0,4.0,-47.702600000000004,-99.14949000000001,-91.7757,18.442930000000004
769.0,0.0,-4.3227,-19.535,-68.6866,4.8713
769.0,0.0,-4.754970000000001,-21.488500000000002,-68.6866,5.35843
769.0,1.0,-12.5008,-38.0409,-137.3771,5.7072
769.0,1.0,-13.75088,-41.84499,-137.3771,6.277920000000001
769.0,2.0,-24.4135,-54.8251,-206.0458,6.1699
769.0,2.0,-26.854850000000003,-60.307610000000004,-206.0458,6.7868900000000005
769.0,3.0,-39.8079,-69.4027,-274.6892,6.9021
769.0,3.0,-43.78869,-76.34297000000001,-274.6892,7.59231
769.0,4.0,-58.3187,-81.2145,-343.3288,7.4676
769.0,4.0,-64.15057,-89.33595000000001,-343.3288,8.214360000000001
770.0,0.0,-16.134,-11.7458,83.0142,10.8307
770.0,0.0,-17.747400000000003,-12.92038,83.0142,11.913770000000001
770.0,1.0,-31.3814,-24.7978,166.0063,11.4523
770.0,1.0,-34.51954,-27.27758,166.0063,12.59753
770.0,2.0,-45.5392,-39.0598,248.9668,12.1654
770.0,2.0,-50.093120000000006,-42.96578000000001,248.9668,13.381940000000002
770.0,3.0,-58.6105,-54.4831,331.9728,12.8308
770.0,3.0,-64.47155000000001,-59.93141000000001,331.9728,14.113880000000002
770.0,4.0,-70.4866,-70.9503,414.9805,13.4982
770.0,4.0,-77.53526000000001,-78.04533,414.9805,14.848020000000002
771.0,0.0,19.9676,-0.6308,18.1177,15.1177
771.0,0.0,21.964360000000003,-0.69388,18.1177,16.62947
771.0,1.0,40.0359,-0.12,36.1733,15.7075
771.0,1.0,44.03949,-0.132,36.1733,17.27825
771.0,2.0,59.9652,1.5464,54.2375,16.4157
771.0,2.0,65.96172000000001,1.70104,54.2375,18.057270000000003
771.0,3.0,79.8964,4.4269,72.352,17.0872
771.0,3.0,87.88604000000001,4.8695900000000005,72.352,18.795920000000002
771.0,4.0,99.6278,8.4325,90.4642,17.7333
771.0,4.0,109.59058,9.27575,90.4642,19.50663
772.0,0.0,-14.6214,13.6608,-18.5875,9.4305
772.0,0.0,-16.08354,15.026880000000002,-18.5875,10.373550000000002
772.0,1.0,-30.2919,26.0594,-37.172,10.0897
772.0,1.0,-33.32109,28.665340000000004,-37.172,11.098670000000002
772.0,2.0,-47.0372,37.2663,-55.7318,10.8296
772.0,2.0,-51.74092,40.99293,-55.7318,11.912560000000001
772.0,3.0,-64.6743,47.0969,-74.3506,11.4172
772.0,3.0,-71.14173000000001,51.80659,-74.3506,12.55892
772.0,4.0,-83.1146,55.5592,-92.8903,11.8674
772.0,4.0,-91.42606,61.115120000000005,-92.8903,13.05414
773.0,0.0,5.4855,-19.18,87.6425,18.6579
773.0,0.0,6.034050000000001,-21.098000000000003,87.6425,20.523690000000002
773.0,1.0,14.4372,-37.2906,175.2533,19.4154
773.0,1.0,15.880920000000001,-41.01966,175.2533,21.356940000000005
773.0,2.0,26.5415,-53.7608,262.9226,20.1883
773.0,2.0,29.19565,-59.136880000000005,262.9226,22.207130000000003
773.0,3.0,41.6496,-68.3178,350.5404,20.6863
773.0,3.0,45.81456,-75.14958000000001,350.5404,22.75493
773.0,4.0,59.4259,-80.4273,438.1805,21.4814
773.0,4.0,65.36849000000001,-88.47003000000001,438.1805,23.629540000000002
774.0,0.0,9.1553,-17.7876,-46.0116,12.6708
774.0,0.0,10.07083,-19.566360000000003,-46.0116,13.937880000000002
774.0,1.0,15.628,-36.8204,-91.9332,13.1386
774.0,1.0,17.190800000000003,-40.50244,-91.9332,14.452460000000002
774.0,2.0,19.3048,-56.834,-137.9088,13.9137
774.0,2.0,21.235280000000003,-62.51740000000001,-137.9088,15.305070000000002
774.0,3.0,20.1263,-77.4347,-183.8843,14.766
774.0,3.0,22.138930000000002,-85.17817000000001,-183.8843,16.242600000000003
774.0,4.0,17.9419,-98.3536,-229.8757,15.3403
774.0,4.0,19.73609,-108.18896000000001,-229.8757,16.87433
775.0,0.0,-15.1992,-12.9584,-8.2044,23.9918
775.0,0.0,-16.71912,-14.254240000000001,-8.2044,26.390980000000003
775.0,1.0,-29.2937,-27.2622,-16.395,24.4736
775.0,1.0,-32.22307000000001,-29.98842,-16.395,26.920960000000004
775.0,2.0,-42.1573,-42.7261,-24.5785,25.4722
775.0,2.0,-46.37303,-46.99871000000001,-24.5785,28.019420000000004
775.0,3.0,-53.6264,-59.3474,-32.7537,25.7009
775.0,3.0,-58.98904,-65.28214000000001,-32.7537,28.270990000000005
775.0,4.0,-63.7968,-77.039,-40.9483,26.5264
775.0,4.0,-70.17648,-84.7429,-40.9483,29.17904
776.0,0.0,16.0114,12.039,48.926,8.7387
776.0,0.0,17.61254,13.2429,48.926,9.61257
776.0,1.0,32.6815,23.1097,97.8981,9.2671
776.0,1.0,35.949650000000005,25.42067,97.8981,10.19381
776.0,2.0,49.9981,33.178,146.8113,9.9347
776.0,2.0,54.997910000000005,36.4958,146.8113,10.92817
776.0,3.0,67.913,42.2916,195.7809,10.4535
776.0,3.0,74.7043,46.52076000000001,195.7809,11.498850000000001
776.0,4.0,86.3749,50.3564,244.7592,11.2774
776.0,4.0,95.01239000000001,55.39204000000001,244.7592,12.405140000000001
777.0,0.0,-8.7199,17.9836,109.703,12.2096
777.0,0.0,-9.591890000000001,19.78196,109.703,13.430560000000002
777.0,1.0,-16.5009,36.4388,219.4264,12.7925
777.0,1.0,-18.150990000000004,40.08268,219.4264,14.071750000000002
777.0,2.0,-23.3158,55.2905,329.1003,13.6693
777.0,2.0,-25.647380000000002,60.81955000000001,329.1003,15.036230000000002
777.0,3.0,-29.0745,74.541,438.778,14.2397
777.0,3.0,-31.981950000000005,81.99510000000001,438.778,15.66367
777.0,4.0,-33.9094,94.1112,548.4833,15.0143
777.0,4.0,-37.30034,103.52232000000001,548.4833,16.51573
778.0,0.0,-18.5335,7.5878,-2.1695,10.6164
778.0,0.0,-20.386850000000003,8.34658,-2.1695,11.678040000000001
778.0,1.0,-37.4083,14.1968,-4.3075,11.2113
778.0,1.0,-41.14913,15.616480000000001,-4.3075,12.33243
778.0,2.0,-56.6338,19.877,-6.5141,11.8472
778.0,2.0,-62.297180000000004,21.8647,-6.5141,13.031920000000001
778.0,3.0,-76.1455,24.5291,-8.6541,12.4815
778.0,3.0,-83.76005,26.982010000000002,-8.6541,13.729650000000001
778.0,4.0,-95.9434,28.2095,-10.8157,13.0641
778.0,4.0,-105.53774,31.030450000000002,-10.8157,14.370510000000001
779.0,0.0,-15.4402,-12.7921,53.3589,13.3289
779.0,0.0,-16.98422,-14.07131,53.3589,14.661790000000002
779.0,1.0,-32.4944,-23.4021,106.7564,13.9958
779.0,1.0,-35.74384,-25.742310000000003,106.7564,15.39538
779.0,2.0,-50.9638,-31.6692,160.1215,14.8795
779.0,2.0,-56.06018,-34.83612,160.1215,16.36745
779.0,3.0,-70.6493,-37.5184,213.4961,15.3278
779.0,3.0,-77.71423,-41.27024,213.4961,16.860580000000002
779.0,4.0,-91.2896,-40.8045,266.8354,15.9998
779.0,4.0,-100.41856,-44.88495,266.8354,17.599780000000003
780.0,0.0,-6.5866,-18.8576,-115.8968,10.0983
780.0,0.0,-7.24526,-20.743360000000003,-115.8968,11.108130000000001
780.0,1.0,-14.2959,-37.3103,-231.8112,10.696
780.0,1.0,-15.72549,-41.04133,-231.8112,11.765600000000001
780.0,2.0,-23.0786,-55.3883,-347.6882,11.2235
780.0,2.0,-25.386460000000003,-60.927130000000005,-347.6882,12.34585
780.0,3.0,-33.0196,-72.8732,-463.5571,12.0027
780.0,3.0,-36.32156,-80.16052,-463.5571,13.202970000000002
780.0,4.0,-43.9517,-89.7958,-579.4801,12.7267
780.0,4.0,-48.34687000000001,-98.77538000000001,-579.4801,13.99937
781.0,0.0,18.432,-7.8116,23.5899,19.1563
781.0,0.0,20.2752,-8.59276,23.5899,21.071930000000002
781.0,1.0,37.4253,-14.07,47.2057,19.9834
781.0,1.0,41.16783,-15.477000000000002,47.2057,21.981740000000002
781.0,2.0,57.0016,-18.8262,70.7801,20.6433
781.0,2.0,62.70176000000001,-20.708820000000003,70.7801,22.70763
781.0,3.0,76.9495,-21.9049,94.3789,21.3541
781.0,3.0,84.64445,-24.095390000000002,94.3789,23.48951
781.0,4.0,97.1976,-23.3941,118.0295,21.976
781.0,4.0,106.91736,-25.733510000000003,118.0295,24.1736
782.0,0.0,19.9941,0.7126,-51.5286,2.0118
782.0,0.0,21.99351,0.7838600000000001,-51.5286,2.2129800000000004
782.0,1.0,39.9288,2.5991,-103.0178,2.7154
782.0,1.0,43.92168000000001,2.85901,-103.0178,2.98694
782.0,2.0,59.7123,5.7231,-154.5333,3.4259
782.0,2.0,65.68353,6.29541,-154.5333,3.7684900000000003
782.0,3.0,79.3464,9.956,-206.0065,4.035
782.0,3.0,87.28104,10.951600000000001,-206.0065,4.4385
782.0,4.0,98.7928,15.3838,-257.5421,4.7223
782.0,4.0,108.67208000000001,16.92218,-257.5421,5.19453
783.0,0.0,4.5441,-19.455,-98.7997,7.188
783.0,0.0,4.9985100000000005,-21.4005,-98.7997,7.9068000000000005
783.0,1.0,7.5436,-39.29,-197.6857,8.0084
783.0,1.0,8.29796,-43.219,-197.6857,8.80924
783.0,2.0,9.0195,-59.2854,-296.4685,8.4648
783.0,2.0,9.921450000000002,-65.21394000000001,-296.4685,9.311280000000002
783.0,3.0,8.9264,-79.4841,-395.3281,9.3695
783.0,3.0,9.81904,-87.43251000000001,-395.3281,10.306450000000002
783.0,4.0,7.3495,-99.6951,-494.1181,9.9026
783.0,4.0,8.08445,-109.66461000000001,-494.1181,10.89286
784.0,0.0,1.0126,19.9558,73.3747,5.4792
784.0,0.0,1.11386,21.95138,73.3747,6.02712
784.0,1.0,3.6909,39.8177,146.7426,6.1125
784.0,1.0,4.05999,43.79947000000001,146.7426,6.723750000000001
784.0,2.0,7.9401,59.4426,220.1418,6.8562
784.0,2.0,8.734110000000001,65.38686,220.1418,7.541820000000001
784.0,3.0,13.7811,78.7951,293.5022,7.5617
784.0,3.0,15.159210000000002,86.67461000000002,293.5022,8.317870000000001
784.0,4.0,21.2217,97.7019,366.8705,8.0252
784.0,4.0,23.34387,107.47209000000001,366.8705,8.827720000000001
785.0,0.0,4.6343,19.4715,22.232,11.3928
785.0,0.0,5.09773,21.41865,22.232,12.53208
785.0,1.0,8.1408,39.1725,44.3995,12.2541
785.0,1.0,8.954880000000001,43.08975,44.3995,13.479510000000001
785.0,2.0,10.4166,59.104,66.642,12.5168
785.0,2.0,11.458260000000001,65.01440000000001,66.642,13.76848
785.0,3.0,11.5878,79.1818,88.817,13.2555
785.0,3.0,12.74658,87.09998,88.817,14.581050000000001
785.0,4.0,11.5168,99.3615,111.0722,14.1628
785.0,4.0,12.66848,109.29765000000002,111.0722,15.579080000000003
786.0,0.0,19.9436,-1.8228,14.029,9.8238
786.0,0.0,21.93796,-2.00508,14.029,10.806180000000001
786.0,1.0,39.9454,-2.4472,28.0262,10.4186
786.0,1.0,43.93994,-2.69192,28.0262,11.460460000000001
786.0,2.0,59.9831,-1.6967,42.0194,11.1934
786.0,2.0,65.98141000000001,-1.8663700000000003,42.0194,12.312740000000002
786.0,3.0,79.9949,0.2753,55.9744,11.5961
786.0,3.0,87.99439000000001,0.30283,55.9744,12.75571
786.0,4.0,99.9014,3.5044,70.0064,12.3413
786.0,4.0,109.89154,3.8548400000000003,70.0064,13.57543
787.0,0.0,-11.0271,16.6326,-113.9446,21.0249
787.0,0.0,-12.129810000000003,18.29586,-113.9446,23.127390000000002
787.0,1.0,-19.0474,35.1944,-227.9024,21.8621
787.0,1.0,-20.95214,38.713840000000005,-227.9024,24.048310000000004
787.0,2.0,-23.6039,55.1385,-341.9001,22.2669
787.0,2.0,-25.964290000000002,60.652350000000006,-341.9001,24.49359
787.0,3.0,-24.6643,76.0944,-455.8973,23.0484
787.0,3.0,-27.130730000000003,83.70384,-455.8973,25.353240000000003
787.0,4.0,-22.0494,97.5707,-569.8724,23.7339
787.0,4.0,-24.25434,107.32777000000002,-569.8724,26.10729
788.0,0.0,10.6285,16.9169,57.6906,3.4484
788.0,0.0,11.691350000000002,18.60859,57.6906,3.7932400000000004
788.0,1.0,19.459,34.9746,115.3481,4.2618
788.0,1.0,21.4049,38.472060000000006,115.3481,4.6879800000000005
788.0,2.0,26.5241,53.8285,173.0713,4.7344
788.0,2.0,29.176510000000004,59.21135,173.0713,5.20784
788.0,3.0,31.6368,73.4872,230.7567,5.5014
788.0,3.0,34.80048,80.83592,230.7567,6.051540000000001
788.0,4.0,34.8663,93.748,288.42,6.1044
788.0,4.0,38.35293000000001,103.12280000000001,288.42,6.714840000000001
789.0,0.0,18.5957,7.3567,4.7379,8.3523
789.0,0.0,20.455270000000002,8.09237,4.7379,9.18753
789.0,1.0,38.4926,10.7622,9.5125,9.3184
789.0,1.0,42.341860000000004,11.838420000000001,9.5125,10.250240000000002
789.0,2.0,59.1512,10.0659,14.2641,9.7187
789.0,2.0,65.06632,11.07249,14.2641,10.690570000000001
789.0,3.0,79.7823,5.2548,19.0181,10.4862
789.0,3.0,87.76053000000002,5.780280000000001,19.0181,11.534820000000002
789.0,4.0,99.9314,-3.813,23.7846,11.2468
789.0,4.0,109.92454000000001,-4.1943,23.7846,12.371480000000002
790.0,0.0,14.6419,-13.6866,17.559,10.2656
790.0,0.0,16.106090000000002,-15.055260000000002,17.559,11.29216
790.0,1.0,27.7357,-28.822,35.0594,11.1326
790.0,1.0,30.509270000000004,-31.7042,35.0594,12.24586
790.0,2.0,39.3664,-45.2797,52.6074,11.5371
790.0,2.0,43.30304,-49.80767,52.6074,12.69081
790.0,3.0,49.3307,-62.9729,70.1339,12.3477
790.0,3.0,54.26377000000001,-69.27019000000001,70.1339,13.58247
790.0,4.0,57.5847,-81.7764,87.6668,12.9505
790.0,4.0,63.34317,-89.95404,87.6668,14.245550000000001
791.0,0.0,-5.9218,19.1319,69.1197,9.9787
791.0,0.0,-6.513980000000001,21.045090000000002,69.1197,10.97657
791.0,1.0,-12.7413,37.9303,138.3698,10.4691
791.0,1.0,-14.015430000000002,41.723330000000004,138.3698,11.51601
791.0,2.0,-20.3497,56.4461,207.543,11.0944
791.0,2.0,-22.38467,62.09071000000001,207.543,12.203840000000001
791.0,3.0,-28.8359,74.6086,276.6979,11.7877
791.0,3.0,-31.71949,82.06946,276.6979,12.96647
791.0,4.0,-38.1742,92.4485,345.8588,12.3175
791.0,4.0,-41.991620000000005,101.69335000000001,345.8588,13.549250000000002
792.0,0.0,-14.7979,13.4685,-100.5893,4.4182
792.0,0.0,-16.277690000000003,14.815350000000002,-100.5893,4.8600200000000005
792.0,1.0,-30.482,25.9193,-201.1687,5.1054
792.0,1.0,-33.5302,28.51123,-201.1687,5.615940000000001
792.0,2.0,-46.9711,37.3087,-301.7608,5.6979
792.0,2.0,-51.66821,41.039570000000005,-301.7608,6.26769
792.0,3.0,-64.2053,47.6934,-402.3282,6.4986
792.0,3.0,-70.62583,52.462740000000004,-402.3282,7.14846
792.0,4.0,-82.2238,56.8658,-502.9091,6.9054
792.0,4.0,-90.44618,62.55238000000001,-502.9091,7.595940000000001
793.0,0.0,-18.0621,-8.5475,38.5401,24.9102
793.0,0.0,-19.86831,-9.40225,38.5401,27.401220000000002
793.0,1.0,-34.8885,-19.5486,77.1718,25.7117
793.0,1.0,-38.37735000000001,-21.50346,77.1718,28.282870000000003
793.0,2.0,-50.2066,-32.8232,115.7014,26.265
793.0,2.0,-55.22726000000001,-36.105520000000006,115.7014,28.891500000000004
793.0,3.0,-63.8144,-48.2061,154.2572,27.0026
793.0,3.0,-70.19584,-53.02671,154.2572,29.702860000000005
793.0,4.0,-75.5819,-65.5111,192.875,27.8338
793.0,4.0,-83.14009000000001,-72.06221000000001,192.875,30.61718
794.0,0.0,-14.6668,13.664,49.2984,13.2988
794.0,0.0,-16.133480000000002,15.0304,49.2984,14.628680000000001
794.0,1.0,-28.4611,28.1161,98.5879,13.763
794.0,1.0,-31.30721,30.92771,98.5879,15.1393
794.0,2.0,-41.4768,43.3779,147.9253,14.5686
794.0,2.0,-45.62448,47.71569,147.9253,16.025460000000002
794.0,3.0,-53.5589,59.4375,197.2075,14.988
794.0,3.0,-58.91479,65.38125000000001,197.2075,16.486800000000002
794.0,4.0,-64.7417,76.2172,246.5082,15.8633
794.0,4.0,-71.21587,83.83892000000002,246.5082,17.449630000000003
795.0,0.0,14.3142,-13.9238,-9.4088,19.4641
795.0,0.0,15.74562,-15.316180000000001,-9.4088,21.41051
795.0,1.0,29.7357,-26.7107,-18.8009,20.1362
795.0,1.0,32.709270000000004,-29.381770000000003,-18.8009,22.149820000000002
795.0,2.0,46.1697,-38.3558,-28.211,20.6626
795.0,2.0,50.78667,-42.19138,-28.211,22.728860000000005
795.0,3.0,63.4616,-48.7597,-37.6592,21.6243
795.0,3.0,69.80776,-53.635670000000005,-37.6592,23.786730000000002
795.0,4.0,81.6178,-57.7452,-47.0455,22.2752
795.0,4.0,89.77958000000001,-63.51972,-47.0455,24.502720000000004
796.0,0.0,13.1323,15.1082,-59.1235,24.2589
796.0,0.0,14.445530000000002,16.619020000000003,-59.1235,26.684790000000003
796.0,1.0,27.0547,29.4275,-118.2306,24.9128
796.0,1.0,29.760170000000002,32.37025,-118.2306,27.404080000000004
796.0,2.0,41.7516,43.0727,-177.3077,25.6939
796.0,2.0,45.92676000000001,47.37997,-177.3077,28.26329
796.0,3.0,57.1818,55.9171,-236.4606,26.1213
796.0,3.0,62.899980000000006,61.508810000000004,-236.4606,28.733430000000006
796.0,4.0,73.3758,67.9215,-295.5915,27.0891
796.0,4.0,80.71338,74.71365,-295.5915,29.79801
797.0,0.0,-5.5958,19.2252,0.1538,20.6728
797.0,0.0,-6.15538,21.147720000000003,0.1538,22.74008
797.0,1.0,-13.2766,37.7146,0.2976,21.554
797.0,1.0,-14.604260000000002,41.48606,0.2976,23.7094
797.0,2.0,-22.9363,55.4693,0.4681,22.158
797.0,2.0,-25.22993,61.01623,0.4681,24.373800000000003
797.0,3.0,-34.5733,72.1789,0.5495,22.8355
797.0,3.0,-38.03063000000001,79.39679000000001,0.5495,25.11905
797.0,4.0,-48.0881,87.6775,0.7133,23.4297
797.0,4.0,-52.89691,96.44525,0.7133,25.77267
798.0,0.0,19.7365,3.2614,14.5481,15.3522
798.0,0.0,21.710150000000002,3.58754,14.5481,16.887420000000002
798.0,1.0,39.6362,5.5884,29.1196,16.1417
798.0,1.0,43.59982000000001,6.147240000000001,29.1196,17.75587
798.0,2.0,59.5939,7.039,43.6521,16.8456
798.0,2.0,65.55329,7.742900000000001,43.6521,18.530160000000002
798.0,3.0,79.6587,7.5427,58.2181,17.1189
798.0,3.0,87.62457,8.29697,58.2181,18.83079
798.0,4.0,99.7558,7.1353,72.7832,18.1583
798.0,4.0,109.73138,7.84883,72.7832,19.974130000000002
799.0,0.0,-6.7692,18.8299,10.7846,10.8699
799.0,0.0,-7.4461200000000005,20.71289,10.7846,11.95689
799.0,1.0,-15.6165,36.795,21.4985,11.3772
799.0,1.0,-17.178150000000002,40.474500000000006,21.4985,12.514920000000002
799.0,2.0,-26.4801,53.8745,32.244,12.2
799.0,2.0,-29.128110000000003,59.26195,32.244,13.42
799.0,3.0,-39.2203,69.7219,43.0172,12.6376
799.0,3.0,-43.14233000000001,76.69409000000002,43.0172,13.901360000000002
799.0,4.0,-53.7657,84.2882,53.7619,13.3549
799.0,4.0,-59.14227000000001,92.71702,53.7619,14.690390000000003
800.0,0.0,19.7382,-3.3502,-12.2679,11.2145
800.0,0.0,21.71202,-3.68522,-12.2679,12.33595
800.0,1.0,39.7425,-4.3865,-24.553,11.6915
800.0,1.0,43.716750000000005,-4.82515,-24.553,12.86065
800.0,2.0,59.9094,-3.1121,-36.8003,12.3737
800.0,2.0,65.90034,-3.4233100000000003,-36.8003,13.61107
800.0,3.0,79.9689,0.49,-49.1089,13.0695
800.0,3.0,87.96579000000001,0.539,-49.1089,14.37645
800.0,4.0,99.7934,6.4682,-61.3685,13.6517
800.0,4.0,109.77274000000001,7.115020000000001,-61.3685,15.01687
801.0,0.0,-19.6583,3.7975,8.0196,16.509
801.0,0.0,-21.62413,4.17725,8.0196,18.1599
801.0,1.0,-39.0296,8.6487,16.0726,17.5739
801.0,1.0,-42.93256,9.513570000000001,16.0726,19.33129
801.0,2.0,-58.2331,14.4849,24.0905,18.2642
801.0,2.0,-64.05641,15.933390000000001,24.0905,20.09062
801.0,3.0,-77.0976,21.2417,32.1344,18.8231
801.0,3.0,-84.80736,23.365870000000005,32.1344,20.70541
801.0,4.0,-95.7151,29.0495,40.1254,19.393
801.0,4.0,-105.28661000000001,31.95445,40.1254,21.332300000000004
802.0,0.0,8.3534,-18.1663,41.093,8.8054
802.0,0.0,9.188740000000001,-19.98293,41.093,9.685940000000002
802.0,1.0,21.3214,-33.8633,82.1916,9.2259
802.0,1.0,23.453540000000004,-37.24963,82.1916,10.14849
802.0,2.0,38.3289,-46.1312,123.2441,10.0718
802.0,2.0,42.16179,-50.74432,123.2441,11.078980000000001
802.0,3.0,58.7224,-54.3028,164.261,10.6794
802.0,3.0,64.59464000000001,-59.73308,164.261,11.74734
802.0,4.0,81.6736,-57.7583,205.3798,11.2363
802.0,4.0,89.84096,-63.534130000000005,205.3798,12.35993
803.0,0.0,-3.0481,19.7096,56.6331,13.9358
803.0,0.0,-3.35291,21.68056,56.6331,15.329380000000002
803.0,1.0,-4.4785,39.7539,113.315,14.6549
803.0,1.0,-4.926350000000001,43.729290000000006,113.315,16.12039
803.0,2.0,-4.2615,59.8483,169.9531,15.1924
803.0,2.0,-4.6876500000000005,65.83313000000001,169.9531,16.71164
803.0,3.0,-2.3575,79.9577,226.5981,15.8397
803.0,3.0,-2.5932500000000003,87.95347000000001,226.5981,17.42367
803.0,4.0,1.1189,99.981,283.2374,16.5191
803.0,4.0,1.23079,109.9791,283.2374,18.171010000000003
804.0,0.0,-18.4009,7.7267,27.5956,1.9689
804.0,0.0,-20.24099,8.49937,27.5956,2.1657900000000003
804.0,1.0,-37.2513,14.6019,55.1092,2.8156
804.0,1.0,-40.97643,16.06209,55.1092,3.09716
804.0,2.0,-56.3582,20.5123,82.6938,3.513
804.0,2.0,-61.99402,22.56353,82.6938,3.8643
804.0,3.0,-75.8271,25.5414,110.256,3.9789
804.0,3.0,-83.40981000000001,28.095540000000003,110.256,4.376790000000001
804.0,4.0,-95.5194,29.5339,137.7964,4.8189
804.0,4.0,-105.07134,32.48729,137.7964,5.300790000000001
805.0,0.0,-14.6369,-13.606,-28.9564,5.5672
805.0,0.0,-16.10059,-14.966600000000001,-28.9564,6.12392
805.0,1.0,-27.2495,-29.2802,-57.8848,6.2134
805.0,1.0,-29.974450000000004,-32.208220000000004,-57.8848,6.834740000000001
805.0,2.0,-37.5238,-46.7993,-86.9225,6.8222
805.0,2.0,-41.276180000000004,-51.47923000000001,-86.9225,7.5044200000000005
805.0,3.0,-45.3598,-65.8856,-115.8546,7.6756
805.0,3.0,-49.89578,-72.47416,-115.8546,8.44316
805.0,4.0,-50.5032,-86.3101,-144.8209,8.1559
805.0,4.0,-55.553520000000006,-94.94111000000001,-144.8209,8.971490000000001
806.0,0.0,1.9258,19.901,-25.2927,11.9647
806.0,0.0,2.11838,21.8911,-25.2927,13.161170000000002
806.0,1.0,7.3811,39.315,-50.6375,12.7171
806.0,1.0,8.11921,43.2465,-50.6375,13.98881
806.0,2.0,16.1698,57.7862,-75.9225,13.4787
806.0,2.0,17.78678,63.564820000000005,-75.9225,14.82657
806.0,3.0,28.3628,74.8073,-101.1789,14.3376
806.0,3.0,31.199080000000002,82.28803,-101.1789,15.771360000000001
806.0,4.0,43.5816,89.9414,-126.4838,14.5908
806.0,4.0,47.93976000000001,98.93554,-126.4838,16.04988
807.0,0.0,-13.7474,14.5247,111.8561,14.2729
807.0,0.0,-15.122140000000002,15.977170000000001,111.8561,15.700190000000001
807.0,1.0,-29.3836,27.1275,223.7248,14.9585
807.0,1.0,-32.321960000000004,29.840250000000005,223.7248,16.45435
807.0,2.0,-46.7085,37.632,335.5214,15.7496
807.0,2.0,-51.37935,41.3952,335.5214,17.32456
807.0,3.0,-65.5702,45.8617,447.3957,16.3107
807.0,3.0,-72.12722000000001,50.44787,447.3957,17.94177
807.0,4.0,-85.6336,51.691,559.2403,16.8378
807.0,4.0,-94.19696,56.86010000000001,559.2403,18.521580000000004
808.0,0.0,9.9385,17.3738,54.4199,12.2965
808.0,0.0,10.93235,19.11118,54.4199,13.526150000000001
808.0,1.0,21.2691,33.9196,108.7599,12.9986
808.0,1.0,23.396010000000004,37.31156000000001,108.7599,14.29846
808.0,2.0,34.0726,49.3934,163.1513,13.703
808.0,2.0,37.47986,54.33274,163.1513,15.0733
808.0,3.0,48.2323,63.8158,217.5422,14.3015
808.0,3.0,53.055530000000005,70.19738000000001,217.5422,15.731650000000002
808.0,4.0,63.6344,77.1474,271.9306,14.9852
808.0,4.0,69.99784000000001,84.86214000000001,271.9306,16.48372
809.0,0.0,9.3466,-17.6945,-78.8342,11.8388
809.0,0.0,10.281260000000001,-19.463950000000004,-78.8342,13.022680000000001
809.0,1.0,20.4911,-34.3394,-157.6968,12.4017
809.0,1.0,22.540210000000002,-37.77334,-157.6968,13.64187
809.0,2.0,33.2293,-49.9143,-236.5307,13.1131
809.0,2.0,36.55223000000001,-54.90573,-236.5307,14.42441
809.0,3.0,47.5943,-64.2778,-315.3603,13.5838
809.0,3.0,52.35373,-70.70558000000001,-315.3603,14.94218
809.0,4.0,63.5108,-77.282,-394.2117,14.4989
809.0,4.0,69.86188000000001,-85.0102,-394.2117,15.948790000000002
810.0,0.0,-13.223,-14.9851,-46.1416,6.7006
810.0,0.0,-14.545300000000003,-16.48361,-46.1416,7.37066
810.0,1.0,-27.3096,-29.1903,-92.252,7.4637
810.0,1.0,-30.040560000000003,-32.10933,-92.252,8.210070000000002
810.0,2.0,-42.2342,-42.6318,-138.3666,8.1153
810.0,2.0,-46.457620000000006,-46.894980000000004,-138.3666,8.92683
810.0,3.0,-57.9228,-55.139,-184.5014,8.7708
810.0,3.0,-63.71508000000001,-60.65290000000001,-184.5014,9.64788
810.0,4.0,-74.4166,-66.8046,-230.6413,9.3647
810.0,4.0,-81.85826000000002,-73.48506,-230.6413,10.301169999999999
811.0,0.0,-12.514,15.6108,85.3612,15.6049
811.0,0.0,-13.7654,17.17188,85.3612,17.165390000000002
811.0,1.0,-25.8094,30.5585,170.8032,16.4954
811.0,1.0,-28.390340000000002,33.61435,170.8032,18.144940000000002
811.0,2.0,-39.8231,44.8732,256.1351,16.8789
811.0,2.0,-43.80541,49.36052,256.1351,18.566790000000005
811.0,3.0,-54.4786,58.5519,341.4609,17.6232
811.0,3.0,-59.926460000000006,64.40709000000001,341.4609,19.385520000000003
811.0,4.0,-69.9025,71.4968,426.9112,18.3558
811.0,4.0,-76.89275,78.64648,426.9112,20.19138
812.0,0.0,11.526,16.3683,-38.3435,24.1839
812.0,0.0,12.678600000000001,18.005130000000005,-38.3435,26.602290000000004
812.0,1.0,23.8086,32.1204,-76.6638,24.7671
812.0,1.0,26.18946,35.33244,-76.6638,27.24381
812.0,2.0,36.8749,47.3116,-114.9838,25.575
812.0,2.0,40.56239,52.04276,-114.9838,28.1325
812.0,3.0,50.7258,61.8685,-153.3112,26.0577
812.0,3.0,55.79838,68.05535,-153.3112,28.663470000000004
812.0,4.0,65.2801,75.755,-191.6293,26.8234
812.0,4.0,71.80811000000001,83.3305,-191.6293,29.505740000000003
813.0,0.0,-4.8737,-19.3848,-27.4684,4.034
813.0,0.0,-5.361070000000001,-21.32328,-27.4684,4.4374
813.0,1.0,-5.3982,-39.6459,-54.9797,4.5604
813.0,1.0,-5.938020000000001,-43.61049,-54.9797,5.01644
813.0,2.0,-1.3335,-59.9855,-82.4408,5.063
813.0,2.0,-1.46685,-65.98405000000001,-82.4408,5.5693
813.0,3.0,7.1072,-79.6764,-109.9791,6.0016
813.0,3.0,7.81792,-87.64404,-109.9791,6.6017600000000005
813.0,4.0,19.9898,-98.0044,-137.4612,6.4688
813.0,4.0,21.988780000000002,-107.80484000000001,-137.4612,7.11568
814.0,0.0,-18.1366,8.491,-45.8298,3.4717
814.0,0.0,-19.950260000000004,9.3401,-45.8298,3.81887
814.0,1.0,-36.7977,15.7427,-91.6927,4.2584
814.0,1.0,-40.477470000000004,17.31697,-91.6927,4.68424
814.0,2.0,-55.9683,21.6946,-137.4766,4.6868
814.0,2.0,-61.56513,23.864060000000002,-137.4766,5.15548
814.0,3.0,-75.5424,26.3969,-183.2902,5.5492
814.0,3.0,-83.09664000000001,29.03659,-183.2902,6.10412
814.0,4.0,-95.4902,29.7111,-229.1108,5.9456
814.0,4.0,-105.03922000000001,32.68221,-229.1108,6.54016
815.0,0.0,19.9305,-1.8975,79.3707,23.604
815.0,0.0,21.92355,-2.08725,79.3707,25.9644
815.0,1.0,39.9384,-2.3746,158.7235,24.2073
815.0,1.0,43.93224000000001,-2.61206,158.7235,26.628030000000003
815.0,2.0,60.0276,-1.4912,238.1893,24.9484
815.0,2.0,66.03036,-1.6403200000000002,238.1893,27.443240000000003
815.0,3.0,79.9858,0.8027,317.5686,25.5019
815.0,3.0,87.98438,0.88297,317.5686,28.05209
815.0,4.0,99.8925,4.4338,396.9588,26.2719
815.0,4.0,109.88175000000001,4.87718,396.9588,28.89909
816.0,0.0,19.2803,5.1612,39.1547,18.0595
816.0,0.0,21.208330000000004,5.677320000000001,39.1547,19.865450000000003
816.0,1.0,37.8266,13.0465,78.3681,18.586
816.0,1.0,41.60926,14.35115,78.3681,20.4446
816.0,2.0,55.2508,23.4386,117.5007,19.4229
816.0,2.0,60.77588,25.782460000000004,117.5007,21.36519
816.0,3.0,71.2769,36.2572,156.6341,20.1515
816.0,3.0,78.40459,39.88292,156.6341,22.16665
816.0,4.0,85.7518,51.4789,195.7919,20.6961
816.0,4.0,94.32698,56.62679000000001,195.7919,22.765710000000002
817.0,0.0,18.0833,-8.4476,-36.5803,15.4032
817.0,0.0,19.891630000000003,-9.29236,-36.5803,16.943520000000003
817.0,1.0,36.7427,-15.8151,-73.1782,16.0355
817.0,1.0,40.41697,-17.39661,-73.1782,17.63905
817.0,2.0,55.8121,-22.0701,-109.7372,16.6886
817.0,2.0,61.39331000000001,-24.27711,-109.7372,18.357460000000003
817.0,3.0,75.2308,-27.2543,-146.2951,17.4605
817.0,3.0,82.75388000000001,-29.979730000000004,-146.2951,19.20655
817.0,4.0,94.9452,-31.2532,-182.8483,18.094
817.0,4.0,104.43972000000001,-34.37852,-182.8483,19.9034
818.0,0.0,9.1006,17.805,-10.5141,18.9252
818.0,0.0,10.010660000000001,19.5855,-10.5141,20.81772
818.0,1.0,17.3739,36.0271,-21.066,19.745
818.0,1.0,19.11129,39.62981,-21.066,21.719500000000004
818.0,2.0,24.7013,54.6587,-31.5513,20.1855
818.0,2.0,27.17143,60.124570000000006,-31.5513,22.204050000000002
818.0,3.0,31.1759,73.7044,-42.101,21.0964
818.0,3.0,34.29349,81.07484000000001,-42.101,23.20604
818.0,4.0,36.7343,93.0158,-52.6379,21.7113
818.0,4.0,40.40773,102.31738,-52.6379,23.882430000000003
819.0,0.0,-19.3704,4.8937,92.7304,18.4297
819.0,0.0,-21.307440000000003,5.38307,92.7304,20.27267
819.0,1.0,-39.2145,7.9642,185.4726,19.1275
819.0,1.0,-43.13595,8.760620000000001,185.4726,21.040250000000004
819.0,2.0,-59.3112,9.3399,278.16,19.7944
819.0,2.0,-65.24232,10.273890000000002,278.16,21.77384
819.0,3.0,-79.4698,8.9503,370.9229,20.2577
819.0,3.0,-87.41678000000002,9.84533,370.9229,22.28347
819.0,4.0,-99.7726,6.7097,463.6508,20.8828
819.0,4.0,-109.74986000000001,7.38067,463.6508,22.97108
820.0,0.0,-14.4104,13.8346,-1.4333,2.3625
820.0,0.0,-15.85144,15.218060000000001,-1.4333,2.59875
820.0,1.0,-29.6759,26.8026,-2.8576,3.1346
820.0,1.0,-32.64349,29.482860000000006,-2.8576,3.44806
820.0,2.0,-45.6729,38.905,-4.3213,3.7692
820.0,2.0,-50.240190000000005,42.795500000000004,-4.3213,4.146120000000001
820.0,3.0,-62.4469,50.024,-5.7461,4.3132
820.0,3.0,-68.69159,55.0264,-5.7461,4.7445200000000005
820.0,4.0,-79.8171,60.2704,-7.1732,5.0243
820.0,4.0,-87.79881,66.29744000000001,-7.1732,5.526730000000001
821.0,0.0,-19.5549,4.2024,-75.1717,14.38
821.0,0.0,-21.51039,4.6226400000000005,-75.1717,15.818000000000001
821.0,1.0,-39.4813,6.2368,-150.3135,15.1468
821.0,1.0,-43.42943,6.86048,-150.3135,16.66148
821.0,2.0,-59.6722,6.0323,-225.4727,15.6618
821.0,2.0,-65.63942,6.635530000000001,-225.4727,17.227980000000002
821.0,3.0,-79.9247,3.6797,-300.6478,16.2222
821.0,3.0,-87.91717000000001,4.04767,-300.6478,17.844420000000003
821.0,4.0,-99.9824,-0.9539,-375.8464,16.8845
821.0,4.0,-109.98064000000001,-1.04929,-375.8464,18.572950000000002
822.0,0.0,19.8071,2.787,-1.6591,20.0328
822.0,0.0,21.78781,3.0657,-1.6591,22.036080000000005
822.0,1.0,39.1162,8.4003,-3.3257,20.5648
822.0,1.0,43.027820000000006,9.24033,-3.3257,22.621280000000002
822.0,2.0,57.627,16.6597,-4.9743,21.5604
822.0,2.0,63.389700000000005,18.325670000000002,-4.9743,23.716440000000002
822.0,3.0,75.071,27.6796,-6.6652,22.1028
822.0,3.0,82.5781,30.447560000000003,-6.6652,24.31308
822.0,4.0,91.1418,41.1558,-8.3627,22.61
822.0,4.0,100.25598000000001,45.27138,-8.3627,24.871000000000002
823.0,0.0,-8.6865,18.0184,-23.0813,13.4854
823.0,0.0,-9.555150000000001,19.820240000000002,-23.0813,14.833940000000002
823.0,1.0,-19.8967,34.6854,-46.2173,14.2879
823.0,1.0,-21.88637,38.153940000000006,-46.2173,15.716690000000002
823.0,2.0,-33.4922,49.7328,-69.3227,14.652
823.0,2.0,-36.84142,54.70608,-69.3227,16.1172
823.0,3.0,-49.3368,62.9324,-92.3953,15.4695
823.0,3.0,-54.27048,69.22564000000001,-92.3953,17.016450000000003
823.0,4.0,-67.1847,74.0726,-115.4721,16.2701
823.0,4.0,-73.90317000000002,81.47986,-115.4721,17.89711
824.0,0.0,7.919,18.374,24.9912,4.0465
824.0,0.0,8.7109,20.2114,24.9912,4.45115
824.0,1.0,23.3015,32.5022,50.0423,4.6619
824.0,1.0,25.631650000000004,35.75242000000001,50.0423,5.12809
824.0,2.0,44.4599,40.3117,75.067,5.2211
824.0,2.0,48.90589,44.342870000000005,75.067,5.74321
824.0,3.0,69.3536,39.8532,100.0484,5.952
824.0,3.0,76.28896,43.83852,100.0484,6.5472
824.0,4.0,95.2941,30.3504,125.0927,6.5853
824.0,4.0,104.82351000000001,33.38544,125.0927,7.243830000000001
825.0,0.0,7.2386,18.6783,-20.6694,12.0298
825.0,0.0,7.962460000000001,20.54613,-20.6694,13.232780000000002
825.0,1.0,11.5682,38.2798,-41.271,12.6074
825.0,1.0,12.72502,42.107780000000005,-41.271,13.868140000000002
825.0,2.0,12.9535,58.5762,-61.9416,13.4839
825.0,2.0,14.248850000000001,64.43382000000001,-61.9416,14.832290000000002
825.0,3.0,11.3305,79.1738,-82.5816,14.0039
825.0,3.0,12.463550000000001,87.09118000000001,-82.5816,15.404290000000001
825.0,4.0,6.6829,99.7331,-103.2571,14.6401
825.0,4.0,7.351190000000001,109.70641,-103.2571,16.104110000000002
826.0,0.0,-19.1598,5.7211,49.7531,18.4575
826.0,0.0,-21.07578,6.29321,49.7531,20.303250000000002
826.0,1.0,-37.3479,14.3369,99.5021,19.1888
826.0,1.0,-41.08269000000001,15.770590000000002,99.5021,21.107680000000002
826.0,2.0,-54.2063,25.705,149.253,19.7883
826.0,2.0,-59.62693,28.2755,149.253,21.76713
826.0,3.0,-69.4517,39.7208,199.0359,20.4195
826.0,3.0,-76.39687,43.69288,199.0359,22.461450000000003
826.0,4.0,-82.744,56.1574,248.7877,21.1086
826.0,4.0,-91.01840000000001,61.773140000000005,248.7877,23.21946
827.0,0.0,-0.3467,19.9819,59.7503,18.7662
827.0,0.0,-0.38137000000000004,21.98009,59.7503,20.642820000000004
827.0,1.0,0.2394,39.9627,119.5208,19.2499
827.0,1.0,0.26334,43.95897,119.5208,21.17489
827.0,2.0,1.7714,59.9403,179.3027,20.0554
827.0,2.0,1.9485400000000002,65.93433,179.3027,22.060940000000002
827.0,3.0,4.2779,79.8451,239.0523,20.7693
827.0,3.0,4.705690000000001,87.82961,239.0523,22.846230000000002
827.0,4.0,7.7392,99.6722,298.8477,21.2765
827.0,4.0,8.51312,109.63942000000002,298.8477,23.40415
828.0,0.0,5.7998,19.1284,-14.9972,23.4092
828.0,0.0,6.379780000000001,21.041240000000002,-14.9972,25.75012
828.0,1.0,13.6152,37.6097,-29.9775,23.9741
828.0,1.0,14.97672,41.37067,-29.9775,26.37151
828.0,2.0,23.5064,55.2115,-45.0119,24.5527
828.0,2.0,25.85704,60.73265000000001,-45.0119,27.007970000000004
828.0,3.0,35.2553,71.8481,-59.9642,25.2963
828.0,3.0,38.78083,79.03291000000002,-59.9642,27.82593
828.0,4.0,48.8398,87.2402,-75.0225,25.89
828.0,4.0,53.72378,95.96422000000001,-75.0225,28.479000000000003
829.0,0.0,19.9916,-0.9189,-13.0264,3.225
829.0,0.0,21.990759999999998,-1.01079,-13.0264,3.5475000000000003
829.0,1.0,39.9856,-0.5398,-26.119,3.68
829.0,1.0,43.98416,-0.59378,-26.119,4.048000000000001
829.0,2.0,59.9883,1.1782,-39.1273,4.4954
829.0,2.0,65.98713000000001,1.29602,-39.1273,4.944940000000001
829.0,3.0,79.9368,4.2154,-52.1865,5.0639
829.0,3.0,87.93048000000002,4.63694,-52.1865,5.570290000000001
829.0,4.0,99.5906,8.5329,-65.2377,6.023
829.0,4.0,109.54966,9.386190000000001,-65.2377,6.6253
830.0,0.0,15.93,-12.1252,34.9816,15.6073
830.0,0.0,17.523,-13.337720000000001,34.9816,17.16803
830.0,1.0,32.6409,-23.0554,69.9807,16.3084
830.0,1.0,35.904990000000005,-25.36094,69.9807,17.93924
830.0,2.0,50.1898,-32.8714,104.9767,16.8656
830.0,2.0,55.208780000000004,-36.15854,104.9767,18.55216
830.0,3.0,68.3803,-41.5156,139.9385,17.8338
830.0,3.0,75.21833000000001,-45.66716,139.9385,19.61718
830.0,4.0,87.1866,-48.9389,174.8835,18.2229
830.0,4.0,95.90526000000001,-53.83279,174.8835,20.04519
831.0,0.0,15.9107,-12.1087,-5.7899,23.8795
831.0,0.0,17.50177,-13.319570000000002,-5.7899,26.267450000000004
831.0,1.0,33.8845,-21.2151,-11.5676,24.4776
831.0,1.0,37.27295000000001,-23.33661,-11.5676,26.92536
831.0,2.0,53.6373,-26.9953,-17.3577,24.9963
831.0,2.0,59.00103000000001,-29.694830000000003,-17.3577,27.495930000000005
831.0,3.0,74.4576,-29.2366,-23.1699,25.7531
831.0,3.0,81.90336,-32.16026,-23.1699,28.32841
831.0,4.0,96.046,-27.7982,-28.9086,26.4491
831.0,4.0,105.65060000000001,-30.578020000000002,-28.9086,29.094010000000004
832.0,0.0,-19.5679,4.3106,49.6457,22.8621
832.0,0.0,-21.524690000000003,4.74166,49.6457,25.148310000000002
832.0,1.0,-38.0252,12.4795,99.2134,23.7147
832.0,1.0,-41.82772,13.727450000000001,99.2134,26.086170000000003
832.0,2.0,-54.8102,24.3492,148.8706,24.3259
832.0,2.0,-60.29122000000001,26.78412,148.8706,26.758490000000002
832.0,3.0,-69.4262,39.7572,198.5476,24.9963
832.0,3.0,-76.36882,43.73292,198.5476,27.495930000000005
832.0,4.0,-81.3205,58.1632,248.1085,25.7243
832.0,4.0,-89.45255,63.97952000000001,248.1085,28.29673
833.0,0.0,-12.6132,-15.5238,-80.5971,19.0497
833.0,0.0,-13.874520000000002,-17.07618,-80.5971,20.954670000000004
833.0,1.0,-24.3068,-31.7953,-161.185,19.7756
833.0,1.0,-26.73748,-34.974830000000004,-161.185,21.75316
833.0,2.0,-35.1522,-48.6314,-241.7758,20.5105
833.0,2.0,-38.66742000000001,-53.49454,-241.7758,22.561550000000004
833.0,3.0,-45.0609,-66.0817,-322.3582,21.0623
833.0,3.0,-49.56699,-72.68987,-322.3582,23.168530000000004
833.0,4.0,-54.0743,-84.1365,-402.9947,21.7351
833.0,4.0,-59.481730000000006,-92.55015,-402.9947,23.90861
834.0,0.0,-19.6629,3.7716,69.9356,22.2506
834.0,0.0,-21.62919,4.14876,69.9356,24.47566
834.0,1.0,-39.0601,8.7192,139.8276,22.721
834.0,1.0,-42.96611,9.591120000000002,139.8276,24.993100000000002
834.0,2.0,-58.0885,14.8004,209.8077,23.2874
834.0,2.0,-63.89735000000001,16.280440000000002,209.8077,25.616140000000005
834.0,3.0,-76.9357,22.0963,279.7188,24.1681
834.0,3.0,-84.62927,24.30593,279.7188,26.58491
834.0,4.0,-95.2648,30.418,349.6202,24.5675
834.0,4.0,-104.79128,33.4598,349.6202,27.024250000000002
835.0,0.0,18.4864,7.614,4.7312,21.7598
835.0,0.0,20.335040000000003,8.3754,4.7312,23.93578
835.0,1.0,37.409,14.1523,9.4602,22.4189
835.0,1.0,41.1499,15.567530000000001,9.4602,24.660790000000002
835.0,2.0,56.671,19.6518,14.2235,22.9674
835.0,2.0,62.338100000000004,21.61698,14.2235,25.264140000000005
835.0,3.0,76.2756,24.0197,18.9296,23.9172
835.0,3.0,83.90316,26.421670000000002,18.9296,26.308920000000004
835.0,4.0,96.1787,27.3537,23.686,24.4979
835.0,4.0,105.79657000000002,30.089070000000003,23.686,26.947690000000005
836.0,0.0,-12.1465,15.8719,-24.414,23.4326
836.0,0.0,-13.36115,17.45909,-24.414,25.77586
836.0,1.0,-25.4274,30.8835,-48.7865,23.9541
836.0,1.0,-27.97014,33.97185,-48.7865,26.349510000000002
836.0,2.0,-39.7348,44.9499,-73.2022,24.6239
836.0,2.0,-43.70828,49.44489,-73.2022,27.08629
836.0,3.0,-55.1451,57.9815,-97.583,25.3366
836.0,3.0,-60.65961,63.779650000000004,-97.583,27.870260000000002
836.0,4.0,-71.4539,69.9314,-121.973,26.1111
836.0,4.0,-78.59929000000001,76.92454000000001,-121.973,28.722210000000004
837.0,0.0,-14.2616,14.052,29.9127,23.7504
837.0,0.0,-15.68776,15.4572,29.9127,26.12544
837.0,1.0,-26.4242,30.0343,59.817,24.4647
837.0,1.0,-29.06662,33.03773,59.817,26.911170000000002
837.0,2.0,-36.2766,47.8042,89.7776,25.2632
837.0,2.0,-39.90426000000001,52.58462000000001,89.7776,27.789520000000003
837.0,3.0,-43.5656,67.0952,119.6678,25.9455
837.0,3.0,-47.922160000000005,73.80472000000002,119.6678,28.54005
837.0,4.0,-48.1913,87.5705,149.5426,26.2132
837.0,4.0,-53.01043,96.32755,149.5426,28.83452
838.0,0.0,-17.5811,9.5786,67.3677,6.6506
838.0,0.0,-19.33921,10.53646,67.3677,7.31566
838.0,1.0,-35.7538,17.9229,134.762,7.5023
838.0,1.0,-39.32918,19.71519,134.762,8.25253
838.0,2.0,-54.5582,25.0169,202.1325,8.0478
838.0,2.0,-60.01402,27.518590000000003,202.1325,8.852580000000001
838.0,3.0,-73.809,30.8217,269.5201,8.7589
838.0,3.0,-81.18990000000001,33.903870000000005,269.5201,9.63479
838.0,4.0,-93.5519,35.348,336.8877,9.4343
838.0,4.0,-102.90709000000001,38.8828,336.8877,10.377730000000001
839.0,0.0,18.7386,-6.9093,-11.3256,25.5226
839.0,0.0,20.612460000000002,-7.600230000000001,-11.3256,28.074860000000005
839.0,1.0,37.9474,-12.7703,-22.6699,26.2703
839.0,1.0,41.742140000000006,-14.047330000000002,-22.6699,28.89733
839.0,2.0,57.4354,-17.4366,-33.97,26.8554
839.0,2.0,63.178940000000004,-19.18026,-33.97,29.540940000000003
839.0,3.0,77.2357,-20.9538,-45.3352,27.7297
839.0,3.0,84.95927,-23.049180000000003,-45.3352,30.502670000000002
839.0,4.0,97.2395,-23.3167,-56.618,28.0798
839.0,4.0,106.96345000000002,-25.648370000000003,-56.618,30.887780000000003
840.0,0.0,-20.0195,0.3523,-114.375,12.298
840.0,0.0,-22.02145,0.38753000000000004,-114.375,13.527800000000001
840.0,1.0,-39.813,4.0344,-228.7516,12.8742
840.0,1.0,-43.79430000000001,4.4378400000000005,-228.7516,14.161620000000001
840.0,2.0,-58.9871,10.9862,-343.1828,13.7448
840.0,2.0,-64.88581,12.08482,-343.1828,15.119280000000002
840.0,3.0,-77.1632,21.1423,-457.5064,14.2973
840.0,3.0,-84.87952000000001,23.25653,-457.5064,15.727030000000001
840.0,4.0,-93.9076,34.3848,-571.8707,14.7402
840.0,4.0,-103.29836000000002,37.823280000000004,-571.8707,16.21422
841.0,0.0,-19.6603,3.8082,-3.0496,8.8165
841.0,0.0,-21.62633,4.18902,-3.0496,9.69815
841.0,1.0,-38.0961,12.197,-6.0822,9.5538
841.0,1.0,-41.905710000000006,13.4167,-6.0822,10.509180000000002
841.0,2.0,-54.5481,25.0258,-9.0973,10.0003
841.0,2.0,-60.00291,27.528380000000002,-9.0973,11.00033
841.0,3.0,-68.205,41.827,-12.0953,10.8093
841.0,3.0,-75.02550000000001,46.0097,-12.0953,11.89023
841.0,4.0,-78.4086,62.0449,-15.1757,11.602
841.0,4.0,-86.24946000000001,68.24939,-15.1757,12.762200000000002
842.0,0.0,14.194,-14.0494,-62.639,14.7208
842.0,0.0,15.613400000000002,-15.454340000000002,-62.639,16.192880000000002
842.0,1.0,25.366,-30.9204,-125.2641,15.2107
842.0,1.0,27.902600000000003,-34.012440000000005,-125.2641,16.73177
842.0,2.0,33.0593,-50.066,-187.9055,16.1175
842.0,2.0,36.365230000000004,-55.07260000000001,-187.9055,17.72925
842.0,3.0,36.9505,-70.9465,-250.542,16.6354
842.0,3.0,40.64555,-78.04115,-250.542,18.29894
842.0,4.0,36.8034,-92.9375,-313.1658,17.3376
842.0,4.0,40.483740000000004,-102.23125,-313.1658,19.07136
843.0,0.0,-10.2801,17.1646,58.8086,23.5096
843.0,0.0,-11.30811,18.88106,58.8086,25.86056
843.0,1.0,-14.2873,37.3686,117.6216,23.9596
843.0,1.0,-15.716030000000002,41.10546,117.6216,26.35556
843.0,2.0,-11.2793,58.9634,176.4469,24.8519
843.0,2.0,-12.40723,64.85974,176.4469,27.337090000000003
843.0,3.0,-1.0722,80.0061,235.2373,25.5074
843.0,3.0,-1.1794200000000001,88.00671000000001,235.2373,28.05814
843.0,4.0,16.2371,98.6736,294.0228,26.2059
843.0,4.0,17.860810000000004,108.54096,294.0228,28.826490000000003
844.0,0.0,-17.7235,9.1716,20.5984,16.616
844.0,0.0,-19.495850000000004,10.08876,20.5984,18.2776
844.0,1.0,-36.4714,16.3559,41.1042,17.3118
844.0,1.0,-40.11854,17.99149,41.1042,19.042980000000004
844.0,2.0,-56.0349,21.5625,61.6787,17.9659
844.0,2.0,-61.63839000000001,23.718750000000004,61.6787,19.762490000000003
844.0,3.0,-76.0705,24.67,82.2142,18.7878
844.0,3.0,-83.67755,27.137000000000004,82.2142,20.666580000000003
844.0,4.0,-96.6347,25.6819,102.7903,19.3431
844.0,4.0,-106.29817,28.25009,102.7903,21.27741
845.0,0.0,0.0984,-20.0319,-2.6589,10.857
845.0,0.0,0.10824000000000002,-22.035090000000004,-2.6589,11.9427
845.0,1.0,4.6246,-39.7526,-5.2761,11.7271
845.0,1.0,5.08706,-43.72786000000001,-5.2761,12.89981
845.0,2.0,13.5103,-58.4621,-7.9324,12.2137
845.0,2.0,14.861330000000002,-64.30831,-7.9324,13.43507
845.0,3.0,26.5632,-75.4715,-10.5256,12.9191
845.0,3.0,29.21952,-83.01865000000001,-10.5256,14.211010000000002
845.0,4.0,43.4827,-90.0525,-13.1928,13.4549
845.0,4.0,47.83097000000001,-99.05775,-13.1928,14.800390000000002
846.0,0.0,12.0391,-15.9801,6.5706,10.1169
846.0,0.0,13.24301,-17.578110000000002,6.5706,11.12859
846.0,1.0,23.2224,-32.5654,13.1215,10.6977
846.0,1.0,25.54464,-35.82194,13.1215,11.76747
846.0,2.0,33.6075,-49.7202,19.7288,11.6191
846.0,2.0,36.968250000000005,-54.692220000000006,19.7288,12.78101
846.0,3.0,43.0752,-67.4076,26.2873,12.1542
846.0,3.0,47.382720000000006,-74.14836000000001,26.2873,13.369620000000001
846.0,4.0,51.6915,-85.5743,32.8403,12.9621
846.0,4.0,56.86065,-94.13173,32.8403,14.25831
847.0,0.0,14.0626,14.2323,60.5601,23.7747
847.0,0.0,15.468860000000001,15.655530000000002,60.5601,26.15217
847.0,1.0,27.3098,29.2515,121.1264,24.7775
847.0,1.0,30.04078,32.17665,121.1264,27.255250000000004
847.0,2.0,39.675,45.0329,181.6921,25.1607
847.0,2.0,43.6425,49.536190000000005,181.6921,27.67677
847.0,3.0,51.089,61.5518,242.27,25.9005
847.0,3.0,56.197900000000004,67.70698,242.27,28.490550000000002
847.0,4.0,61.6231,78.7626,302.8506,26.4007
847.0,4.0,67.78541000000001,86.63886000000001,302.8506,29.040770000000002
848.0,0.0,-2.5181,19.7933,-2.668,4.3495
848.0,0.0,-2.7699100000000003,21.77263,-2.668,4.7844500000000005
848.0,1.0,-6.0655,39.5509,-5.3943,4.7705
848.0,1.0,-6.6720500000000005,43.505990000000004,-5.3943,5.24755
848.0,2.0,-10.6074,59.0683,-8.0112,5.7227
848.0,2.0,-11.668140000000001,64.97513000000001,-8.0112,6.29497
848.0,3.0,-16.062,78.3857,-10.6845,6.183
848.0,3.0,-17.668200000000002,86.22427,-10.6845,6.8013
848.0,4.0,-22.5142,97.4269,-13.3533,6.6975
848.0,4.0,-24.765620000000002,107.16959000000001,-13.3533,7.36725
849.0,0.0,-19.2491,-5.4433,-38.4027,7.2459
849.0,0.0,-21.17401,-5.98763,-38.4027,7.970490000000001
849.0,1.0,-36.4327,-16.4992,-76.7851,7.5846
849.0,1.0,-40.07597,-18.14912,-76.7851,8.343060000000001
849.0,2.0,-50.2287,-32.7805,-115.2314,8.5252
849.0,2.0,-55.25157000000001,-36.058550000000004,-115.2314,9.37772
849.0,3.0,-59.6343,-53.3024,-153.624,9.0806
849.0,3.0,-65.59773000000001,-58.63264,-153.624,9.988660000000001
849.0,4.0,-63.6449,-77.1395,-191.998,9.4775
849.0,4.0,-70.00939000000001,-84.85345000000001,-191.998,10.42525
850.0,0.0,-8.8321,17.9889,-58.8837,14.4542
850.0,0.0,-9.71531,19.78779,-58.8837,15.899620000000002
850.0,1.0,-19.4599,34.9398,-117.7396,15.1457
850.0,1.0,-21.405890000000003,38.43378,-117.7396,16.66027
850.0,2.0,-31.8597,50.8519,-176.6194,15.8759
850.0,2.0,-35.04567,55.937090000000005,-176.6194,17.46349
850.0,3.0,-45.9532,65.4664,-235.5418,16.4716
850.0,3.0,-50.54852,72.01304,-235.5418,18.11876
850.0,4.0,-61.6226,78.7582,-294.3759,17.2035
850.0,4.0,-67.78486000000001,86.63402,-294.3759,18.923849999999998
851.0,0.0,-18.6243,7.3204,-43.3311,23.4519
851.0,0.0,-20.486730000000005,8.05244,-43.3311,25.79709
851.0,1.0,-36.6947,15.778,-86.5831,24.0886
851.0,1.0,-40.36417,17.355800000000002,-86.5831,26.49746
851.0,2.0,-54.3305,25.4182,-129.9337,24.7371
851.0,2.0,-59.76355,27.96002,-129.9337,27.210810000000006
851.0,3.0,-71.4197,36.1255,-173.1935,25.4314
851.0,3.0,-78.56167,39.73805000000001,-173.1935,27.97454
851.0,4.0,-87.8317,47.8845,-216.4981,26.0591
851.0,4.0,-96.61487000000001,52.67295000000001,-216.4981,28.665010000000002
852.0,0.0,-19.7092,3.3813,50.1927,9.2849
852.0,0.0,-21.680120000000002,3.7194300000000005,50.1927,10.21339
852.0,1.0,-39.121,8.4531,100.4329,9.8871
852.0,1.0,-43.033100000000005,9.29841,100.4329,10.875810000000001
852.0,2.0,-57.9992,15.2407,150.5943,10.3922
852.0,2.0,-63.79912000000001,16.764770000000002,150.5943,11.431420000000001
852.0,3.0,-76.403,23.735,200.8033,11.3477
852.0,3.0,-84.04330000000002,26.108500000000003,200.8033,12.482470000000001
852.0,4.0,-94.0715,33.9159,251.0532,11.8393
852.0,4.0,-103.47865,37.30749,251.0532,13.02323
853.0,0.0,14.2045,-14.0534,-95.1864,7.7226
853.0,0.0,15.62495,-15.45874,-95.1864,8.494860000000001
853.0,1.0,23.4961,-32.3584,-190.3272,8.275
853.0,1.0,25.84571,-35.594240000000006,-190.3272,9.102500000000001
853.0,2.0,26.9292,-53.5802,-285.5155,9.1666
853.0,2.0,29.622120000000002,-58.93822,-285.5155,10.083260000000001
853.0,3.0,23.8102,-76.3796,-380.6597,9.6144
853.0,3.0,26.19122,-84.01756,-380.6597,10.575840000000001
853.0,4.0,13.913,-99.021,-475.817,10.3429
853.0,4.0,15.304300000000001,-108.9231,-475.817,11.37719
854.0,0.0,19.9786,-1.2025,-24.4849,22.6486
854.0,0.0,21.976460000000003,-1.32275,-24.4849,24.91346
854.0,1.0,39.6711,-4.7464,-48.9709,23.0693
854.0,1.0,43.63821000000001,-5.221040000000001,-48.9709,25.37623
854.0,2.0,59.0564,-10.6499,-73.4449,23.7171
854.0,2.0,64.96204,-11.714890000000002,-73.4449,26.08881
854.0,3.0,77.7055,-18.9147,-98.0103,24.3133
854.0,3.0,85.47605,-20.80617,-98.0103,26.744630000000004
854.0,4.0,95.5878,-29.4318,-122.4779,25.2816
854.0,4.0,105.14658000000001,-32.37498,-122.4779,27.809760000000004
855.0,0.0,-6.0845,19.0263,-75.896,3.5802
855.0,0.0,-6.692950000000001,20.92893,-75.896,3.9382200000000003
855.0,1.0,-10.6933,38.531,-151.8118,4.1137
855.0,1.0,-11.762630000000001,42.384100000000004,-151.8118,4.52507
855.0,2.0,-13.9576,58.3613,-227.7427,4.7332
855.0,2.0,-15.35336,64.19743000000001,-227.7427,5.20652
855.0,3.0,-15.7921,78.3943,-303.6692,5.3951
855.0,3.0,-17.37131,86.23373000000001,-303.6692,5.934610000000001
855.0,4.0,-16.1565,98.6941,-379.5555,6.0879
855.0,4.0,-17.772150000000003,108.56351000000002,-379.5555,6.696690000000001
856.0,0.0,-4.817,-19.3905,1.5044,19.2414
856.0,0.0,-5.2987,-21.32955,1.5044,21.16554
856.0,1.0,-10.6571,-38.5473,2.9735,19.7964
856.0,1.0,-11.72281,-42.40203,2.9735,21.77604
856.0,2.0,-17.5809,-57.3688,4.4412,20.4609
856.0,2.0,-19.338990000000003,-63.10568000000001,4.4412,22.506990000000002
856.0,3.0,-25.4882,-75.838,5.9405,21.2761
856.0,3.0,-28.037020000000002,-83.4218,5.9405,23.40371
856.0,4.0,-34.4013,-93.8816,7.3824,21.8166
856.0,4.0,-37.84143,-103.26976000000002,7.3824,23.998260000000002
857.0,0.0,-19.8389,-2.3859,3.5415,3.8295
857.0,0.0,-21.82279,-2.62449,3.5415,4.2124500000000005
857.0,1.0,-39.9027,-2.4264,7.0648,4.3286
857.0,1.0,-43.892970000000005,-2.6690400000000003,7.0648,4.7614600000000005
857.0,2.0,-60.0242,-0.1372,10.6652,5.1848
857.0,2.0,-66.02662000000001,-0.15092,10.6652,5.70328
857.0,3.0,-79.8734,4.5537,14.2278,5.6936
857.0,3.0,-87.86074,5.00907,14.2278,6.2629600000000005
857.0,4.0,-99.3521,11.6009,17.7639,6.2817
857.0,4.0,-109.28731,12.76099,17.7639,6.909870000000001
858.0,0.0,-5.683,-19.1611,29.1252,13.328
858.0,0.0,-6.2513000000000005,-21.077210000000004,29.1252,14.6608
858.0,1.0,-9.9541,-38.7499,58.2571,14.0956
858.0,1.0,-10.949510000000002,-42.62489,58.2571,15.50516
858.0,2.0,-12.9563,-58.6188,87.372,14.8116
858.0,2.0,-14.251930000000002,-64.48068,87.372,16.29276
858.0,3.0,-14.5881,-78.7119,116.5014,15.4521
858.0,3.0,-16.04691,-86.58309000000001,116.5014,16.997310000000002
858.0,4.0,-14.7854,-98.9135,145.5762,16.236
858.0,4.0,-16.26394,-108.80485,145.5762,17.859600000000004
859.0,0.0,-19.9596,0.9456,47.7164,3.7145
859.0,0.0,-21.95556,1.04016,47.7164,4.08595
859.0,1.0,-39.8487,3.4879,95.4013,4.4397
859.0,1.0,-43.83357,3.83669,95.4013,4.88367
859.0,2.0,-59.5003,7.6335,143.1427,5.1033
859.0,2.0,-65.45033000000001,8.39685,143.1427,5.613630000000001
859.0,3.0,-78.8836,13.3416,190.8108,5.7812
859.0,3.0,-86.77196,14.67576,190.8108,6.35932
859.0,4.0,-97.885,20.539,238.4937,6.4237
859.0,4.0,-107.67350000000002,22.592900000000004,238.4937,7.066070000000001
860.0,0.0,-1.804,-19.928,47.2216,22.2892
860.0,0.0,-1.9844000000000002,-21.920800000000003,47.2216,24.518120000000003
860.0,1.0,-4.6806,-39.6944,94.4966,22.6514
860.0,1.0,-5.1486600000000005,-43.66384000000001,94.4966,24.91654
860.0,2.0,-8.6819,-59.3872,141.6927,23.4927
860.0,2.0,-9.55009,-65.32592000000001,141.6927,25.84197
860.0,3.0,-13.8039,-78.8025,188.9306,24.2844
860.0,3.0,-15.184290000000003,-86.68275,188.9306,26.712840000000003
860.0,4.0,-19.9744,-97.9518,236.2108,24.8619
860.0,4.0,-21.97184,-107.74698000000002,236.2108,27.34809
861.0,0.0,-16.5779,11.1925,76.0802,10.2933
861.0,0.0,-18.23569,12.311750000000002,76.0802,11.322630000000002
861.0,1.0,-32.3897,23.4288,152.1109,10.8748
861.0,1.0,-35.62867,25.77168,152.1109,11.962280000000002
861.0,2.0,-47.348,36.792,228.2036,11.7915
861.0,2.0,-52.082800000000006,40.4712,228.2036,12.970650000000001
861.0,3.0,-61.5173,51.1225,304.2504,12.3614
861.0,3.0,-67.66903,56.234750000000005,304.2504,13.59754
861.0,4.0,-74.7352,66.4798,380.3133,12.987
861.0,4.0,-82.20872000000001,73.12778,380.3133,14.285700000000002
862.0,0.0,8.6704,-18.0379,39.5882,13.0186
862.0,0.0,9.537440000000002,-19.841690000000003,39.5882,14.32046
862.0,1.0,21.0961,-33.974,79.1659,13.674
862.0,1.0,23.205710000000003,-37.3714,79.1659,15.041400000000001
862.0,2.0,36.8455,-47.3605,118.7476,14.4551
862.0,2.0,40.53005,-52.09655000000001,118.7476,15.90061
862.0,3.0,55.546,-57.5875,158.3691,15.0441
862.0,3.0,61.10060000000001,-63.346250000000005,158.3691,16.54851
862.0,4.0,76.6719,-64.2187,197.926,15.715
862.0,4.0,84.33909,-70.64057000000001,197.926,17.2865
863.0,0.0,4.6071,-19.4823,-29.6949,21.8091
863.0,0.0,5.067810000000001,-21.43053,-29.6949,23.99001
863.0,1.0,8.2248,-39.1764,-59.4411,22.4465
863.0,1.0,9.04728,-43.09404000000001,-59.4411,24.691150000000004
863.0,2.0,10.9243,-58.9969,-89.19,23.2524
863.0,2.0,12.01673,-64.89659,-89.19,25.577640000000002
863.0,3.0,12.6452,-78.9865,-118.9018,23.8114
863.0,3.0,13.909720000000002,-86.88515000000001,-118.9018,26.19254
863.0,4.0,13.3835,-99.0948,-148.6001,24.5048
863.0,4.0,14.721850000000002,-109.00428000000002,-148.6001,26.955280000000002
864.0,0.0,-17.9906,-8.718,6.2916,13.8475
864.0,0.0,-19.78966,-9.5898,6.2916,15.23225
864.0,1.0,-36.4802,-16.4241,12.5726,14.7129
864.0,1.0,-40.128220000000006,-18.06651,12.5726,16.18419
864.0,2.0,-55.3719,-23.1365,18.8154,15.1576
864.0,2.0,-60.90909,-25.450150000000004,18.8154,16.673360000000002
864.0,3.0,-74.6116,-28.8238,25.1265,16.0243
864.0,3.0,-82.07276,-31.70618,25.1265,17.626730000000002
864.0,4.0,-94.1901,-33.5251,31.3879,16.6919
864.0,4.0,-103.60911000000002,-36.877610000000004,31.3879,18.36109
865.0,0.0,-18.8214,-6.8115,41.2698,16.9906
865.0,0.0,-20.703540000000004,-7.49265,41.2698,18.689660000000003
865.0,1.0,-38.2209,-11.7327,82.5388,17.669
865.0,1.0,-42.04299,-12.90597,82.5388,19.435900000000004
865.0,2.0,-58.1308,-14.8745,123.7835,18.3462
865.0,2.0,-63.94388000000001,-16.36195,123.7835,20.18082
865.0,3.0,-78.3716,-16.0982,165.0647,19.0385
865.0,3.0,-86.20876000000001,-17.70802,165.0647,20.94235
865.0,4.0,-98.7764,-15.4462,206.342,19.7404
865.0,4.0,-108.65404000000001,-16.99082,206.342,21.714440000000003
866.0,0.0,-17.7167,9.312,-14.6573,6.5452
866.0,0.0,-19.48837,10.2432,-14.6573,7.199720000000001
866.0,1.0,-34.9412,19.4881,-29.2818,7.4167
866.0,1.0,-38.435320000000004,21.43691,-29.2818,8.15837
866.0,2.0,-51.6245,30.5663,-43.8916,8.2089
866.0,2.0,-56.786950000000004,33.622930000000004,-43.8916,9.02979
866.0,3.0,-67.8012,42.4955,-58.5218,8.7983
866.0,3.0,-74.58132,46.745050000000006,-58.5218,9.67813
866.0,4.0,-83.3364,55.2272,-73.1955,9.4054
866.0,4.0,-91.67004,60.74992000000001,-73.1955,10.34594
867.0,0.0,14.963,-13.2316,-112.6404,24.2008
867.0,0.0,16.4593,-14.554760000000002,-112.6404,26.620880000000003
867.0,1.0,29.2323,-27.2974,-225.2767,24.7732
867.0,1.0,32.15553,-30.027140000000003,-225.2767,27.25052
867.0,2.0,42.7299,-42.1027,-337.9977,25.6198
867.0,2.0,47.00289000000001,-46.31297,-337.9977,28.181780000000003
867.0,3.0,55.3809,-57.7423,-450.6253,26.2489
867.0,3.0,60.91899,-63.51653,-450.6253,28.87379
867.0,4.0,67.2136,-74.022,-563.2932,26.6841
867.0,4.0,73.93496,-81.42420000000001,-563.2932,29.352510000000002
868.0,0.0,18.259,-8.1943,37.1763,9.7313
868.0,0.0,20.0849,-9.01373,37.1763,10.70443
868.0,1.0,35.6867,-18.1247,74.3503,10.3771
868.0,1.0,39.255370000000006,-19.937170000000002,74.3503,11.414810000000001
868.0,2.0,52.1857,-29.6045,111.587,10.8159
868.0,2.0,57.404270000000004,-32.56495,111.587,11.89749
868.0,3.0,67.679,-42.6445,148.7809,11.6473
868.0,3.0,74.44690000000001,-46.908950000000004,148.7809,12.81203
868.0,4.0,82.0243,-57.1687,185.9639,12.4004
868.0,4.0,90.22673,-62.88557000000001,185.9639,13.64044
869.0,0.0,14.3971,-13.8589,103.6344,9.6443
869.0,0.0,15.836810000000002,-15.244790000000002,103.6344,10.60873
869.0,1.0,31.3069,-24.9896,207.2613,10.2597
869.0,1.0,34.43759,-27.488560000000003,207.2613,11.285670000000001
869.0,2.0,50.0995,-32.9866,310.904,11.0848
869.0,2.0,55.10945,-36.28526000000001,310.904,12.19328
869.0,3.0,70.5746,-37.6467,414.5327,11.8366
869.0,3.0,77.63206000000001,-41.411370000000005,414.5327,13.020260000000002
869.0,4.0,92.1762,-38.7664,518.1801,12.3443
869.0,4.0,101.39382,-42.64304,518.1801,13.578730000000002
870.0,0.0,-10.5587,-16.9889,16.7696,12.3978
870.0,0.0,-11.61457,-18.687790000000003,16.7696,13.637580000000002
870.0,1.0,-22.2796,-33.2474,33.5601,13.0214
870.0,1.0,-24.50756,-36.572140000000005,33.5601,14.323540000000001
870.0,2.0,-35.0747,-48.6669,50.3228,13.6317
870.0,2.0,-38.582170000000005,-53.533590000000004,50.3228,14.994870000000002
870.0,3.0,-48.9268,-63.2795,67.1386,14.2346
870.0,3.0,-53.819480000000006,-69.60745,67.1386,15.658060000000003
870.0,4.0,-63.797,-76.9932,83.8821,14.9207
870.0,4.0,-70.1767,-84.69252,83.8821,16.412770000000002
871.0,0.0,-11.603,-16.2664,113.5166,25.2877
871.0,0.0,-12.763300000000001,-17.893040000000003,113.5166,27.816470000000002
871.0,1.0,-22.3113,-33.2046,227.0053,26.0322
871.0,1.0,-24.54243,-36.52506,227.0053,28.635420000000003
871.0,2.0,-32.0104,-50.7798,340.5547,26.9449
871.0,2.0,-35.21144,-55.857780000000005,340.5547,29.639390000000002
871.0,3.0,-40.69,-68.8351,454.0608,27.4408
871.0,3.0,-44.759,-75.71861,454.0608,30.184880000000003
871.0,4.0,-48.3932,-87.5215,567.5823,28.2487
871.0,4.0,-53.23252000000001,-96.27365000000002,567.5823,31.073570000000004
872.0,0.0,-11.5387,16.3047,10.6856,5.0951
872.0,0.0,-12.692570000000002,17.935170000000003,10.6856,5.604610000000001
872.0,1.0,-25.1797,31.0749,21.3505,5.8001
872.0,1.0,-27.697670000000002,34.182390000000005,21.3505,6.38011
872.0,2.0,-40.6339,44.1018,32.0619,6.4634
872.0,2.0,-44.69729,48.51198,32.0619,7.10974
872.0,3.0,-57.8974,55.25,42.7784,6.9938
872.0,3.0,-63.68714,60.775000000000006,42.7784,7.693180000000001
872.0,4.0,-76.6213,64.2761,53.4865,7.7449
872.0,4.0,-84.28343000000001,70.70371,53.4865,8.519390000000001
873.0,0.0,15.9177,-12.126,-96.5339,14.8072
873.0,0.0,17.50947,-13.338600000000001,-96.5339,16.28792
873.0,1.0,30.7374,-25.572,-193.016,15.3261
873.0,1.0,33.81114,-28.1292,-193.016,16.858710000000002
873.0,2.0,44.5344,-40.2711,-289.4954,15.9509
873.0,2.0,48.98784,-44.29821,-289.4954,17.545990000000003
873.0,3.0,57.0679,-56.035,-386.0337,16.7648
873.0,3.0,62.77469000000001,-61.6385,-386.0337,18.441280000000003
873.0,4.0,68.408,-72.9409,-482.5967,17.4278
873.0,4.0,75.2488,-80.23499000000001,-482.5967,19.170580000000005
874.0,0.0,13.8306,14.4183,-54.1757,9.0297
874.0,0.0,15.21366,15.860130000000002,-54.1757,9.932670000000002
874.0,1.0,26.8096,29.6799,-108.4095,9.7416
874.0,1.0,29.490560000000002,32.647890000000004,-108.4095,10.715760000000001
874.0,2.0,38.8807,45.7284,-162.5961,10.2436
874.0,2.0,42.76877,50.30124000000001,-162.5961,11.267960000000002
874.0,3.0,49.965,62.4639,-216.768,10.9982
874.0,3.0,54.96150000000001,68.71029000000001,-216.768,12.098020000000002
874.0,4.0,60.1183,79.9332,-270.9503,11.673
874.0,4.0,66.13013000000001,87.92652000000001,-270.9503,12.840300000000001
875.0,0.0,-7.1212,-18.7076,21.0816,3.8963
875.0,0.0,-7.8333200000000005,-20.57836,21.0816,4.2859300000000005
875.0,1.0,-15.1545,-37.0092,42.1447,4.5906
875.0,1.0,-16.669950000000004,-40.71012,42.1447,5.04966
875.0,2.0,-23.9736,-55.0027,63.2544,5.0381
875.0,2.0,-26.370960000000004,-60.502970000000005,63.2544,5.541910000000001
875.0,3.0,-33.6976,-72.5447,84.3122,5.8701
875.0,3.0,-37.06736000000001,-79.79917000000002,84.3122,6.45711
875.0,4.0,-44.2489,-89.7038,105.4173,6.4335
875.0,4.0,-48.673790000000004,-98.67418,105.4173,7.076850000000001
876.0,0.0,-17.7658,9.1348,74.5706,19.7068
876.0,0.0,-19.54238,10.048280000000002,74.5706,21.677480000000003
876.0,1.0,-38.0223,12.5299,149.0924,20.115
876.0,1.0,-41.82453,13.78289,149.0924,22.1265
876.0,2.0,-59.1714,9.8134,223.6982,20.8059
876.0,2.0,-65.08854000000001,10.794740000000001,223.6982,22.886490000000002
876.0,3.0,-80.0165,0.7557,298.2721,21.5314
876.0,3.0,-88.01815,0.8312700000000001,298.2721,23.684540000000002
876.0,4.0,-98.9593,-14.5263,372.8195,22.1269
876.0,4.0,-108.85523,-15.978930000000002,372.8195,24.33959
877.0,0.0,-0.35,19.9971,8.218,7.2645
877.0,0.0,-0.385,21.99681,8.218,7.990950000000001
877.0,1.0,-1.8814,39.9756,16.4133,7.9289
877.0,1.0,-2.06954,43.97316,16.4133,8.72179
877.0,2.0,-4.4997,59.8243,24.6259,8.9011
877.0,2.0,-4.94967,65.80673,24.6259,9.79121
877.0,3.0,-8.3141,79.5726,32.8355,9.2064
877.0,3.0,-9.14551,87.52986,32.8355,10.127040000000001
877.0,4.0,-13.276,99.1381,41.0856,10.013
877.0,4.0,-14.6036,109.05191,41.0856,11.0143
878.0,0.0,-10.8237,16.7923,23.2465,20.585
878.0,0.0,-11.906070000000001,18.47153,23.2465,22.643500000000003
878.0,1.0,-20.1105,34.5681,46.4368,21.1289
878.0,1.0,-22.12155,38.024910000000006,46.4368,23.241790000000005
878.0,2.0,-27.8006,53.1854,69.6388,21.621
878.0,2.0,-30.58066,58.50394000000001,69.6388,23.7831
878.0,3.0,-33.7912,72.5412,92.8986,22.4575
878.0,3.0,-37.170320000000004,79.79532,92.8986,24.70325
878.0,4.0,-38.1013,92.4549,116.0899,23.1724
878.0,4.0,-41.91143,101.70039,116.0899,25.48964
879.0,0.0,-17.48,9.8187,26.5413,9.2591
879.0,0.0,-19.228,10.80057,26.5413,10.18501
879.0,1.0,-33.2066,22.2973,53.031,9.7027
879.0,1.0,-36.527260000000005,24.527030000000003,53.031,10.672970000000001
879.0,2.0,-47.0847,37.2316,79.6104,10.2547
879.0,2.0,-51.79317,40.95476,79.6104,11.28017
879.0,3.0,-58.7777,54.2747,106.1479,10.9205
879.0,3.0,-64.65547000000001,59.70217000000001,106.1479,12.012550000000001
879.0,4.0,-67.9523,73.3698,132.6656,11.7295
879.0,4.0,-74.74753,80.70678000000001,132.6656,12.90245
880.0,0.0,-6.8757,-18.7578,55.123,10.7514
880.0,0.0,-7.563270000000001,-20.633580000000002,55.123,11.826540000000001
880.0,1.0,-12.4244,-38.0479,110.1931,11.4424
880.0,1.0,-13.666840000000002,-41.85269,110.1931,12.586640000000001
880.0,2.0,-16.5873,-57.6632,165.3321,12.1393
880.0,2.0,-18.24603,-63.42952000000001,165.3321,13.353230000000002
880.0,3.0,-19.3724,-77.6244,220.4584,12.8247
880.0,3.0,-21.30964,-85.38684,220.4584,14.107170000000002
880.0,4.0,-20.7743,-97.8075,275.5999,13.4521
880.0,4.0,-22.851730000000003,-107.58825000000002,275.5999,14.797310000000001
881.0,0.0,8.6685,-18.0132,-5.085,20.8467
881.0,0.0,9.535350000000001,-19.81452,-5.085,22.93137
881.0,1.0,19.1056,-35.1576,-10.1828,21.4342
881.0,1.0,21.01616,-38.67336,-10.1828,23.577620000000003
881.0,2.0,31.1912,-51.278,-15.28,21.989
881.0,2.0,34.310320000000004,-56.405800000000006,-15.28,24.187900000000003
881.0,3.0,44.886,-66.2338,-20.3521,22.7638
881.0,3.0,49.37460000000001,-72.85718000000001,-20.3521,25.040180000000003
881.0,4.0,60.0826,-79.9059,-25.4042,23.5438
881.0,4.0,66.09086,-87.89649000000001,-25.4042,25.898180000000004
882.0,0.0,-19.8513,2.6866,-83.2456,5.2152
882.0,0.0,-21.83643,2.95526,-83.2456,5.736720000000001
882.0,1.0,-38.396,11.1871,-166.5661,6.094
882.0,1.0,-42.235600000000005,12.30581,-166.5661,6.703400000000001
882.0,2.0,-54.5294,25.0781,-249.7867,6.4587
882.0,2.0,-59.98234000000001,27.585910000000002,-249.7867,7.104570000000001
882.0,3.0,-66.8747,43.8417,-333.0214,7.2957
882.0,3.0,-73.56217000000001,48.22587000000001,-333.0214,8.02527
882.0,4.0,-74.5507,66.621,-416.2899,7.9816
882.0,4.0,-82.00577000000001,73.2831,-416.2899,8.779760000000001
883.0,0.0,19.0142,-6.2152,-27.8514,25.4194
883.0,0.0,20.91562,-6.836720000000001,-27.8514,27.961340000000003
883.0,1.0,37.6511,-13.5608,-55.6623,26.2868
883.0,1.0,41.41621,-14.91688,-55.6623,28.915480000000002
883.0,2.0,55.7978,-22.0261,-83.5075,26.5655
883.0,2.0,61.37758000000001,-24.228710000000003,-83.5075,29.222050000000003
883.0,3.0,73.4376,-31.6328,-111.3506,27.4297
883.0,3.0,80.78136,-34.79608,-111.3506,30.172670000000004
883.0,4.0,90.5835,-42.3433,-139.1817,27.9797
883.0,4.0,99.64185,-46.577630000000006,-139.1817,30.777670000000004
884.0,0.0,19.1749,5.6925,-110.8968,1.2979
884.0,0.0,21.09239,6.26175,-110.8968,1.4276900000000001
884.0,1.0,38.0062,12.4748,-221.8714,1.9783
884.0,1.0,41.80682,13.722280000000001,-221.8714,2.17613
884.0,2.0,56.4951,20.2417,-332.807,2.5897
884.0,2.0,62.14461000000001,22.265870000000003,-332.807,2.8486700000000003
884.0,3.0,74.6188,28.9456,-443.8008,3.312
884.0,3.0,82.08068,31.84016,-443.8008,3.6432
884.0,4.0,92.2669,38.6036,-554.7328,3.821
884.0,4.0,101.49359000000001,42.46396,-554.7328,4.203100000000001
885.0,0.0,18.8077,6.7602,-6.1004,12.7932
885.0,0.0,20.688470000000002,7.4362200000000005,-6.1004,14.072520000000003
885.0,1.0,36.6946,15.8489,-12.2392,13.4952
885.0,1.0,40.36406,17.433790000000002,-12.2392,14.844720000000002
885.0,2.0,53.5094,27.2082,-18.3507,14.2284
885.0,2.0,58.86034,29.929020000000005,-18.3507,15.651240000000001
885.0,3.0,68.9233,40.6715,-24.4571,14.6699
885.0,3.0,75.81563,44.73865000000001,-24.4571,16.13689
885.0,4.0,82.7341,56.1478,-30.583,15.3548
885.0,4.0,91.00751000000001,61.76258,-30.583,16.89028
886.0,0.0,18.7717,-6.8144,7.7063,3.4843
886.0,0.0,20.648870000000002,-7.49584,7.7063,3.8327300000000006
886.0,1.0,37.233,-14.6031,15.3836,4.1157
886.0,1.0,40.9563,-16.06341,15.3836,4.527270000000001
886.0,2.0,55.3167,-23.2257,23.0978,4.8918
886.0,2.0,60.84837,-25.548270000000002,23.0978,5.38098
886.0,3.0,72.9747,-32.7656,30.7467,5.5517
886.0,3.0,80.27217,-36.04216,30.7467,6.106870000000001
886.0,4.0,90.1806,-43.189,38.4509,6.2405
886.0,4.0,99.19866,-47.50790000000001,38.4509,6.86455
887.0,0.0,-5.2751,-19.2464,10.9968,5.066
887.0,0.0,-5.8026100000000005,-21.17104,10.9968,5.5726
887.0,1.0,-12.3592,-38.0154,21.9767,5.5832
887.0,1.0,-13.595120000000001,-41.81694,21.9767,6.14152
887.0,2.0,-21.1366,-56.1474,32.9988,6.1506
887.0,2.0,-23.250260000000004,-61.76214,32.9988,6.7656600000000005
887.0,3.0,-31.5617,-73.5533,43.9694,6.6192
887.0,3.0,-34.71787,-80.90863,43.9694,7.2811200000000005
887.0,4.0,-43.5838,-90.0057,54.9588,7.5743
887.0,4.0,-47.94218,-99.00627000000001,54.9588,8.33173
888.0,0.0,16.8255,-10.8029,13.8073,11.9639
888.0,0.0,18.508050000000004,-11.88319,13.8073,13.160290000000002
888.0,1.0,33.0359,-22.5141,27.6321,12.603
888.0,1.0,36.33949,-24.765510000000003,27.6321,13.8633
888.0,2.0,48.6318,-35.1523,41.4967,13.4406
888.0,2.0,53.494980000000005,-38.66753,41.4967,14.78466
888.0,3.0,63.5515,-48.5807,55.2796,14.0723
888.0,3.0,69.90665,-53.438770000000005,55.2796,15.479530000000002
888.0,4.0,77.7824,-62.8816,69.1583,14.752
888.0,4.0,85.56064,-69.16976000000001,69.1583,16.227200000000003
889.0,0.0,18.9427,-6.4206,-7.2908,8.7496
889.0,0.0,20.83697,-7.062660000000001,-7.2908,9.62456
889.0,1.0,37.2852,-14.5004,-14.5072,9.0384
889.0,1.0,41.013720000000006,-15.950440000000002,-14.5072,9.94224
889.0,2.0,54.8594,-24.1789,-21.8219,9.9595
889.0,2.0,60.34534000000001,-26.596790000000002,-21.8219,10.95545
889.0,3.0,71.7078,-35.4722,-29.0682,10.6564
889.0,3.0,78.87858000000001,-39.019420000000004,-29.0682,11.72204
889.0,4.0,87.5855,-48.2751,-36.3035,11.2452
889.0,4.0,96.34405000000001,-53.102610000000006,-36.3035,12.369720000000001
890.0,0.0,-7.5828,-18.5334,47.3758,9.7832
890.0,0.0,-8.34108,-20.386740000000003,47.3758,10.76152
890.0,1.0,-13.7587,-37.557,94.7812,10.5228
890.0,1.0,-15.13457,-41.31270000000001,94.7812,11.575080000000002
890.0,2.0,-18.449,-57.1297,142.1658,11.1978
890.0,2.0,-20.293900000000004,-62.842670000000005,142.1658,12.317580000000001
890.0,3.0,-21.775,-76.9959,189.541,11.6688
890.0,3.0,-23.9525,-84.69549,189.541,12.83568
890.0,4.0,-23.4756,-97.157,236.9119,12.23
890.0,4.0,-25.82316,-106.87270000000001,236.9119,13.453000000000001
891.0,0.0,6.3815,-18.9775,-46.4287,5.7769
891.0,0.0,7.01965,-20.87525,-46.4287,6.354590000000001
891.0,1.0,11.1256,-38.4455,-92.8291,6.2559
891.0,1.0,12.23816,-42.29005000000001,-92.8291,6.88149
891.0,2.0,14.1548,-58.2918,-139.3143,6.8964
891.0,2.0,15.57028,-64.12098,-139.3143,7.586040000000001
891.0,3.0,15.5357,-78.4795,-185.7254,7.5814
891.0,3.0,17.089270000000003,-86.32745000000001,-185.7254,8.339540000000001
891.0,4.0,15.1541,-98.8569,-232.2007,8.1994
891.0,4.0,16.669510000000002,-108.74259,-232.2007,9.019340000000001
892.0,0.0,-19.2532,5.4676,-10.0727,14.6448
892.0,0.0,-21.178520000000002,6.014360000000001,-10.0727,16.109280000000002
892.0,1.0,-38.7381,10.0498,-20.112,15.0891
892.0,1.0,-42.61191000000001,11.054780000000001,-20.112,16.598010000000002
892.0,2.0,-58.4212,13.7064,-30.1687,15.8574
892.0,2.0,-64.26332000000001,15.077040000000002,-30.1687,17.443140000000003
892.0,3.0,-78.2972,16.4128,-40.2639,16.4221
892.0,3.0,-86.12692000000001,18.054080000000003,-40.2639,18.064310000000003
892.0,4.0,-98.3144,18.1909,-50.3381,17.1
892.0,4.0,-108.14584000000002,20.009990000000002,-50.3381,18.810000000000002
893.0,0.0,17.3517,9.9498,-13.7928,17.4956
893.0,0.0,19.08687,10.94478,-13.7928,19.245160000000002
893.0,1.0,35.5781,18.3315,-27.5889,18.0497
893.0,1.0,39.13591,20.164649999999998,-27.5889,19.854670000000002
893.0,2.0,54.4994,25.0881,-41.4443,18.8778
893.0,2.0,59.94934000000001,27.596910000000005,-41.4443,20.765580000000003
893.0,3.0,74.0703,30.2088,-55.2227,19.5556
893.0,3.0,81.47733000000001,33.22968,-55.2227,21.51116
893.0,4.0,94.1724,33.634,-68.9742,19.9336
893.0,4.0,103.58964,36.997400000000006,-68.9742,21.92696
894.0,0.0,15.1626,13.0024,23.3944,0.9595
894.0,0.0,16.67886,14.30264,23.3944,1.05545
894.0,1.0,31.2015,25.0124,46.788,1.7269
894.0,1.0,34.321650000000005,27.513640000000002,46.788,1.8995900000000003
894.0,2.0,48.0698,35.9026,70.2137,2.3916
894.0,2.0,52.876780000000004,39.49286,70.2137,2.63076
894.0,3.0,65.7017,45.7071,93.5713,3.0883
894.0,3.0,72.27187,50.27781,93.5713,3.39713
894.0,4.0,84.0065,54.2879,116.9918,3.8512
894.0,4.0,92.40715000000002,59.71669000000001,116.9918,4.23632
895.0,0.0,-19.4274,4.7706,0.48,10.675
895.0,0.0,-21.37014,5.247660000000001,0.48,11.742500000000001
895.0,1.0,-38.2472,11.6781,0.9164,11.1023
895.0,1.0,-42.071920000000006,12.845910000000002,0.9164,12.212530000000001
895.0,2.0,-56.3459,20.59,1.3945,11.6517
895.0,2.0,-61.98049,22.649,1.3945,12.816870000000002
895.0,3.0,-73.5333,31.5249,1.8367,12.5069
895.0,3.0,-80.88663,34.67739,1.8367,13.75759
895.0,4.0,-89.6465,44.3502,2.3236,13.0387
895.0,4.0,-98.61115000000001,48.78522,2.3236,14.342570000000002
896.0,0.0,-17.4052,-9.8505,60.2675,2.3843
896.0,0.0,-19.14572,-10.835550000000001,60.2675,2.6227300000000002
896.0,1.0,-35.4981,-18.4266,120.5339,3.1276
896.0,1.0,-39.04791,-20.269260000000003,120.5339,3.4403600000000005
896.0,2.0,-54.2389,-25.6468,180.7942,3.8184
896.0,2.0,-59.66279000000001,-28.21148,180.7942,4.20024
896.0,3.0,-73.584,-31.358,241.0123,4.5279
896.0,3.0,-80.9424,-34.4938,241.0123,4.98069
896.0,4.0,-93.4271,-35.6838,301.2922,5.1195
896.0,4.0,-102.76981,-39.25218,301.2922,5.631450000000001
897.0,0.0,-7.6665,-18.473,-64.9864,19.1944
897.0,0.0,-8.433150000000001,-20.3203,-64.9864,21.113840000000003
897.0,1.0,-17.9431,-35.7445,-129.9396,19.8416
897.0,1.0,-19.737410000000004,-39.31895000000001,-129.9396,21.825760000000002
897.0,2.0,-30.6912,-51.5827,-194.8813,20.5878
897.0,2.0,-33.76032,-56.740970000000004,-194.8813,22.646580000000004
897.0,3.0,-45.7652,-65.6136,-259.8614,21.2097
897.0,3.0,-50.34172,-72.17496000000001,-259.8614,23.330670000000005
897.0,4.0,-62.8944,-77.7471,-324.8537,21.9384
897.0,4.0,-69.18384,-85.52181000000002,-324.8537,24.132240000000003
898.0,0.0,-19.9769,0.988,-93.8352,23.2369
898.0,0.0,-21.974590000000003,1.0868,-93.8352,25.56059
898.0,1.0,-40.0009,0.4486,-187.6081,24.103
898.0,1.0,-44.00099000000001,0.49346000000000007,-187.6081,26.513300000000005
898.0,2.0,-59.9797,-1.5234,-281.4638,24.7993
898.0,2.0,-65.97767,-1.6757400000000002,-281.4638,27.279230000000002
898.0,3.0,-79.8365,-5.0234,-375.2816,25.4747
898.0,3.0,-87.82015000000001,-5.52574,-375.2816,28.02217
898.0,4.0,-99.5036,-9.9345,-469.1208,26.0499
898.0,4.0,-109.45396000000001,-10.927950000000001,-469.1208,28.65489
899.0,0.0,1.0525,19.9869,-8.0803,7.4534
899.0,0.0,1.15775,21.98559,-8.0803,8.19874
899.0,1.0,3.8749,39.8222,-16.2171,8.1137
899.0,1.0,4.26239,43.80442000000001,-16.2171,8.92507
899.0,2.0,8.388,59.4162,-24.3042,8.7582
899.0,2.0,9.2268,65.35782,-24.3042,9.634020000000001
899.0,3.0,14.5658,78.6449,-32.3763,9.3001
899.0,3.0,16.022380000000002,86.50939000000001,-32.3763,10.230110000000002
899.0,4.0,22.4407,97.4201,-40.4425,10.3129
899.0,4.0,24.68477,107.16211000000001,-40.4425,11.344190000000001
900.0,0.0,3.3888,-19.7082,110.8732,3.4957
900.0,0.0,3.72768,-21.679020000000005,110.8732,3.84527
900.0,1.0,5.1174,-39.6696,221.8285,4.1074
900.0,1.0,5.6291400000000005,-43.63656,221.8285,4.518140000000001
900.0,2.0,5.1897,-59.7948,332.7546,4.6775
900.0,2.0,5.708670000000001,-65.77428,332.7546,5.145250000000001
900.0,3.0,3.5313,-79.913,443.6604,5.5236
900.0,3.0,3.88443,-87.9043,443.6604,6.07596
900.0,4.0,0.2301,-100.0133,554.5909,6.1947
900.0,4.0,0.25311,-110.01463000000001,554.5909,6.814170000000001
901.0,0.0,6.4574,-18.9008,10.7084,3.117
901.0,0.0,7.103140000000001,-20.79088,10.7084,3.4287
901.0,1.0,14.4094,-37.3032,21.4884,3.583
901.0,1.0,15.850340000000001,-41.03352,21.4884,3.9413000000000005
901.0,2.0,23.7655,-55.0618,32.1799,4.5604
901.0,2.0,26.14205,-60.567980000000006,32.1799,5.01644
901.0,3.0,34.5706,-72.1545,42.9494,5.4476
901.0,3.0,38.027660000000004,-79.36995,42.9494,5.992360000000001
901.0,4.0,46.7317,-88.4269,53.6431,5.8307
901.0,4.0,51.40487,-97.26959000000001,53.6431,6.41377
902.0,0.0,19.6876,-3.6861,6.1344,21.9748
902.0,0.0,21.656360000000003,-4.054710000000001,6.1344,24.17228
902.0,1.0,39.5349,-6.1651,12.3414,22.609
902.0,1.0,43.48839,-6.781610000000001,12.3414,24.869900000000005
902.0,2.0,59.4999,-7.4525,18.4386,23.3692
902.0,2.0,65.44989,-8.197750000000001,18.4386,25.706120000000002
902.0,3.0,79.6476,-7.5345,24.6261,24.1788
902.0,3.0,87.61236000000001,-8.28795,24.6261,26.596680000000003
902.0,4.0,99.7867,-6.3997,30.8223,24.8911
902.0,4.0,109.76537,-7.039670000000001,30.8223,27.380210000000005
903.0,0.0,-18.6353,-7.2189,-30.6847,10.3749
903.0,0.0,-20.49883,-7.940790000000001,-30.6847,11.412390000000002
903.0,1.0,-39.7132,-5.0187,-61.3663,11.0047
903.0,1.0,-43.684520000000006,-5.52057,-61.3663,12.105170000000001
903.0,2.0,-59.574,6.9909,-92.0112,11.5329
903.0,2.0,-65.5314,7.689990000000001,-92.0112,12.68619
903.0,3.0,-74.8913,28.1198,-122.7232,12.3274
903.0,3.0,-82.38043,30.931780000000003,-122.7232,13.560140000000002
903.0,4.0,-82.3712,56.695,-153.4409,12.8468
903.0,4.0,-90.60832,62.36450000000001,-153.4409,14.131480000000002
904.0,0.0,19.3567,-5.0481,-46.3055,1.6687
904.0,0.0,21.292370000000002,-5.552910000000001,-46.3055,1.8355700000000001
904.0,1.0,38.2761,-11.605,-92.6023,2.3294
904.0,1.0,42.10371,-12.765500000000001,-92.6023,2.5623400000000003
904.0,2.0,56.7508,-19.4537,-138.9201,2.9236
904.0,2.0,62.42588000000001,-21.399070000000002,-138.9201,3.2159600000000004
904.0,3.0,74.6495,-28.7157,-185.2279,3.8295
904.0,3.0,82.11445,-31.58727,-185.2279,4.2124500000000005
904.0,4.0,91.9374,-39.3821,-231.488,4.5447
904.0,4.0,101.13114,-43.320310000000006,-231.488,4.99917
905.0,0.0,19.9852,-0.2352,-80.2343,17.9886
905.0,0.0,21.98372,-0.25872,-80.2343,19.787460000000003
905.0,1.0,39.9458,-1.4701,-160.4227,18.5416
905.0,1.0,43.940380000000005,-1.61711,-160.4227,20.39576
905.0,2.0,59.8418,-3.56,-240.5995,19.2706
905.0,2.0,65.82598,-3.9160000000000004,-240.5995,21.197660000000003
905.0,3.0,79.7561,-6.5891,-320.8233,20.0158
905.0,3.0,87.73171,-7.248010000000001,-320.8233,22.01738
905.0,4.0,99.4253,-10.5412,-401.0009,20.6288
905.0,4.0,109.36783,-11.595320000000001,-401.0009,22.69168
906.0,0.0,18.9196,6.4466,40.3637,21.9698
906.0,0.0,20.81156,7.091260000000001,40.3637,24.166780000000003
906.0,1.0,38.1659,12.048,80.6941,22.6857
906.0,1.0,41.982490000000006,13.2528,80.6941,24.95427
906.0,2.0,57.6128,16.7606,121.0258,23.5218
906.0,2.0,63.374080000000006,18.436660000000003,121.0258,25.87398
906.0,3.0,77.3563,20.4987,161.4177,23.8434
906.0,3.0,85.09193,22.54857,161.4177,26.22774
906.0,4.0,97.2498,23.2705,201.7475,24.8236
906.0,4.0,106.97478,25.597550000000002,201.7475,27.305960000000002
907.0,0.0,-17.1507,-10.2639,-12.4174,18.498
907.0,0.0,-18.86577,-11.29029,-12.4174,20.347800000000003
907.0,1.0,-33.5483,-21.775,-24.8116,19.0077
907.0,1.0,-36.90313,-23.9525,-24.8116,20.90847
907.0,2.0,-49.1311,-34.4102,-37.2028,19.7139
907.0,2.0,-54.04421000000001,-37.851220000000005,-37.2028,21.685290000000002
907.0,3.0,-63.7594,-48.2908,-49.6053,20.2968
907.0,3.0,-70.13534,-53.11988,-49.6053,22.326480000000004
907.0,4.0,-77.3964,-63.2832,-62.0037,20.9385
907.0,4.0,-85.13604000000001,-69.61152000000001,-62.0037,23.032350000000005
908.0,0.0,-19.7553,3.1449,-94.1844,22.7869
908.0,0.0,-21.73083,3.45939,-94.1844,25.06559
908.0,1.0,-39.7442,4.724,-188.3113,23.549
908.0,1.0,-43.71862,5.196400000000001,-188.3113,25.9039
908.0,2.0,-59.8045,4.9213,-282.4419,24.0089
908.0,2.0,-65.78495000000001,5.41343,-282.4419,26.409790000000005
908.0,3.0,-79.9344,3.5005,-376.6167,24.6264
908.0,3.0,-87.92784,3.8505500000000006,-376.6167,27.089040000000004
908.0,4.0,-99.9734,0.6038,-470.8075,25.3782
908.0,4.0,-109.97074,0.6641800000000001,-470.8075,27.916020000000003
909.0,0.0,17.1992,10.1703,16.9459,16.0926
909.0,0.0,18.919120000000003,11.18733,16.9459,17.701860000000003
909.0,1.0,35.147,19.013,33.8699,16.6372
909.0,1.0,38.6617,20.914300000000004,33.8699,18.30092
909.0,2.0,53.8035,26.5292,50.8743,17.2296
909.0,2.0,59.18385000000001,29.18212,50.8743,18.952560000000002
909.0,3.0,73.0384,32.6271,67.8644,18.017
909.0,3.0,80.34224,35.889810000000004,67.8644,19.8187
909.0,4.0,92.7907,37.2872,84.8394,18.7597
909.0,4.0,102.06977,41.01592,84.8394,20.63567
910.0,0.0,8.141,-18.2768,54.4663,24.8707
910.0,0.0,8.955100000000002,-20.104480000000002,54.4663,27.357770000000002
910.0,1.0,21.4529,-33.7371,108.9319,25.6665
910.0,1.0,23.598190000000002,-37.11081,108.9319,28.233150000000002
910.0,2.0,39.3367,-45.2677,163.3872,26.2008
910.0,2.0,43.27037000000001,-49.794470000000004,163.3872,28.820880000000002
910.0,3.0,60.7788,-51.9901,217.8613,26.7248
910.0,3.0,66.85668,-57.18911,217.8613,29.397280000000002
910.0,4.0,84.7725,-53.0672,272.2941,27.3646
910.0,4.0,93.24975,-58.373920000000005,272.2941,30.10106
911.0,0.0,4.401,19.4928,-40.1538,13.8691
911.0,0.0,4.8411,21.44208,-40.1538,15.25601
911.0,1.0,9.6876,38.8167,-80.2551,14.6182
911.0,1.0,10.656360000000001,42.69837,-80.2551,16.08002
911.0,2.0,15.927,57.8475,-120.3986,15.5533
911.0,2.0,17.5197,63.63225,-120.3986,17.10863
911.0,3.0,23.0392,76.6187,-160.4871,16.1859
911.0,3.0,25.343120000000003,84.28057000000001,-160.4871,17.80449
911.0,4.0,31.032,95.0714,-200.6766,16.7516
911.0,4.0,34.135200000000005,104.57854,-200.6766,18.42676
912.0,0.0,-8.5189,-18.0875,89.7509,1.5681
912.0,0.0,-9.370790000000001,-19.89625,89.7509,1.7249100000000002
912.0,1.0,-15.8644,-36.7392,179.5641,2.2958
912.0,1.0,-17.45084,-40.41312,179.5641,2.52538
912.0,2.0,-21.8355,-55.8725,269.3126,2.8427
912.0,2.0,-24.01905,-61.45975000000001,269.3126,3.12697
912.0,3.0,-26.5427,-75.4976,359.0753,3.7072
912.0,3.0,-29.196970000000004,-83.04736000000001,359.0753,4.07792
912.0,4.0,-29.9107,-95.4462,448.8221,4.3346
912.0,4.0,-32.90177,-104.99082000000001,448.8221,4.76806
913.0,0.0,2.2538,19.8855,14.8362,16.5014
913.0,0.0,2.4791800000000004,21.87405,14.8362,18.15154
913.0,1.0,5.7477,39.5739,29.7319,17.2313
913.0,1.0,6.322470000000001,43.531290000000006,29.7319,18.954430000000002
913.0,2.0,10.389,59.0695,44.561,17.7412
913.0,2.0,11.427900000000001,64.97645,44.561,19.51532
913.0,3.0,16.3073,78.3148,59.4427,18.6376
913.0,3.0,17.938030000000005,86.14628000000002,59.4427,20.501360000000002
913.0,4.0,23.3664,97.2261,74.2664,19.0999
913.0,4.0,25.70304,106.94871,74.2664,21.009890000000002
914.0,0.0,-17.2434,-10.1786,27.199,18.9178
914.0,0.0,-18.967740000000003,-11.19646,27.199,20.80958
914.0,1.0,-34.9441,-19.4032,54.3858,19.7899
914.0,1.0,-38.43851,-21.343519999999998,54.3858,21.768890000000003
914.0,2.0,-53.216,-27.6718,81.5727,20.2766
914.0,2.0,-58.537600000000005,-30.438980000000004,81.5727,22.30426
914.0,3.0,-71.9381,-34.9507,108.7658,21.0743
914.0,3.0,-79.13191000000002,-38.44577,108.7658,23.18173
914.0,4.0,-91.0436,-41.3381,135.9827,21.6986
914.0,4.0,-100.14796000000001,-45.47191,135.9827,23.868460000000002
915.0,0.0,-0.5608,-19.9802,-119.081,7.7946
915.0,0.0,-0.61688,-21.97822,-119.081,8.574060000000001
915.0,1.0,-2.8249,-39.8831,-238.171,8.5392
915.0,1.0,-3.10739,-43.871410000000004,-238.171,9.39312
915.0,2.0,-6.8438,-59.6092,-357.2715,9.2331
915.0,2.0,-7.528180000000001,-65.57012,-357.2715,10.156410000000001
915.0,3.0,-12.5459,-79.0294,-476.3422,9.9095
915.0,3.0,-13.80049,-86.93234,-476.3422,10.900450000000001
915.0,4.0,-19.9544,-98.0107,-595.4201,10.4318
915.0,4.0,-21.949840000000002,-107.81177000000001,-595.4201,11.474980000000002
916.0,0.0,19.922,1.6831,-103.9932,23.0948
916.0,0.0,21.9142,1.8514100000000002,-103.9932,25.40428
916.0,1.0,39.1745,8.1082,-207.9944,23.7886
916.0,1.0,43.091950000000004,8.919020000000002,-207.9944,26.167460000000002
916.0,2.0,56.8658,19.1016,-311.9916,24.3997
916.0,2.0,62.55238000000001,21.011760000000002,-311.9916,26.83967
916.0,3.0,72.2537,34.2884,-416.019,25.2696
916.0,3.0,79.47907000000001,37.717240000000004,-416.019,27.796560000000003
916.0,4.0,84.5737,53.3607,-519.9926,25.8359
916.0,4.0,93.03107000000001,58.69677000000001,-519.9926,28.41949
917.0,0.0,19.8212,-2.739,-55.4637,24.3587
917.0,0.0,21.803320000000003,-3.0129,-55.4637,26.79457
917.0,1.0,39.4274,-6.5803,-110.9762,25.1841
917.0,1.0,43.37014,-7.238330000000001,-110.9762,27.702510000000004
917.0,2.0,58.8349,-11.5539,-166.4631,25.913
917.0,2.0,64.71839,-12.709290000000001,-166.4631,28.504300000000004
917.0,3.0,78.0401,-17.7184,-221.9462,26.5825
917.0,3.0,85.84411,-19.49024,-221.9462,29.240750000000002
917.0,4.0,96.8661,-24.9007,-277.3876,27.276
917.0,4.0,106.55271000000002,-27.390770000000003,-277.3876,30.003600000000002
918.0,0.0,-10.215,-17.2372,-20.7348,16.726
918.0,0.0,-11.236500000000001,-18.96092,-20.7348,18.398600000000002
918.0,1.0,-21.3509,-33.8436,-41.4069,17.5536
918.0,1.0,-23.48599,-37.22796,-41.4069,19.308960000000003
918.0,2.0,-33.3638,-49.8546,-62.1179,18.4067
918.0,2.0,-36.70018,-54.84006,-62.1179,20.247370000000004
918.0,3.0,-46.2419,-65.286,-82.7613,18.7998
918.0,3.0,-50.86609000000001,-71.81460000000001,-82.7613,20.679780000000004
918.0,4.0,-59.9116,-80.0084,-103.5193,19.561
918.0,4.0,-65.90276,-88.00924,-103.5193,21.517100000000003
919.0,0.0,10.9377,16.7296,-106.998,4.8511
919.0,0.0,12.03147,18.402560000000005,-106.998,5.33621
919.0,1.0,9.4175,38.8901,-214.0031,5.4428
919.0,1.0,10.359250000000001,42.77911,-214.0031,5.987080000000001
919.0,2.0,-6.1256,59.6819,-320.9998,6.2268
919.0,2.0,-6.738160000000001,65.65009,-320.9998,6.849480000000001
919.0,3.0,-34.3134,72.271,-428.0028,6.7896
919.0,3.0,-37.74474000000001,79.49810000000001,-428.0028,7.468560000000001
919.0,4.0,-70.591,70.8184,-535.0415,7.6211
919.0,4.0,-77.6501,77.90024,-535.0415,8.38321
920.0,0.0,-19.7538,3.159,-37.0424,17.6787
920.0,0.0,-21.72918,3.4749,-37.0424,19.44657
920.0,1.0,-39.7908,4.2034,-74.1138,18.267
920.0,1.0,-43.76988,4.623740000000001,-74.1138,20.093700000000002
920.0,2.0,-59.9502,3.1015,-111.1874,19.0565
920.0,2.0,-65.94522,3.4116500000000003,-111.1874,20.96215
920.0,3.0,-80.0043,-0.0655,-148.2046,19.7397
920.0,3.0,-88.00473000000001,-0.07205,-148.2046,21.71367
920.0,4.0,-99.8332,-5.4167,-185.3158,20.4115
920.0,4.0,-109.81652000000001,-5.95837,-185.3158,22.452650000000002
921.0,0.0,-19.8793,-2.1134,-56.8137,1.3185
921.0,0.0,-21.867230000000003,-2.3247400000000003,-56.8137,1.45035
921.0,1.0,-39.9136,-2.8827,-113.5565,1.9472
921.0,1.0,-43.90496,-3.17097,-113.5565,2.1419200000000003
921.0,2.0,-59.9292,-2.2526,-170.2978,2.728
921.0,2.0,-65.92212,-2.47786,-170.2978,3.0008000000000004
921.0,3.0,-80.0103,-0.24,-227.0718,3.1941
921.0,3.0,-88.01133000000002,-0.264,-227.0718,3.5135100000000006
921.0,4.0,-99.9508,3.1196,-283.8763,3.7654
921.0,4.0,-109.94588000000002,3.4315600000000006,-283.8763,4.141940000000001
922.0,0.0,19.7551,3.1618,39.5808,25.3039
922.0,0.0,21.73061,3.47798,39.5808,27.83429
922.0,1.0,39.8034,3.7418,79.1597,25.8551
922.0,1.0,43.78374000000001,4.11598,79.1597,28.440610000000003
922.0,2.0,59.9578,1.7822,118.757,26.6235
922.0,2.0,65.95358,1.9604200000000003,118.757,29.285850000000003
922.0,3.0,79.975,-2.7069,158.299,27.1766
922.0,3.0,87.9725,-2.97759,158.299,29.894260000000003
922.0,4.0,99.494,-9.7497,197.9444,27.9799
922.0,4.0,109.44340000000001,-10.724670000000001,197.9444,30.777890000000003
923.0,0.0,-15.6228,-12.4417,-16.7356,1.4127
923.0,0.0,-17.185080000000003,-13.685870000000001,-16.7356,1.5539700000000003
923.0,1.0,-29.3687,-27.1889,-33.4849,2.2392
923.0,1.0,-32.30557,-29.907790000000002,-33.4849,2.46312
923.0,2.0,-40.9638,-43.8415,-50.2362,2.8062
923.0,2.0,-45.06018,-48.22565000000001,-50.2362,3.0868200000000003
923.0,3.0,-50.176,-62.2707,-66.9564,3.5425
923.0,3.0,-55.1936,-68.49777,-66.9564,3.8967500000000004
923.0,4.0,-56.9874,-82.1943,-83.7165,4.1046
923.0,4.0,-62.68614000000001,-90.41373,-83.7165,4.51506
924.0,0.0,-19.5635,4.2268,58.6195,14.0354
924.0,0.0,-21.51985,4.6494800000000005,58.6195,15.43894
924.0,1.0,-38.712,10.0788,117.2762,14.5715
924.0,1.0,-42.583200000000005,11.08668,117.2762,16.028650000000003
924.0,2.0,-57.3859,17.5693,175.9152,15.1997
924.0,2.0,-63.12449,19.32623,175.9152,16.71967
924.0,3.0,-75.4487,26.5395,234.5802,15.8975
924.0,3.0,-82.99357,29.193450000000002,234.5802,17.487250000000003
924.0,4.0,-92.846,37.0967,293.1993,16.7311
924.0,4.0,-102.13060000000002,40.80637,293.1993,18.404210000000003
925.0,0.0,-16.7126,10.9486,-43.4904,13.7246
925.0,0.0,-18.38386,12.043460000000001,-43.4904,15.097060000000003
925.0,1.0,-33.9459,21.1374,-87.0314,14.2219
925.0,1.0,-37.34049,23.251140000000003,-87.0314,15.64409
925.0,2.0,-51.6375,30.5429,-130.5893,15.0132
925.0,2.0,-56.80125000000001,33.597190000000005,-130.5893,16.51452
925.0,3.0,-69.7851,39.1496,-174.0817,15.475
925.0,3.0,-76.76361,43.06456,-174.0817,17.0225
925.0,4.0,-88.3289,46.8328,-217.6047,16.3909
925.0,4.0,-97.16179000000001,51.51608,-217.6047,18.02999
926.0,0.0,-2.1392,-19.8862,-25.8188,8.0816
926.0,0.0,-2.3531200000000005,-21.87482,-25.8188,8.88976
926.0,1.0,-6.6346,-39.4596,-51.6544,8.6156
926.0,1.0,-7.29806,-43.40556000000001,-51.6544,9.477160000000001
926.0,2.0,-13.5252,-58.4634,-77.457,9.4737
926.0,2.0,-14.877720000000002,-64.30974,-77.457,10.42107
926.0,3.0,-22.7202,-76.7297,-103.2988,10.0526
926.0,3.0,-24.99222,-84.40267,-103.2988,11.057860000000002
926.0,4.0,-34.1788,-93.9815,-129.1261,10.8535
926.0,4.0,-37.596680000000006,-103.37965,-129.1261,11.938850000000002
927.0,0.0,12.8228,-15.3319,11.6253,11.0762
927.0,0.0,14.105080000000003,-16.865090000000002,11.6253,12.18382
927.0,1.0,23.7017,-32.236,23.2488,11.7319
927.0,1.0,26.07187,-35.4596,23.2488,12.905090000000001
927.0,2.0,32.5967,-50.3246,34.8532,12.4908
927.0,2.0,35.85637,-55.357060000000004,34.8532,13.739880000000001
927.0,3.0,39.3609,-69.6239,46.4839,13.1804
927.0,3.0,43.29699,-76.58629000000002,46.4839,14.498440000000002
927.0,4.0,43.9157,-89.8502,58.0918,13.7894
927.0,4.0,48.30727,-98.83522,58.0918,15.168340000000002
928.0,0.0,-20.0117,-0.6476,17.8481,9.4862
928.0,0.0,-22.012870000000003,-0.71236,17.8481,10.43482
928.0,1.0,-39.8146,-4.1614,35.6605,10.1347
928.0,1.0,-43.796060000000004,-4.577540000000001,35.6605,11.148170000000002
928.0,2.0,-59.1003,-10.478,53.5601,10.6599
928.0,2.0,-65.01033,-11.5258,53.5601,11.725890000000001
928.0,3.0,-77.5926,-19.4863,71.3619,11.6378
928.0,3.0,-85.35186000000002,-21.43493,71.3619,12.801580000000001
928.0,4.0,-95.0144,-31.2239,89.2024,12.196
928.0,4.0,-104.51584,-34.34629,89.2024,13.415600000000001
929.0,0.0,-8.2421,-18.2239,56.485,21.8978
929.0,0.0,-9.066310000000001,-20.046290000000003,56.485,24.087580000000003
929.0,1.0,-23.8218,-32.1342,112.9135,22.5111
929.0,1.0,-26.20398,-35.347620000000006,112.9135,24.76221
929.0,2.0,-45.1069,-39.5261,169.374,22.9146
929.0,2.0,-49.61759000000001,-43.47871,169.374,25.20606
929.0,3.0,-70.0327,-38.709,225.8223,23.8381
929.0,3.0,-77.03597,-42.57990000000001,225.8223,26.22191
929.0,4.0,-95.751,-28.6841,282.2725,24.4518
929.0,4.0,-105.32610000000001,-31.552510000000005,282.2725,26.89698
930.0,0.0,-13.7398,14.5431,11.9983,7.0986
930.0,0.0,-15.113780000000002,15.997410000000002,11.9983,7.808460000000001
930.0,1.0,-30.1209,26.2939,24.0991,8.0142
930.0,1.0,-33.13299,28.92329,24.0991,8.815620000000001
930.0,2.0,-48.8056,34.8691,36.1462,8.4753
930.0,2.0,-53.68616,38.356010000000005,36.1462,9.322830000000002
930.0,3.0,-69.246,40.0347,48.182,9.1499
930.0,3.0,-76.17060000000001,44.03817000000001,48.182,10.064890000000002
930.0,4.0,-91.0046,41.518,60.2376,9.7772
930.0,4.0,-100.10506000000001,45.6698,60.2376,10.754920000000002
931.0,0.0,-8.929,17.8863,-31.9239,14.8278
931.0,0.0,-9.821900000000001,19.67493,-31.9239,16.31058
931.0,1.0,-30.5896,25.7575,-63.8717,15.5141
931.0,1.0,-33.64856,28.333250000000003,-63.8717,17.06551
931.0,2.0,-57.4184,17.4316,-95.7511,16.1583
931.0,2.0,-63.16024,19.174760000000003,-95.7511,17.774130000000003
931.0,3.0,-79.5138,-9.002,-127.6431,17.1452
931.0,3.0,-87.46518,-9.902200000000002,-127.6431,18.85972
931.0,4.0,-86.8217,-49.6458,-159.6193,17.6627
931.0,4.0,-95.50387000000002,-54.610380000000006,-159.6193,19.428970000000003
932.0,0.0,-3.9793,19.6369,-50.1614,18.0394
932.0,0.0,-4.37723,21.600590000000004,-50.1614,19.84334
932.0,1.0,-6.8944,39.4183,-100.3516,18.7976
932.0,1.0,-7.58384,43.360130000000005,-100.3516,20.67736
932.0,2.0,-8.8317,59.3622,-150.4876,19.3947
932.0,2.0,-9.714870000000001,65.29842000000001,-150.4876,21.33417
932.0,3.0,-9.6435,79.4437,-200.6588,20.1496
932.0,3.0,-10.607850000000001,87.38807000000001,-200.6588,22.16456
932.0,4.0,-9.5018,99.579,-250.8439,20.8398
932.0,4.0,-10.45198,109.5369,-250.8439,22.92378
933.0,0.0,11.0872,-16.6325,54.6198,17.2857
933.0,0.0,12.195920000000001,-18.29575,54.6198,19.01427
933.0,1.0,22.9781,-32.7447,109.2336,17.9019
933.0,1.0,25.275910000000003,-36.01917,109.2336,19.692090000000004
933.0,2.0,35.6301,-48.2644,163.8511,18.7779
933.0,2.0,39.193110000000004,-53.09084000000001,163.8511,20.65569
933.0,3.0,49.0893,-63.216,218.449,19.3442
933.0,3.0,53.99823000000001,-69.53760000000001,218.449,21.278620000000004
933.0,4.0,63.1624,-77.5029,273.0639,19.8275
933.0,4.0,69.47864,-85.25319,273.0639,21.810250000000003
934.0,0.0,-16.2956,11.547,109.2987,6.0989
934.0,0.0,-17.92516,12.701700000000002,109.2987,6.708790000000001
934.0,1.0,-31.016,25.2316,218.5526,6.896
934.0,1.0,-34.1176,27.75476,218.5526,7.5856
934.0,2.0,-43.8445,40.9687,327.8055,7.6388
934.0,2.0,-48.22895,45.06557,327.8055,8.40268
934.0,3.0,-54.7312,58.3956,437.0875,8.4424
934.0,3.0,-60.20432,64.23516000000001,437.0875,9.28664
934.0,4.0,-63.32,77.3803,546.3667,8.9014
934.0,4.0,-69.652,85.11833000000001,546.3667,9.791540000000001
935.0,0.0,-14.3436,-13.9601,-19.9257,1.1819
935.0,0.0,-15.777960000000002,-15.356110000000001,-19.9257,1.30009
935.0,1.0,-31.6851,-24.4404,-39.7683,2.055
935.0,1.0,-34.85361,-26.88444,-39.7683,2.2605000000000004
935.0,2.0,-51.3944,-30.9511,-59.6876,2.6216
935.0,2.0,-56.533840000000005,-34.04621,-59.6876,2.88376
935.0,3.0,-72.7892,-33.1899,-79.5707,3.1861
935.0,3.0,-80.06812,-36.50889000000001,-79.5707,3.5047100000000007
935.0,4.0,-95.1279,-30.7907,-99.4519,3.9223
935.0,4.0,-104.64069,-33.86977,-99.4519,4.31453
936.0,0.0,12.6587,-15.5027,-66.1252,4.7387
936.0,0.0,13.924570000000001,-17.052970000000002,-66.1252,5.21257
936.0,1.0,26.5796,-29.8795,-132.2718,5.3693
936.0,1.0,29.237560000000002,-32.867450000000005,-132.2718,5.906230000000001
936.0,2.0,41.6806,-43.172,-198.3784,5.9816
936.0,2.0,45.84866,-47.489200000000004,-198.3784,6.579760000000001
936.0,3.0,57.9114,-55.1955,-264.4527,6.8292
936.0,3.0,63.702540000000006,-60.715050000000005,-264.4527,7.51212
936.0,4.0,75.1811,-65.9343,-330.6089,7.373
936.0,4.0,82.69921000000001,-72.52773,-330.6089,8.1103
937.0,0.0,16.0951,11.8752,20.1091,11.206
937.0,0.0,17.70461,13.06272,20.1091,12.326600000000001
937.0,1.0,31.3136,24.8676,40.2034,11.8646
937.0,1.0,34.44496,27.354360000000003,40.2034,13.05106
937.0,2.0,45.6105,38.9832,60.3361,12.4543
937.0,2.0,50.17155,42.88152,60.3361,13.69973
937.0,3.0,58.9262,54.1574,80.4401,13.1531
937.0,3.0,64.81882,59.57314000000001,80.4401,14.468410000000002
937.0,4.0,71.1602,70.3033,100.5751,13.9494
937.0,4.0,78.27622000000001,77.33363,100.5751,15.344340000000003
938.0,0.0,13.7555,14.4908,-33.5869,2.2914
938.0,0.0,15.13105,15.939880000000002,-33.5869,2.52054
938.0,1.0,26.64,29.8427,-67.1928,3.1799
938.0,1.0,29.304000000000002,32.82697,-67.1928,3.4978900000000004
938.0,2.0,38.6158,45.8948,-100.7649,3.6948
938.0,2.0,42.477380000000004,50.48428,-100.7649,4.06428
938.0,3.0,49.7095,62.7265,-134.3627,4.4849
938.0,3.0,54.68045,68.99915,-134.3627,4.93339
938.0,4.0,59.7824,80.1863,-167.9593,4.9417
938.0,4.0,65.76064000000001,88.20493,-167.9593,5.43587
939.0,0.0,0.4928,-20.0101,53.2425,8.2344
939.0,0.0,0.54208,-22.011110000000002,53.2425,9.057840000000002
939.0,1.0,2.0669,-39.948,106.5182,8.8357
939.0,1.0,2.27359,-43.942800000000005,106.5182,9.71927
939.0,2.0,4.7135,-59.8307,159.7361,9.4846
939.0,2.0,5.18485,-65.81377,159.7361,10.433060000000001
939.0,3.0,8.4696,-79.5372,212.9797,10.1262
939.0,3.0,9.31656,-87.49092,212.9797,11.138820000000003
939.0,4.0,13.3372,-99.1103,266.2121,10.7419
939.0,4.0,14.67092,-109.02133,266.2121,11.81609
940.0,0.0,6.3387,18.9456,-10.5565,1.235
940.0,0.0,6.972570000000001,20.84016,-10.5565,1.3585000000000003
940.0,1.0,-0.6192,39.9649,-21.196,2.1161
940.0,1.0,-0.6811200000000001,43.96139,-21.196,2.32771
940.0,2.0,-20.8925,56.2541,-31.8053,2.8317
940.0,2.0,-22.98175,61.87951,-31.8053,3.1148700000000002
940.0,3.0,-51.2414,61.4313,-42.4122,3.189
940.0,3.0,-56.36554,67.57443,-42.4122,3.5079000000000002
940.0,4.0,-85.9078,51.1027,-53.0147,4.1655
940.0,4.0,-94.49858,56.212970000000006,-53.0147,4.58205
941.0,0.0,18.3562,-7.9445,-76.7748,3.9203
941.0,0.0,20.191820000000003,-8.73895,-76.7748,4.31233
941.0,1.0,30.6004,-25.7955,-153.4973,4.8298
941.0,1.0,33.66044,-28.37505,-153.4973,5.31278
941.0,2.0,32.6795,-50.2967,-230.2158,5.6738
941.0,2.0,35.94745,-55.326370000000004,-230.2158,6.241180000000001
941.0,3.0,22.3327,-76.7948,-306.9305,6.0726
941.0,3.0,24.56597,-84.47428000000001,-306.9305,6.6798600000000015
941.0,4.0,-1.0465,-99.9847,-383.6633,6.8072
941.0,4.0,-1.1511500000000001,-109.98317000000002,-383.6633,7.487920000000001
942.0,0.0,-2.614,-19.8192,-6.7527,6.9182
942.0,0.0,-2.8754,-21.80112,-6.7527,7.6100200000000005
942.0,1.0,-2.862,-39.9249,-13.6085,7.6108
942.0,1.0,-3.1482000000000006,-43.917390000000005,-13.6085,8.37188
942.0,2.0,-0.7678,-59.9696,-20.3367,8.2937
942.0,2.0,-0.8445800000000001,-65.96656,-20.3367,9.12307
942.0,3.0,3.7365,-79.9258,-27.1546,8.8442
942.0,3.0,4.11015,-87.91838,-27.1546,9.728620000000001
942.0,4.0,10.5739,-99.4423,-33.9832,9.6787
942.0,4.0,11.631290000000002,-109.38653000000001,-33.9832,10.64657
943.0,0.0,5.6081,19.2122,-11.2273,24.7693
943.0,0.0,6.168910000000001,21.13342,-11.2273,27.246230000000004
943.0,1.0,13.7992,37.5751,-22.4628,25.5519
943.0,1.0,15.179120000000003,41.33261,-22.4628,28.107090000000003
943.0,2.0,24.4454,54.8033,-33.6989,26.1843
943.0,2.0,26.889940000000003,60.28363,-33.6989,28.802730000000004
943.0,3.0,37.4522,70.6982,-44.9056,26.8636
943.0,3.0,41.19742,77.76802,-44.9056,29.549960000000006
943.0,4.0,52.6906,84.9924,-56.1542,27.2784
943.0,4.0,57.95966000000001,93.49164000000002,-56.1542,30.006240000000005
944.0,0.0,18.035,-8.5194,-56.9524,14.3698
944.0,0.0,19.838500000000003,-9.37134,-56.9524,15.806780000000002
944.0,1.0,33.9217,-21.1779,-113.9067,14.9709
944.0,1.0,37.31387,-23.295690000000004,-113.9067,16.46799
944.0,2.0,46.8827,-37.4055,-170.8426,15.9214
944.0,2.0,51.57097,-41.14605000000001,-170.8426,17.513540000000003
944.0,3.0,56.3178,-56.8067,-227.8106,16.4366
944.0,3.0,61.949580000000005,-62.487370000000006,-227.8106,18.08026
944.0,4.0,61.676,-78.711,-284.7794,17.0112
944.0,4.0,67.84360000000001,-86.58210000000001,-284.7794,18.712320000000002
945.0,0.0,-6.3717,18.9615,27.022,11.425
945.0,0.0,-7.00887,20.857650000000003,27.022,12.567500000000003
945.0,1.0,-4.1863,39.7965,54.1158,12.1039
945.0,1.0,-4.60493,43.77615000000001,54.1158,13.31429
945.0,2.0,6.9712,59.5761,81.1465,12.8249
945.0,2.0,7.6683200000000005,65.53371,81.1465,14.10739
945.0,3.0,26.6136,75.4601,108.186,13.6193
945.0,3.0,29.274960000000004,83.00611,108.186,14.981230000000002
945.0,4.0,53.2119,84.6808,135.2313,14.1647
945.0,4.0,58.53309,93.14888000000002,135.2313,15.581170000000002
946.0,0.0,9.9098,17.3909,-4.298,6.8736
946.0,0.0,10.900780000000001,19.12999,-4.298,7.560960000000001
946.0,1.0,20.9563,34.0876,-8.5599,7.3573
946.0,1.0,23.051930000000002,37.49636,-8.5599,8.09303
946.0,2.0,33.1457,50.0496,-12.8638,8.082
946.0,2.0,36.46027,55.05456,-12.8638,8.890200000000002
946.0,3.0,46.3381,65.2084,-17.1403,8.8468
946.0,3.0,50.97191,71.72924,-17.1403,9.731480000000001
946.0,4.0,60.6348,79.4972,-21.4541,9.4911
946.0,4.0,66.69828,87.44692000000002,-21.4541,10.44021
947.0,0.0,1.6551,19.9002,-25.6073,18.5084
947.0,0.0,1.82061,21.890220000000003,-25.6073,20.359240000000003
947.0,1.0,2.2485,39.9569,-51.2065,19.2851
947.0,1.0,2.47335,43.95259,-51.2065,21.213610000000003
947.0,2.0,1.9008,59.962,-76.7945,19.9463
947.0,2.0,2.0908800000000003,65.9582,-76.7945,21.94093
947.0,3.0,0.5257,80.0367,-102.4277,20.5114
947.0,3.0,0.57827,88.04037000000001,-102.4277,22.56254
947.0,4.0,-1.8778,100.0315,-127.9846,21.2088
947.0,4.0,-2.06558,110.03465,-127.9846,23.329680000000003
948.0,0.0,-13.4116,-14.8223,1.2279,15.0318
948.0,0.0,-14.75276,-16.304530000000003,1.2279,16.53498
948.0,1.0,-25.7005,-30.6191,2.4768,15.8183
948.0,1.0,-28.270550000000004,-33.68101,2.4768,17.40013
948.0,2.0,-36.8372,-47.3848,3.6836,16.5457
948.0,2.0,-40.520920000000004,-52.12328,3.6836,18.200270000000003
948.0,3.0,-46.6703,-64.9773,4.9371,17.031
948.0,3.0,-51.33733,-71.47503,4.9371,18.7341
948.0,4.0,-55.2026,-83.3452,6.1698,17.7551
948.0,4.0,-60.722860000000004,-91.67972000000002,6.1698,19.53061
949.0,0.0,14.7765,-13.5044,-99.7519,15.4678
949.0,0.0,16.254150000000003,-14.854840000000001,-99.7519,17.014580000000002
949.0,1.0,25.4988,-30.7912,-199.4776,16.1197
949.0,1.0,28.04868,-33.87032,-199.4776,17.731670000000005
949.0,2.0,31.596,-51.038,-299.2365,16.8295
949.0,2.0,34.7556,-56.1418,-299.2365,18.51245
949.0,3.0,32.4176,-73.119,-398.9557,17.2255
949.0,3.0,35.65936000000001,-80.43090000000001,-398.9557,18.948050000000002
949.0,4.0,27.6021,-96.107,-498.7624,18.1528
949.0,4.0,30.36231,-105.71770000000001,-498.7624,19.96808
950.0,0.0,-17.0958,10.382,-35.5725,18.6659
950.0,0.0,-18.805380000000003,11.420200000000001,-35.5725,20.532490000000003
950.0,1.0,-35.103,19.2419,-71.1213,19.546
950.0,1.0,-38.6133,21.166090000000004,-71.1213,21.500600000000002
950.0,2.0,-53.8226,26.5055,-106.6389,20.0379
950.0,2.0,-59.204860000000004,29.156050000000004,-106.6389,22.041690000000003
950.0,3.0,-73.2341,32.1564,-142.194,20.7726
950.0,3.0,-80.55751000000001,35.37204,-142.194,22.849860000000003
950.0,4.0,-93.2392,36.1484,-177.7887,21.5683
950.0,4.0,-102.56312,39.76324,-177.7887,23.725130000000004
951.0,0.0,19.9614,0.8135,16.8443,19.8885
951.0,0.0,21.95754,0.89485,16.8443,21.877350000000003
951.0,1.0,39.803,4.1451,33.6645,20.6463
951.0,1.0,43.7833,4.559610000000001,33.6645,22.71093
951.0,2.0,59.1885,9.8959,50.4862,21.2566
951.0,2.0,65.10735,10.88549,50.4862,23.382260000000002
951.0,3.0,77.9446,18.0026,67.3081,21.9269
951.0,3.0,85.73906,19.802860000000003,67.3081,24.119590000000002
951.0,4.0,95.8969,28.45,84.126,22.6301
951.0,4.0,105.48659,31.295,84.126,24.89311
952.0,0.0,-18.0095,8.733,-7.0047,19.2216
952.0,0.0,-19.81045,9.606300000000001,-7.0047,21.14376
952.0,1.0,-39.713,4.7741,-14.0038,19.8794
952.0,1.0,-43.68430000000001,5.251510000000001,-14.0038,21.867340000000002
952.0,2.0,-58.6669,-12.6422,-21.0276,20.4362
952.0,2.0,-64.53359,-13.906420000000002,-21.0276,22.47982
952.0,3.0,-68.3926,-41.4895,-28.0414,21.1252
952.0,3.0,-75.23186000000001,-45.638450000000006,-28.0414,23.237720000000003
952.0,4.0,-63.8571,-76.9561,-35.0417,22.0635
952.0,4.0,-70.24281,-84.65171000000001,-35.0417,24.26985
953.0,0.0,-4.2933,-19.523,96.177,12.808
953.0,0.0,-4.7226300000000005,-21.4753,96.177,14.0888
953.0,1.0,-6.9459,-39.4099,192.3819,13.3281
953.0,1.0,-7.640490000000001,-43.35089000000001,192.3819,14.66091
953.0,2.0,-7.9433,-59.4791,288.6187,13.9728
953.0,2.0,-8.737630000000001,-65.42701000000001,288.6187,15.37008
953.0,3.0,-7.2279,-79.6473,384.7742,14.4693
953.0,3.0,-7.950690000000001,-87.61203,384.7742,15.916230000000002
953.0,4.0,-4.7918,-99.9014,481.0106,15.3265
953.0,4.0,-5.270980000000001,-109.89154,481.0106,16.85915
954.0,0.0,-19.1823,-5.6915,-96.8292,13.4364
954.0,0.0,-21.100530000000003,-6.26065,-96.8292,14.780040000000001
954.0,1.0,-38.9455,-9.184,-193.7067,14.2543
954.0,1.0,-42.840050000000005,-10.1024,-193.7067,15.679730000000003
954.0,2.0,-59.0552,-10.5543,-290.5474,14.9132
954.0,2.0,-64.96072000000001,-11.60973,-290.5474,16.40452
954.0,3.0,-79.4029,-9.7432,-387.4181,15.3863
954.0,3.0,-87.34319,-10.71752,-387.4181,16.924930000000003
954.0,4.0,-99.7734,-6.6432,-484.2153,16.0053
954.0,4.0,-109.75074000000001,-7.307520000000001,-484.2153,17.60583
955.0,0.0,19.2245,5.4682,75.523,25.3013
955.0,0.0,21.14695,6.015020000000001,75.523,27.831430000000005
955.0,1.0,37.4717,14.0072,151.0296,25.9272
955.0,1.0,41.21887,15.40792,151.0296,28.519920000000003
955.0,2.0,54.2958,25.4961,226.5236,26.5039
955.0,2.0,59.72538,28.04571,226.5236,29.154290000000003
955.0,3.0,69.3237,39.8408,302.0221,27.1709
955.0,3.0,76.25607000000001,43.82488000000001,302.0221,29.887990000000002
955.0,4.0,82.3321,56.696,377.5142,28.0229
955.0,4.0,90.56531000000001,62.3656,377.5142,30.825190000000003
956.0,0.0,13.7596,-14.5264,86.9599,4.8341
956.0,0.0,15.135560000000002,-15.979040000000001,86.9599,5.31751
956.0,1.0,30.0671,-26.4056,173.9877,5.4614
956.0,1.0,33.07381,-29.04616,173.9877,6.0075400000000005
956.0,2.0,48.4427,-35.4245,260.9547,6.2316
956.0,2.0,53.286970000000004,-38.966950000000004,260.9547,6.854760000000001
956.0,3.0,68.6594,-41.0691,347.9502,6.7831
956.0,3.0,75.52534000000001,-45.176010000000005,347.9502,7.461410000000001
956.0,4.0,90.1527,-43.3334,434.9773,7.5806
956.0,4.0,99.16797,-47.666740000000004,434.9773,8.33866
957.0,0.0,0.3196,-19.9789,-27.5021,24.7619
957.0,0.0,0.35156000000000004,-21.97679,-27.5021,27.238090000000003
957.0,1.0,-5.1134,-39.655,-55.0228,25.2344
957.0,1.0,-5.624740000000001,-43.62050000000001,-55.0228,27.75784
957.0,2.0,-16.152,-57.7824,-82.5608,26.0527
957.0,2.0,-17.767200000000003,-63.56064000000001,-82.5608,28.657970000000002
957.0,3.0,-32.3742,-73.1857,-110.0172,26.6322
957.0,3.0,-35.61162,-80.50427,-110.0172,29.295420000000004
957.0,4.0,-53.1609,-84.7155,-137.5812,27.4026
957.0,4.0,-58.47699,-93.18705000000001,-137.5812,30.142860000000002
958.0,0.0,19.9409,1.2122,-101.8051,0.8752
958.0,0.0,21.93499,1.33342,-101.8051,0.96272
958.0,1.0,39.9941,0.6712,-203.5584,1.6553
958.0,1.0,43.99351000000001,0.7383200000000001,-203.5584,1.8208300000000002
958.0,2.0,59.9771,-1.596,-305.3392,2.3581
958.0,2.0,65.97481,-1.7556000000000003,-305.3392,2.59391
958.0,3.0,79.7885,-5.6565,-407.1406,3.1087
958.0,3.0,87.76735000000001,-6.222150000000001,-407.1406,3.41957
958.0,4.0,99.3403,-11.3915,-508.9202,3.5129
958.0,4.0,109.27433,-12.530650000000001,-508.9202,3.8641900000000007
959.0,0.0,6.6917,18.8485,47.9,5.869
959.0,0.0,7.36087,20.73335,47.9,6.455900000000001
959.0,1.0,-1.1123,40.0018,95.8033,6.7972
959.0,1.0,-1.2235300000000002,44.00198000000001,95.8033,7.476920000000001
959.0,2.0,-23.1414,55.3495,143.692,7.1924
959.0,2.0,-25.455540000000003,60.88445,143.692,7.911640000000001
959.0,3.0,-55.3686,57.715,191.6166,7.9174
959.0,3.0,-60.905460000000005,63.48650000000001,191.6166,8.70914
959.0,4.0,-90.5791,42.3812,239.5032,8.5421
959.0,4.0,-99.63701,46.61932,239.5032,9.39631
960.0,0.0,-4.8146,-19.3904,-32.7231,16.948
960.0,0.0,-5.296060000000001,-21.32944,-32.7231,18.6428
960.0,1.0,-8.6139,-39.049,-65.4301,17.6065
960.0,1.0,-9.47529,-42.953900000000004,-65.4301,19.367150000000002
960.0,2.0,-11.4973,-58.8946,-98.1075,18.2923
960.0,2.0,-12.64703,-64.78406,-98.1075,20.121530000000003
960.0,3.0,-13.3926,-78.8629,-130.8498,18.9861
960.0,3.0,-14.731860000000001,-86.74919,-130.8498,20.884710000000002
960.0,4.0,-14.2911,-99.0208,-163.5088,19.6858
960.0,4.0,-15.720210000000002,-108.92288,-163.5088,21.654380000000003
961.0,0.0,6.8155,-18.7848,-48.8492,2.8424
961.0,0.0,7.497050000000001,-20.663280000000004,-48.8492,3.12664
961.0,1.0,11.0816,-38.4373,-97.6756,3.3419
961.0,1.0,12.189760000000001,-42.28103,-97.6756,3.6760900000000003
961.0,2.0,12.7566,-58.6224,-146.4804,3.9768
961.0,2.0,14.032260000000003,-64.48464,-146.4804,4.37448
961.0,3.0,11.8033,-79.1231,-195.3224,4.9371
961.0,3.0,12.983630000000002,-87.03541,-195.3224,5.43081
961.0,4.0,8.195,-99.6498,-244.1109,5.4935
961.0,4.0,9.014500000000002,-109.61478000000001,-244.1109,6.0428500000000005
962.0,0.0,-19.912,-1.4692,-51.7491,19.4991
962.0,0.0,-21.903200000000002,-1.6161200000000002,-51.7491,21.44901
962.0,1.0,-39.8393,-3.7937,-103.5129,20.0337
962.0,1.0,-43.82323,-4.17307,-103.5129,22.03707
962.0,2.0,-59.618,-7.0923,-155.2727,20.8226
962.0,2.0,-65.5798,-7.8015300000000005,-155.2727,22.904860000000003
962.0,3.0,-79.2217,-11.289,-207.0057,21.5844
962.0,3.0,-87.14387,-12.417900000000001,-207.0057,23.74284
962.0,4.0,-98.6472,-16.4095,-258.7259,22.0614
962.0,4.0,-108.51192,-18.05045,-258.7259,24.26754
963.0,0.0,-7.4005,-18.5571,-53.679,17.6499
963.0,0.0,-8.140550000000001,-20.41281,-53.679,19.41489
963.0,1.0,-19.1413,-35.1455,-107.3213,18.4488
963.0,1.0,-21.05543,-38.66005,-107.3213,20.29368
963.0,2.0,-34.7752,-48.9244,-160.9714,19.2225
963.0,2.0,-38.252720000000004,-53.816840000000006,-160.9714,21.144750000000002
963.0,3.0,-53.7521,-59.2733,-214.6033,19.9922
963.0,3.0,-59.12731,-65.20063,-214.6033,21.99142
963.0,4.0,-75.5106,-65.6164,-268.2709,20.4281
963.0,4.0,-83.06166,-72.17804000000001,-268.2709,22.470910000000003
964.0,0.0,-16.2269,11.6579,-49.4468,14.3726
964.0,0.0,-17.849590000000003,12.823690000000001,-49.4468,15.809860000000002
964.0,1.0,-31.7706,24.2977,-98.94,14.7973
964.0,1.0,-34.947660000000006,26.72747,-98.94,16.27703
964.0,2.0,-46.6477,37.76,-148.3794,15.8704
964.0,2.0,-51.312470000000005,41.536,-148.3794,17.457440000000002
964.0,3.0,-60.7727,52.0518,-197.8254,16.1976
964.0,3.0,-66.84997,57.256980000000006,-197.8254,17.817360000000004
964.0,4.0,-74.1783,67.1093,-247.2606,16.9222
964.0,4.0,-81.59613,73.82023000000001,-247.2606,18.614420000000003
965.0,0.0,-4.2888,19.5184,1.8179,3.9258
965.0,0.0,-4.7176800000000005,21.47024,1.8179,4.31838
965.0,1.0,-7.3901,39.3164,3.643,4.5342
965.0,1.0,-8.12911,43.24804,3.643,4.987620000000001
965.0,2.0,-9.2319,59.314,5.4377,5.0968
965.0,2.0,-10.15509,65.2454,5.4377,5.60648
965.0,3.0,-9.8623,79.4193,7.2111,5.8609
965.0,3.0,-10.84853,87.36123000000002,7.2111,6.44699
965.0,4.0,-9.1823,99.5684,9.0511,6.4393
965.0,4.0,-10.100530000000001,109.52524000000001,9.0511,7.083230000000001
966.0,0.0,-18.9999,6.2324,-72.0626,20.3124
966.0,0.0,-20.899890000000003,6.855640000000001,-72.0626,22.34364
966.0,1.0,-38.344,11.4462,-144.136,21.2988
966.0,1.0,-42.1784,12.59082,-144.136,23.428680000000004
966.0,2.0,-57.9239,15.5961,-216.2014,21.7839
966.0,2.0,-63.71629000000001,17.155710000000003,-216.2014,23.96229
966.0,3.0,-77.7712,18.6907,-288.2431,22.6268
966.0,3.0,-85.54832,20.55977,-288.2431,24.889480000000002
966.0,4.0,-97.7952,20.8706,-360.3216,23.2011
966.0,4.0,-107.57472,22.95766,-360.3216,25.521210000000004
967.0,0.0,15.419,-12.7398,88.8794,6.6936
967.0,0.0,16.960900000000002,-14.013780000000002,88.8794,7.36296
967.0,1.0,31.6929,-24.3861,177.796,7.2694
967.0,1.0,34.862190000000005,-26.82471,177.796,7.996340000000001
967.0,2.0,48.9009,-34.8009,266.6585,7.9561
967.0,2.0,53.79099000000001,-38.28099,266.6585,8.751710000000001
967.0,3.0,66.8166,-43.9934,355.6028,8.7243
967.0,3.0,73.49826,-48.39274,355.6028,9.59673
967.0,4.0,85.4915,-51.8977,444.4521,9.286
967.0,4.0,94.04065000000001,-57.08747,444.4521,10.2146
968.0,0.0,19.7515,-3.2308,-110.2289,2.9444
968.0,0.0,21.726650000000003,-3.5538800000000004,-110.2289,3.23884
968.0,1.0,39.983,-1.3229,-220.3661,3.7881
968.0,1.0,43.9813,-1.45519,-220.3661,4.166910000000001
968.0,2.0,59.6859,5.8286,-330.5552,4.2323
968.0,2.0,65.65449,6.41146,-330.5552,4.655530000000001
968.0,3.0,77.9563,18.0494,-440.7665,4.8255
968.0,3.0,85.75193,19.85434,-440.7665,5.308050000000001
968.0,4.0,93.7057,35.0257,-550.9887,5.5009
968.0,4.0,103.07627,38.528270000000006,-550.9887,6.0509900000000005
969.0,0.0,-19.9545,-1.0732,-42.7991,25.0563
969.0,0.0,-21.94995,-1.18052,-42.7991,27.561930000000004
969.0,1.0,-39.9666,-1.0566,-85.5737,25.8648
969.0,1.0,-43.963260000000005,-1.16226,-85.5737,28.45128
969.0,2.0,-60.0364,0.0202,-128.3326,26.4899
969.0,2.0,-66.04004,0.02222,-128.3326,29.13889
969.0,3.0,-79.979,2.2613,-171.1377,27.0579
969.0,3.0,-87.9769,2.4874300000000003,-171.1377,29.763690000000004
969.0,4.0,-99.8538,5.5925,-213.9345,27.8519
969.0,4.0,-109.83918000000001,6.151750000000001,-213.9345,30.637090000000004
970.0,0.0,6.0647,-19.0158,-14.2587,8.8019
970.0,0.0,6.671170000000001,-20.91738,-14.2587,9.68209
970.0,1.0,9.0428,-38.9823,-28.52,9.4377
970.0,1.0,9.94708,-42.88053000000001,-28.52,10.38147
970.0,2.0,8.6928,-59.3697,-42.7991,10.0039
970.0,2.0,9.562080000000002,-65.30667000000001,-42.7991,11.004290000000001
970.0,3.0,5.133,-79.8448,-57.0704,10.7778
970.0,3.0,5.6463,-87.82928000000001,-57.0704,11.85558
970.0,4.0,-1.7325,-99.9872,-71.3102,11.442
970.0,4.0,-1.90575,-109.98592000000001,-71.3102,12.586200000000002
971.0,0.0,18.1022,-8.492,20.54,11.8276
971.0,0.0,19.91242,-9.341200000000002,20.54,13.010360000000002
971.0,1.0,35.4322,-18.4951,41.1238,12.3812
971.0,1.0,38.97542000000001,-20.344610000000003,41.1238,13.61932
971.0,2.0,51.9616,-30.0168,61.6591,13.0905
971.0,2.0,57.15776,-33.018480000000004,61.6591,14.399550000000001
971.0,3.0,67.4814,-43.0023,82.2408,13.6891
971.0,3.0,74.22954,-47.302530000000004,82.2408,15.058010000000001
971.0,4.0,81.9031,-57.34,102.7907,14.3661
971.0,4.0,90.09341,-63.07400000000001,102.7907,15.802710000000001
972.0,0.0,-19.7687,2.9292,63.7852,25.2207
972.0,0.0,-21.74557,3.22212,63.7852,27.742770000000004
972.0,1.0,-35.6378,18.1717,127.541,25.9333
972.0,1.0,-39.20158,19.988870000000002,127.541,28.52663
972.0,2.0,-42.0929,42.7748,191.3201,26.5394
972.0,2.0,-46.30219,47.05228,191.3201,29.193340000000003
972.0,3.0,-35.0252,71.8925,255.0843,27.2222
972.0,3.0,-38.52772,79.08175,255.0843,29.944420000000004
972.0,4.0,-13.0005,99.123,318.8401,28.0007
972.0,4.0,-14.300550000000001,109.03530000000002,318.8401,30.80077
973.0,0.0,19.2137,5.6026,3.2434,14.247
973.0,0.0,21.135070000000002,6.16286,3.2434,15.671700000000001
973.0,1.0,37.2956,14.4675,6.5582,14.9108
973.0,1.0,41.02516000000001,15.914250000000001,6.5582,16.401880000000002
973.0,2.0,53.8908,26.3726,9.8148,15.5423
973.0,2.0,59.279880000000006,29.00986,9.8148,17.09653
973.0,3.0,68.5647,41.2036,13.0947,16.0207
973.0,3.0,75.42117,45.32396000000001,13.0947,17.622770000000003
973.0,4.0,80.9596,58.7036,16.3298,16.9707
973.0,4.0,89.05556,64.57396000000001,16.3298,18.66777
974.0,0.0,-8.5506,18.0798,-17.5853,17.2292
974.0,0.0,-9.40566,19.88778,-17.5853,18.95212
974.0,1.0,-18.2421,35.6251,-35.2329,17.8742
974.0,1.0,-20.06631,39.18761000000001,-35.2329,19.66162
974.0,2.0,-28.9863,52.5396,-52.7927,18.5279
974.0,2.0,-31.884930000000004,57.79356000000001,-52.7927,20.38069
974.0,3.0,-40.8094,68.8205,-70.4193,19.341
974.0,3.0,-44.89034,75.70255,-70.4193,21.275100000000002
974.0,4.0,-53.6469,84.4099,-88.0329,19.8345
974.0,4.0,-59.011590000000005,92.85089,-88.0329,21.81795
975.0,0.0,-11.6666,-16.1819,89.5684,21.396
975.0,0.0,-12.833260000000001,-17.80009,89.5684,23.535600000000002
975.0,1.0,-24.3347,-31.733,179.1682,22.1275
975.0,1.0,-26.768170000000005,-34.9063,179.1682,24.340250000000005
975.0,2.0,-37.8431,-46.5274,268.7499,22.853
975.0,2.0,-41.627410000000005,-51.18014,268.7499,25.138300000000005
975.0,3.0,-52.2848,-60.59,358.3506,23.6918
975.0,3.0,-57.51328,-66.64900000000002,358.3506,26.060980000000004
975.0,4.0,-67.4766,-73.8264,447.9227,24.2352
975.0,4.0,-74.22426000000002,-81.20904000000002,447.9227,26.658720000000002
976.0,0.0,-19.6608,3.3759,2.4529,24.0913
976.0,0.0,-21.62688,3.7134900000000006,2.4529,26.50043
976.0,1.0,-39.8433,3.3464,4.8694,24.6143
976.0,1.0,-43.82763,3.6810400000000003,4.8694,27.075730000000004
976.0,2.0,-60.0065,-0.1006,7.2832,25.4698
976.0,2.0,-66.00715000000001,-0.11066000000000001,7.2832,28.01678
976.0,3.0,-79.7151,-6.9447,9.666,25.9845
976.0,3.0,-87.68661000000002,-7.639170000000001,9.666,28.582950000000004
976.0,4.0,-98.5451,-17.136,12.13,26.7604
976.0,4.0,-108.39961000000001,-18.849600000000002,12.13,29.436440000000005
977.0,0.0,3.7413,-19.6348,-9.6714,6.0928
977.0,0.0,4.11543,-21.59828,-9.6714,6.702080000000001
977.0,1.0,6.3013,-39.4977,-19.2957,6.4115
977.0,1.0,6.931430000000001,-43.44747,-19.2957,7.052650000000001
977.0,2.0,7.7627,-59.4994,-28.9273,7.4315
977.0,2.0,8.53897,-65.44934,-28.9273,8.17465
977.0,3.0,8.0319,-79.5772,-38.6161,8.0566
977.0,3.0,8.835090000000001,-87.53492000000001,-38.6161,8.862260000000001
977.0,4.0,7.1972,-99.7619,-48.2341,8.5591
977.0,4.0,7.91692,-109.73809,-48.2341,9.415010000000002
978.0,0.0,7.3305,18.6312,-18.7376,9.8075
978.0,0.0,8.063550000000001,20.494320000000002,-18.7376,10.78825
978.0,1.0,12.618,37.9638,-37.475,10.5762
978.0,1.0,13.879800000000001,41.760180000000005,-37.475,11.633820000000002
978.0,2.0,15.8626,57.8287,-56.2685,11.2012
978.0,2.0,17.448860000000003,63.61157,-56.2685,12.321320000000002
978.0,3.0,17.1102,78.1635,-74.9623,11.8809
978.0,3.0,18.82122,85.97985,-74.9623,13.068990000000001
978.0,4.0,16.2243,98.7184,-93.7072,12.4689
978.0,4.0,17.84673,108.59024000000001,-93.7072,13.71579
979.0,0.0,-15.4376,-12.718,-2.4583,17.6088
979.0,0.0,-16.981360000000002,-13.9898,-2.4583,19.36968
979.0,1.0,-31.5388,-24.5998,-4.8797,18.2692
979.0,1.0,-34.69268,-27.05978,-4.8797,20.096120000000003
979.0,2.0,-48.3527,-35.52,-7.3314,18.9536
979.0,2.0,-53.18797,-39.07200000000001,-7.3314,20.84896
979.0,3.0,-65.8528,-45.5053,-9.812,19.5853
979.0,3.0,-72.43808000000001,-50.05583,-9.812,21.543830000000003
979.0,4.0,-83.861,-54.5198,-12.2197,20.1359
979.0,4.0,-92.24710000000002,-59.97178,-12.2197,22.14949
980.0,0.0,18.6201,7.3189,-11.5749,22.5342
980.0,0.0,20.482110000000002,8.050790000000001,-11.5749,24.78762
980.0,1.0,36.7211,15.8942,-23.1228,23.0556
980.0,1.0,40.39321,17.483620000000002,-23.1228,25.36116
980.0,2.0,54.1662,25.7412,-34.7394,23.7414
980.0,2.0,59.582820000000005,28.31532,-34.7394,26.11554
980.0,3.0,70.963,36.8445,-46.256,24.3758
980.0,3.0,78.0593,40.52895,-46.256,26.813380000000006
980.0,4.0,87.1372,49.1428,-57.8317,25.2449
980.0,4.0,95.85092000000002,54.057080000000006,-57.8317,27.769390000000005
981.0,0.0,19.9327,1.6553,-2.4607,8.9023
981.0,0.0,21.925970000000003,1.8208300000000002,-2.4607,9.792530000000001
981.0,1.0,39.7366,4.5882,-4.9351,9.4324
981.0,1.0,43.710260000000005,5.04702,-4.9351,10.37564
981.0,2.0,59.3688,8.7383,-7.4563,10.1187
981.0,2.0,65.30568000000001,9.612130000000002,-7.4563,11.130570000000002
981.0,3.0,78.76,14.0653,-9.9118,10.9487
981.0,3.0,86.63600000000001,15.471830000000002,-9.9118,12.04357
981.0,4.0,97.8497,20.6855,-12.4141,11.7277
981.0,4.0,107.63467000000001,22.754050000000003,-12.4141,12.900470000000002
982.0,0.0,14.7849,13.5331,8.7265,5.2392
982.0,0.0,16.26339,14.88641,8.7265,5.763120000000001
982.0,1.0,33.4245,21.9966,17.4356,5.8159
982.0,1.0,36.76695000000001,24.196260000000002,17.4356,6.39749
982.0,2.0,54.7736,24.4104,26.1174,6.417
982.0,2.0,60.250960000000006,26.85144,26.1174,7.0587
982.0,3.0,77.3415,20.4217,34.8196,7.1593
982.0,3.0,85.07565,22.463870000000004,34.8196,7.875230000000001
982.0,4.0,99.5404,9.6044,43.5364,7.626
982.0,4.0,109.49444000000001,10.56484,43.5364,8.3886
983.0,0.0,-10.0233,17.2746,-120.1265,19.8458
983.0,0.0,-11.025630000000001,19.00206,-120.1265,21.83038
983.0,1.0,-28.7691,27.8418,-240.2761,20.7164
983.0,1.0,-31.646010000000004,30.625980000000002,-240.2761,22.788040000000002
983.0,2.0,-52.8099,28.4394,-360.3598,21.1837
983.0,2.0,-58.09089,31.283340000000003,-360.3598,23.302070000000004
983.0,3.0,-78.079,17.3925,-480.507,21.7112
983.0,3.0,-85.8869,19.13175,-480.507,23.882320000000004
983.0,4.0,-99.8612,-5.6076,-600.6234,22.4987
983.0,4.0,-109.84732000000001,-6.16836,-600.6234,24.74857
984.0,0.0,-3.4612,19.7088,61.5795,9.0644
984.0,0.0,-3.8073200000000003,21.67968,61.5795,9.970839999999999
984.0,1.0,-5.8583,39.5752,123.2081,9.6435
984.0,1.0,-6.44413,43.532720000000005,123.2081,10.607850000000001
984.0,2.0,-7.2098,59.5399,184.8183,10.5079
984.0,2.0,-7.930780000000001,65.49389000000001,184.8183,11.55869
984.0,3.0,-7.363,79.6339,246.3866,11.0615
984.0,3.0,-8.099300000000001,87.59729,246.3866,12.167650000000002
984.0,4.0,-6.4678,99.8043,308.0056,11.7603
984.0,4.0,-7.114580000000001,109.78473000000001,308.0056,12.936330000000002
985.0,0.0,-10.6952,16.8977,67.3217,22.3568
985.0,0.0,-11.76472,18.587470000000003,67.3217,24.592480000000002
985.0,1.0,-22.3165,33.1819,134.6402,22.9559
985.0,1.0,-24.548150000000003,36.50009,134.6402,25.25149
985.0,2.0,-34.8864,48.8557,201.9566,23.9688
985.0,2.0,-38.375040000000006,53.74127,201.9566,26.365680000000005
985.0,3.0,-48.3259,63.7743,269.2592,24.3183
985.0,3.0,-53.15849,70.15173,269.2592,26.750130000000002
985.0,4.0,-62.6223,77.9418,336.531,25.0716
985.0,4.0,-68.88453000000001,85.73598000000001,336.531,27.578760000000003
986.0,0.0,-10.8126,16.8222,-114.6791,11.3731
986.0,0.0,-11.89386,18.50442,-114.6791,12.510410000000002
986.0,1.0,-20.8769,34.1232,-229.3204,12.0026
986.0,1.0,-22.96459,37.53552,-229.3204,13.202860000000001
986.0,2.0,-30.0294,51.9572,-343.9846,12.7458
986.0,2.0,-33.032340000000005,57.15292,-343.9846,14.02038
986.0,3.0,-38.3375,70.2158,-458.6711,13.4131
986.0,3.0,-42.17125,77.23738,-458.6711,14.754410000000002
986.0,4.0,-45.7827,88.9137,-573.3263,14.2277
986.0,4.0,-50.36097,97.80507000000001,-573.3263,15.650470000000002
987.0,0.0,2.2169,19.8988,40.7299,13.2044
987.0,0.0,2.43859,21.888680000000004,40.7299,14.524840000000001
987.0,1.0,0.5217,40.0026,81.5121,13.6077
987.0,1.0,0.5738700000000001,44.002860000000005,81.5121,14.96847
987.0,2.0,-4.941,59.8012,122.221,14.189
987.0,2.0,-5.4351,65.78132000000001,122.221,15.6079
987.0,3.0,-14.3588,78.7065,163.0161,14.8986
987.0,3.0,-15.794680000000001,86.57715000000002,163.0161,16.388460000000002
987.0,4.0,-27.4079,96.1832,203.7188,15.7009
987.0,4.0,-30.148690000000006,105.80152000000001,203.7188,17.27099
988.0,0.0,-11.713,16.2151,21.7057,12.089
988.0,0.0,-12.8843,17.83661,21.7057,13.297900000000002
988.0,1.0,-24.2058,31.8114,43.4182,12.7291
988.0,1.0,-26.62638,34.99254,43.4182,14.002010000000002
988.0,2.0,-37.4504,46.8429,65.1051,13.3771
988.0,2.0,-41.195440000000005,51.527190000000004,65.1051,14.714810000000002
988.0,3.0,-51.4964,61.2569,86.8258,14.1529
988.0,3.0,-56.646040000000006,67.38259000000001,86.8258,15.568190000000001
988.0,4.0,-66.1998,74.9656,108.5529,14.6576
988.0,4.0,-72.81978000000001,82.46216,108.5529,16.12336
989.0,0.0,-5.4092,19.269,-12.0307,9.6066
989.0,0.0,-5.950120000000001,21.195899999999998,-12.0307,10.567260000000001
989.0,1.0,-9.167,38.9406,-24.1137,10.4025
989.0,1.0,-10.0837,42.83466000000001,-24.1137,11.44275
989.0,2.0,-11.2715,58.9076,-36.1434,11.0001
989.0,2.0,-12.39865,64.79836,-36.1434,12.10011
989.0,3.0,-11.752,79.1185,-48.1917,11.627
989.0,3.0,-12.927200000000001,87.03035,-48.1917,12.789700000000002
989.0,4.0,-10.4953,99.4329,-60.2245,12.4524
989.0,4.0,-11.544830000000001,109.37619000000001,-60.2245,13.697640000000002
990.0,0.0,-18.1775,-8.3739,-58.0412,10.0594
990.0,0.0,-19.99525,-9.211290000000002,-58.0412,11.06534
990.0,1.0,-35.6836,-18.102,-116.0413,10.9049
990.0,1.0,-39.251960000000004,-19.912200000000002,-116.0413,11.99539
990.0,2.0,-52.4474,-29.1454,-174.0585,11.4671
990.0,2.0,-57.69214000000001,-32.059940000000005,-174.0585,12.61381
990.0,3.0,-68.3877,-41.5413,-232.0567,12.0034
990.0,3.0,-75.22647,-45.69543,-232.0567,13.20374
990.0,4.0,-83.4105,-55.0746,-290.0659,12.8498
990.0,4.0,-91.75155000000001,-60.58206,-290.0659,14.134780000000001
991.0,0.0,15.3688,12.7761,-114.9772,3.6941
991.0,0.0,16.90568,14.05371,-114.9772,4.063510000000001
991.0,1.0,29.0477,27.5199,-229.8496,4.2174
991.0,1.0,31.95247,30.271890000000003,-229.8496,4.63914
991.0,2.0,40.7628,44.0495,-344.8381,5.0334
991.0,2.0,44.83908,48.45445000000001,-344.8381,5.536740000000001
991.0,3.0,50.387,62.1282,-459.8241,5.5361
991.0,3.0,55.425700000000006,68.34102,-459.8241,6.089710000000001
991.0,4.0,57.7789,81.6337,-574.7737,6.2761
991.0,4.0,63.55679000000001,89.79707000000002,-574.7737,6.90371
992.0,0.0,16.7042,-11.0234,-83.9639,18.7669
992.0,0.0,18.37462,-12.125740000000002,-83.9639,20.64359
992.0,1.0,34.1403,-20.8738,-167.9589,19.3228
992.0,1.0,37.55433000000001,-22.961180000000002,-167.9589,21.255080000000003
992.0,2.0,52.2914,-29.4394,-251.9924,19.7357
992.0,2.0,57.52054000000001,-32.383340000000004,-251.9924,21.709270000000004
992.0,3.0,71.1255,-36.6726,-335.9684,20.5074
992.0,3.0,78.23805000000002,-40.33986000000001,-335.9684,22.55814
992.0,4.0,90.481,-42.5983,-419.9747,21.4716
992.0,4.0,99.5291,-46.85813,-419.9747,23.61876
993.0,0.0,14.8713,13.383,-57.0294,9.9239
993.0,0.0,16.358430000000002,14.7213,-57.0294,10.91629
993.0,1.0,30.3984,25.9841,-114.0454,10.4975
993.0,1.0,33.43824,28.582510000000003,-114.0454,11.547250000000002
993.0,2.0,46.5308,37.8591,-171.05,11.3656
993.0,2.0,51.18388,41.64501,-171.05,12.502160000000002
993.0,3.0,63.2749,48.9258,-228.0534,12.0976
993.0,3.0,69.60239000000001,53.818380000000005,-228.0534,13.307360000000001
993.0,4.0,80.6227,59.1744,-285.1371,12.5588
993.0,4.0,88.68497,65.09184,-285.1371,13.814680000000001
994.0,0.0,6.3946,18.9573,-6.2276,18.4772
994.0,0.0,7.03406,20.85303,-6.2276,20.324920000000002
994.0,1.0,14.3846,37.3216,-12.3914,19.1869
994.0,1.0,15.823060000000002,41.05376,-12.3914,21.105590000000003
994.0,2.0,23.9173,55.0628,-18.6656,20.0588
994.0,2.0,26.309030000000003,60.56908000000001,-18.6656,22.064680000000003
994.0,3.0,34.9227,71.9686,-24.8297,20.6655
994.0,3.0,38.414970000000004,79.16546,-24.8297,22.732050000000005
994.0,4.0,47.3772,88.0738,-31.0451,21.1634
994.0,4.0,52.114920000000005,96.88118000000001,-31.0451,23.27974
995.0,0.0,-4.9732,19.4326,37.3466,11.8639
995.0,0.0,-5.4705200000000005,21.375860000000003,37.3466,13.05029
995.0,1.0,-8.9676,38.9844,74.7034,12.2223
995.0,1.0,-9.86436,42.88284,74.7034,13.444530000000002
995.0,2.0,-12.0339,58.7784,112.071,12.9557
995.0,2.0,-13.23729,64.65624,112.071,14.251270000000002
995.0,3.0,-14.148,78.7461,149.412,13.5798
995.0,3.0,-15.562800000000001,86.62071,149.412,14.937780000000002
995.0,4.0,-15.2601,98.8162,186.7604,14.1596
995.0,4.0,-16.78611,108.69782000000001,186.7604,15.575560000000001
996.0,0.0,-6.4739,18.9001,-2.3425,3.4664
996.0,0.0,-7.121290000000001,20.79011,-2.3425,3.8130400000000004
996.0,1.0,-19.9117,34.6641,-4.6767,4.1782
996.0,1.0,-21.90287,38.13051,-4.6767,4.596020000000001
996.0,2.0,-39.3018,45.3605,-7.0297,4.662
996.0,2.0,-43.23198,49.896550000000005,-7.0297,5.1282000000000005
996.0,3.0,-62.9183,49.3962,-9.4528,5.4367
996.0,3.0,-69.21013,54.335820000000005,-9.4528,5.980370000000001
996.0,4.0,-89.0003,45.589,-11.7155,5.9474
996.0,4.0,-97.90033,50.1479,-11.7155,6.542140000000001
997.0,0.0,18.0949,8.5215,-42.6758,13.9947
997.0,0.0,19.90439,9.37365,-42.6758,15.39417
997.0,1.0,34.0996,20.8902,-85.3823,14.6069
997.0,1.0,37.50956000000001,22.97922,-85.3823,16.06759
997.0,2.0,47.4199,36.7931,-128.0866,15.3405
997.0,2.0,52.16189,40.47241,-128.0866,16.874550000000003
997.0,3.0,57.4167,55.7237,-170.7942,16.1187
997.0,3.0,63.158370000000005,61.29607000000001,-170.7942,17.730570000000004
997.0,4.0,63.6962,77.0887,-213.4845,16.692
997.0,4.0,70.06582,84.79757000000001,-213.4845,18.3612
998.0,0.0,18.9224,-6.4871,91.1715,1.9487
998.0,0.0,20.81464,-7.13581,91.1715,2.1435700000000004
998.0,1.0,38.1986,-11.8471,182.2393,2.6456
998.0,1.0,42.018460000000005,-13.03181,182.2393,2.9101600000000003
998.0,2.0,57.7822,-16.2319,273.3654,3.3307
998.0,2.0,63.56042000000001,-17.85509,273.3654,3.6637700000000004
998.0,3.0,77.5767,-19.4501,364.4717,3.9681
998.0,3.0,85.33437,-21.39511,364.4717,4.364910000000001
998.0,4.0,97.6235,-21.5552,455.6181,4.5867
998.0,4.0,107.38585000000002,-23.710720000000002,455.6181,5.045370000000001
999.0,0.0,-19.2722,-5.3505,47.7196,19.7432
999.0,0.0,-21.199420000000003,-5.885550000000001,47.7196,21.717520000000004
999.0,1.0,-38.8016,-9.7919,95.3235,20.5432
999.0,1.0,-42.681760000000004,-10.771090000000001,95.3235,22.59752
999.0,2.0,-58.5037,-13.1942,143.0372,20.8758
999.0,2.0,-64.35407000000001,-14.513620000000001,143.0372,22.963380000000004
999.0,3.0,-78.4622,-15.5896,190.6898,21.6248
999.0,3.0,-86.30842,-17.148560000000003,190.6898,23.787280000000003
999.0,4.0,-98.5433,-17.0172,238.4186,22.3455
999.0,4.0,-108.39763,-18.71892,238.4186,24.580050000000004
